file_name,label,spectral_centroid,zcr,rms,MFCC_1,MFCC_2,MFCC_3,MFCC_4,MFCC_5,MFCC_6,MFCC_7,MFCC_8,MFCC_9,MFCC_10,MFCC_11,MFCC_12,MFCC_13,MFCC_14,MFCC_15,MFCC_16,MFCC_17,MFCC_18,MFCC_19,MFCC_20
1766-0-0.wav,Animal,3195.685641288323,0.10149468315972222,0.04303048,-390.90213,26.15842,-33.76599,9.771124,17.299381,10.612134,1.7074996,17.410202,9.925244,10.01197,-7.3465533,9.220031,7.037331,5.3810763,-3.2291028,14.574335,5.8640175,1.0424803,1.4590601,7.603073
1766-1-0.wav,Animal,1349.1221545712572,0.06064181857638889,0.11972572,-164.20299,146.18309,-7.3505664,18.943148,-12.121687,2.274197,8.710954,6.7303433,2.407503,6.351452,-1.5022072,1.3717185,3.012767,3.6578364,-0.1623587,0.648856,-0.88486516,1.3737931,-3.3876953,-2.5274115
1766-10-0.wav,Animal,1017.3752052367784,0.04997422960069445,0.077166855,-333.232,160.45036,15.704328,-4.3080525,-8.489619,-13.390849,-6.7192507,-6.782108,-11.338792,-12.665331,-3.3833678,0.9474926,-5.707964,-1.9200071,-1.499015,-2.8069599,2.3187726,3.0668979,0.9469398,-5.8291707
1766-100-0.wav,Animal,504.5972335157249,0.02116111472800926,0.036358733,-469.01263,13.840074,-4.5671053,0.43984744,7.5585823,5.157362,-2.299249,1.4791231,-0.4709148,5.4282136,6.9467564,6.495979,2.1004643,-2.1755395,-3.145462,-2.0583851,1.9903852,0.11879775,-2.7197897,-0.39267382
1766-101-0.wav,Animal,2043.1376661417019,0.1252124927662037,0.021946115,-263.17422,93.858185,-62.927498,-41.31999,-28.224531,-22.609724,-46.10246,-18.030643,-27.978954,-11.825659,-19.606949,-19.701283,-21.951305,-12.044013,-9.357104,-8.736371,-13.3955555,-5.5728707,-3.513938,0.94886935
1766-102-0.wav,Animal,2808.8465543168822,0.1824069552951389,0.058923103,-242.90448,54.845966,-61.907608,-8.392602,-9.8749275,-16.27006,-15.912103,7.380264,-3.4389212,8.732125,-0.12360863,3.0887735,-5.0044246,0.38892943,-0.12245645,-2.552427,-8.838955,5.702576,3.8438108,3.74003
1766-103-0.wav,Animal,396.845779247199,0.018391927083333332,0.040281836,-432.677,43.51379,1.5301727,-11.752681,-12.447463,-7.329834,-10.608199,-5.376727,-1.8652037,-3.8070724,-2.551463,-1.4958826,4.148465,4.6511083,-0.74480397,0.7061109,1.6208205,2.7947683,1.2538165,1.5114683
1766-104-0.wav,Animal,1603.2539406363194,0.07752143012152778,0.009943686,-397.52402,127.213196,-31.20605,10.529132,14.700039,11.696553,-5.061163,4.371423,5.7179174,9.066273,4.863333,2.0064769,-7.2966194,-1.5161862,-3.2283251,0.44677034,-6.5320287,-3.2671392,-3.7176328,2.280448
1766-105-0.wav,Animal,1627.0116774554044,0.0829151294849537,0.10659469,-318.28946,126.2188,-37.24403,-20.91309,-16.748062,-8.773749,-0.4000798,1.5809946,-1.1509858,-4.69734,-7.5053926,-6.789889,-10.641024,-6.6693172,-11.373167,-16.71656,-14.015153,-7.4449215,-6.1730595,-8.573711
1766-106-0.wav,Animal,2040.918400530163,0.07575141059027778,0.05586853,-278.7913,100.24962,7.30598,20.635221,-3.4913127,8.732642,7.707784,4.1771646,6.5927176,5.457828,0.972478,-4.531591,-0.97684664,8.192597,1.8997337,5.7962317,3.769459,1.8409011,-2.443342,0.7483634
1766-107-0.wav,Animal,789.1203179773017,0.06413664641203703,0.13413875,-385.08502,68.35281,-52.08648,-31.86125,0.405337,-11.349462,-6.5932245,-2.13504,-3.8457778,13.897895,12.011316,-4.381144,-6.7519526,-7.480911,-4.039076,0.09433869,-2.7377026,-2.06609,7.0615315,8.834682
1766-108-0.wav,Animal,2038.8082584974893,0.12947817201967593,0.05230722,-241.34636,100.30358,-23.588573,8.328589,-14.0696,-3.8487127,0.89527774,19.2331,-1.5647111,1.6162425,1.6683449,4.2951345,-4.787887,1.7104529,2.1976097,6.718339,1.3287092,5.0442224,0.6374266,5.6167765
1766-109-0.wav,Animal,1021.8049912018143,0.05281349464699074,0.19564165,-140.55135,189.41467,-42.355415,4.3250804,5.887356,-4.957744,1.7687241,-3.215373,-5.9833965,5.9390993,0.9188981,-4.718399,-12.002895,-12.633372,-8.17312,2.606528,8.522546,12.5255575,10.477143,10.35898
1766-11-0.wav,Animal,2004.2406716035885,0.13765914351851852,0.087264664,-141.0226,110.98053,-79.58302,3.2550519,22.480415,35.79129,-12.704618,22.905815,-2.677294,15.720038,12.8317175,-5.06534,-0.48345402,12.540941,-4.9079375,14.074712,-3.0351596,-2.0308156,-6.194862,1.4454036
1766-110-0.wav,Animal,2258.2282324588255,0.16491247106481483,0.18250315,-168.45311,54.352955,-119.449455,-0.35596383,34.35369,18.516436,28.789234,49.45854,14.270948,-10.417884,-8.782523,13.552999,7.158316,0.4178611,-3.738074,6.979522,-2.001392,3.068717,0.2909228,2.318558
1766-111-0.wav,Animal,1271.5014242670431,0.07066062644675926,0.1799342,-166.34486,152.21426,-24.944475,4.513294,-12.807848,5.4645205,-3.1779268,-4.1649885,-13.345604,-5.9952574,1.0640724,3.788736,-9.734442,-14.825456,-9.514541,-3.4637146,-10.4057455,-7.4044056,-10.069584,-6.1837883
1766-112-0.wav,Animal,1329.8945540772697,0.04766393590856482,0.08560017,-207.28262,136.5661,-39.584618,4.5922666,15.968006,6.881823,5.198403,12.232011,14.778464,13.713402,-0.19520807,12.436177,7.64289,7.581083,7.2207212,14.830989,11.031568,7.642152,1.7182994,7.0467677
1766-113-0.wav,Animal,1072.4129563650547,0.052440502025462965,0.2125089,-140.57347,168.80385,-42.961594,3.3887544,-1.4629358,-16.9746,-4.5215898,-10.369581,-15.084503,-9.725232,-7.143021,-12.896016,-14.16639,-10.867799,-10.392131,-6.6831737,-2.8667681,1.9006286,3.6565754,0.55626
1766-114-0.wav,Animal,2095.681246905172,0.1233791775173611,0.043618385,-366.56464,87.0338,-52.555397,-17.818827,-20.579931,-18.930319,-11.901074,-10.340535,-10.1288805,-5.489505,-7.7211285,-3.8166258,-12.389409,-3.125648,-9.937247,-7.495208,-5.7842383,-1.3844665,-2.9731474,-1.1014608
1766-115-0.wav,Animal,1050.5622710657228,0.04507785373263889,0.07131368,-376.8104,130.24585,15.989393,-3.8211076,-0.7148652,19.156576,10.836713,5.508271,-10.429584,-1.1571432,2.615362,5.3189716,15.010302,9.913755,12.991853,6.57096,3.6580703,9.279833,6.258582,3.6529078
1766-116-0.wav,Animal,2011.72377376754,0.1105030201099537,0.035745695,-366.6863,56.844337,-21.692581,-7.238337,0.7392814,1.045564,-4.417175,4.469848,1.1472255,-0.2357651,-1.4141386,-3.7748134,-1.4930409,1.8791193,1.3630531,2.3900778,-1.029697,2.01462,-1.7866197,0.20661488
1766-117-0.wav,Animal,2685.735937642018,0.16282371238425927,0.028908245,-288.87085,79.53964,-29.249971,9.444151,0.37872785,-0.77887017,1.870667,13.519306,-2.0763652,-4.704256,-0.13971908,15.2957535,-0.63229483,5.3126583,-5.949826,0.097614855,2.0618045,2.6142359,-6.719401,-1.2354866
1766-118-0.wav,Animal,1626.8140631320193,0.0814208984375,0.069582574,-381.01947,58.571808,-40.577583,-17.654001,2.1385677,18.2159,-8.887638,6.8276057,4.625617,-0.011425442,19.684319,9.27891,19.620481,4.224461,-5.824899,-6.0807486,1.3294274,5.898346,-0.64973193,5.329554
1766-119-0.wav,Animal,1347.6500547843889,0.09180817780671297,0.18781182,-168.77824,157.80168,-77.90216,-20.354599,-40.73342,-8.833846,21.569351,7.981442,2.8077495,5.8351164,-1.345719,9.41617,24.003262,2.266836,5.9678445,4.954999,-2.0901675,-0.9681539,1.4790252,5.638629
1766-12-0.wav,Animal,2024.7037064492351,0.1155079029224537,0.12624945,-183.64037,85.085556,-70.20169,-16.59972,-51.700947,-14.096757,-0.07713092,-18.800993,-19.670387,-13.67749,-9.686153,1.0363182,-2.2910647,-6.004244,-6.509677,-4.6364,-8.118089,-6.4772215,-10.953509,-5.393358
1766-120-0.wav,Animal,2316.1228961521506,0.13603606047453703,0.028158152,-194.21014,97.21841,-31.48998,23.63411,-12.845935,12.148867,-14.120986,12.678214,7.297693,6.0038166,2.9226642,5.56972,-6.316577,3.9363692,-0.13691704,-1.0075195,-0.28982008,-3.23495,-7.92002,-0.8487301
1766-121-0.wav,Animal,1864.3126293157964,0.09374547887731481,0.06285351,-188.9844,123.800835,-39.25699,22.071037,5.300015,17.25925,1.2639654,10.697512,-14.377959,9.801934,0.12740467,-2.1057827,-11.987451,-10.444075,-0.3116552,4.612095,3.9353247,-3.94782,-7.6542315,-2.9587698
1766-122-0.wav,Animal,945.8957456463737,0.04887107566550926,0.10920505,-348.73892,15.862077,-15.263656,-3.4403713,-11.146923,5.492532,-3.5938818,0.10395302,-0.4613849,0.06366973,-4.2984996,-1.1776862,0.764497,1.5010008,5.5174804,4.2611866,1.4873717,-2.8575683,-4.130209,-0.69098735
1766-123-0.wav,Animal,1884.0088975210954,0.11107268156828703,0.13453934,-206.72932,97.99076,-55.206585,-2.7887561,-5.1591573,-4.2359605,6.8745556,7.824706,-1.4188266,6.0733585,8.933168,11.219621,4.4644527,-5.288512,-7.972861,-1.2393222,-3.0131717,-1.8141143,-3.1644266,2.3155696
1766-124-0.wav,Animal,1313.017124553092,0.06089048032407408,0.09624668,-214.71272,158.99432,-27.578394,-0.024100833,-19.803345,-6.981479,1.8745558,-2.346996,-5.3467503,-5.832627,-10.041915,-10.67928,-11.1923895,-12.54082,-12.464255,-4.43523,-8.792971,-9.097044,-8.611494,-0.80463654
1766-125-0.wav,Animal,663.7553508863717,0.030137803819444444,0.09205785,-264.6101,192.40408,-7.4921613,34.66892,13.882476,2.5188715,15.094916,-0.565383,6.910233,8.331425,4.034945,6.7268667,0.5856308,1.9715081,-1.2280192,-0.30386758,0.7357079,-3.0809693,-1.8710319,1.3731
1766-126-0.wav,Animal,1267.5739696704895,0.052460847077546294,0.04478336,-359.66232,88.807526,10.355836,-6.3635774,-16.743477,-18.603596,-3.4912753,-11.914449,-9.684615,3.5725782,-1.6943636,2.4677362,2.39679,7.8418307,5.281267,-1.0607058,-3.5044172,-0.13784696,-3.971342,-0.53891516
1766-127-0.wav,Animal,1039.1953628598128,0.06643111617476852,0.04878859,-389.54153,44.198215,-15.511983,9.668291,-14.034598,1.7275038,1.5807637,8.674491,4.5945096,1.6892774,1.9846957,2.4883893,-0.29123688,1.7539614,1.2405487,3.2137363,-1.054708,-0.42398533,1.9792045,0.23115288
1766-128-0.wav,Animal,1066.7506732898926,0.09389241536458333,0.06563102,-347.1282,75.13531,-49.248478,4.516851,7.8373876,-9.901416,4.253979,-0.83744377,5.341598,8.900722,-5.0510006,4.6442585,5.245559,-8.261409,0.36202565,1.9877821,-0.77846044,2.3352964,-2.5500128,3.7064416
1766-129-0.wav,Animal,1556.7283724941342,0.08077437789351852,0.11823844,-349.29,20.235794,-28.050648,-13.114118,-2.1247995,1.4150041,-7.366541,-6.654314,10.87806,10.807863,22.38788,12.436652,-2.289706,-3.5368533,-3.1493044,2.0412548,-1.3200294,-4.453024,-1.0308369,15.577285
1766-13-0.wav,Animal,2385.976405248425,0.16975685402199073,0.050868195,-219.2282,79.760124,-78.16287,43.82745,5.618012,-7.8840184,-9.280546,-2.7087753,-5.1060944,-0.58163595,1.6495246,-3.540417,-10.897747,-8.370544,-9.054721,-6.8546796,-14.431843,-7.16315,-8.826333,-3.97376
1766-130-0.wav,Animal,1360.2899315810257,0.07464599609375,0.054309137,-320.1179,141.98561,-47.597946,-60.5068,-36.370758,-26.38951,-18.993088,-10.433289,-19.037218,3.4863813,12.21258,9.417619,4.709338,10.914488,2.1753497,-9.20309,-7.2791195,-2.29424,-9.488715,-5.226159
1766-131-0.wav,Animal,1979.0575889553622,0.13360595703125,0.09619877,-173.96805,123.25478,-92.95978,19.53111,0.1481687,-1.1059299,17.78108,-11.915935,9.33164,-0.07362705,-10.060357,8.198742,0.7344028,5.483276,4.7585454,16.296791,9.2478075,14.964616,5.03675,9.686399
1766-132-0.wav,Animal,2019.3907760400082,0.0983570240162037,0.008461987,-397.06302,116.54955,-28.80309,7.163104,-0.64848435,-4.403712,-9.403256,7.9239206,6.5413513,-0.86586523,-2.4707608,7.377437,-10.273608,-8.869932,-6.2899513,-2.5187588,-8.636353,-4.2028546,-6.459302,-1.581209
1766-133-0.wav,Animal,2249.819702157878,0.09677915219907407,0.026180025,-351.80856,64.23607,2.2375422,-8.224875,-13.012483,-17.251278,-4.557908,10.272191,11.849675,11.270095,8.740733,3.4831119,-0.419095,-3.0025206,-1.9349,-0.67385495,-2.7713125,2.0578291,6.2808228,2.9574559
1766-134-0.wav,Animal,2010.8248137679243,0.13343189380787038,0.03384587,-246.47838,114.96589,-64.62969,47.55966,12.7611,-3.6094663,14.972159,8.968738,0.015126475,1.5232996,-8.483539,4.979847,2.1274674,-6.323432,-7.2673044,1.6517088,-5.932504,-6.421319,-10.075802,-4.1553664
1766-135-0.wav,Animal,1118.0273529873546,0.03884096498842592,0.009355235,-498.42105,123.42784,-17.572025,28.88346,2.8241322,10.670028,6.8449574,15.78725,10.230421,20.799109,9.28466,9.097993,8.973847,7.3914514,2.6065826,5.1800547,-0.7962374,6.5895104,2.989047,1.8230656
1766-136-0.wav,Animal,1465.5727237433225,0.07883255570023148,0.04601315,-273.2726,135.1251,-16.99797,3.8409078,-9.7649765,5.6580696,11.638048,22.557255,8.6356,-0.21635233,1.8116121,17.90644,4.3342257,-3.5236127,-2.7387905,4.63852,-7.3492694,-1.8485113,-6.711081,-7.444591
1766-137-0.wav,Animal,2030.7725798267186,0.14561179832175927,0.018627873,-523.5407,20.090914,-33.26695,-12.931507,8.728627,14.925639,-10.719691,3.119513,8.547914,23.409164,7.3206663,1.740528,6.155062,-8.954276,-9.970695,8.047431,-1.7277547,-0.79108685,0.00829446,0.9283867
1766-138-0.wav,Animal,2022.3949223990999,0.07731797960069445,0.065609284,-277.6223,75.17382,-48.796017,52.07961,25.092394,6.2764544,37.048004,34.552853,-19.1446,0.41324162,41.668674,20.530495,-12.818116,12.196406,12.357105,3.2507646,9.594895,16.320267,-3.2915206,8.689921
1766-139-0.wav,Animal,1112.1277662161333,0.04769106264467592,0.17208976,-198.10344,146.5909,-3.1633573,-11.188409,-6.209079,3.1299489,-9.151031,1.9079547,-1.1208062,2.9833782,-0.18601948,6.484358,4.315351,5.4093943,7.548775,17.217916,14.148202,5.1828127,1.0187649,5.954122
1766-14-0.wav,Animal,3437.3127540520345,0.1545071072048611,0.0060886773,-403.19144,61.3461,19.98519,7.99008,14.496067,6.179217,-1.2612785,6.3476214,12.112017,3.573559,-10.727454,0.8184838,-8.4821,-0.28451133,-1.3878728,4.8311543,0.56192756,1.3641744,-4.177295,0.5303698
1766-140-0.wav,Animal,2907.625551400259,0.2489601417824074,0.098539546,-208.52228,49.25833,-34.781235,9.195898,-25.7703,-6.655833,-17.365658,31.974533,-18.401035,2.6180918,2.793123,-15.811312,-5.0165954,-13.03268,-0.60010254,-8.101936,1.476789,2.8150592,-10.171013,7.446228
1766-141-0.wav,Animal,1572.4892688013063,0.07215033637152778,0.1392065,-149.49342,131.19093,-31.429838,15.300407,-5.942679,7.7181125,-15.345461,-4.0896993,-14.09018,-14.800836,-11.253106,-4.708687,-6.9539433,-2.3489974,-14.014649,-3.4853098,-6.2149997,-1.0057214,-6.890055,-13.063168
1766-142-0.wav,Animal,760.9900136964703,0.020209418402777776,0.13039383,-267.7692,152.51927,-11.840997,14.355957,32.763046,43.79681,21.018679,15.671778,12.858324,10.106902,9.02288,8.267388,9.8419075,2.6493418,1.3120519,5.1588464,-0.3539987,0.7342517,6.3972163,0.5471394
1766-143-0.wav,Animal,3483.4821019021124,0.2653763382523148,0.037927527,-285.28488,-7.457149,-93.92042,-8.803241,-21.82975,12.95886,-24.186022,-11.740495,-15.993282,-4.3392615,-17.365171,-15.871022,-10.838208,-6.7606354,-8.135176,0.6148375,-4.8988223,-7.0002003,-7.071471,1.6893935
1766-144-0.wav,Animal,2024.6702518402283,0.09829146773726852,0.018027186,-395.1297,94.340195,1.1705984,37.075886,11.877191,10.320336,3.4946835,3.9474351,5.265527,13.352995,3.2187738,5.147152,-0.7792214,-0.124905124,4.2254324,6.933001,0.9025994,-1.7436436,6.379859,10.641126
1766-145-0.wav,Animal,2148.6742203099843,0.10201461226851852,0.06712551,-329.58804,86.31872,-4.510876,-14.6400385,-2.648515,8.97093,-11.453375,-0.5277865,-5.9723263,-2.3501506,2.7073233,-1.5037506,4.8936405,4.4931836,-12.656708,-5.172286,-5.006802,-0.5656686,5.8295684,-2.9223888
1766-146-0.wav,Animal,2221.185205324457,0.04115577980324074,0.06700434,-216.19936,84.80147,29.590126,24.029984,7.892559,22.300339,14.8685665,2.2984226,15.473351,2.37795,6.1691546,13.006019,0.41144577,11.030898,4.532704,1.3055036,5.292654,1.3188295,-3.0249417,2.970908
1766-147-0.wav,Animal,2537.015419243809,0.0850830078125,0.04905793,-203.4661,80.48045,27.35538,23.03986,-0.9615665,21.733452,17.519787,-3.8140247,17.71182,-2.0893788,-0.9564324,18.065178,-3.4696994,11.616633,8.433001,-1.6059531,7.1355963,2.7219913,-8.697677,3.5040529
1766-148-0.wav,Animal,2493.92263048642,0.14775028935185186,0.041140553,-378.678,68.423546,-17.83459,-11.202262,-18.735348,-13.923847,-11.454645,-7.635865,-4.674848,-3.8359723,-2.8995123,-0.86306053,-7.138956,-4.961871,-5.9118686,-3.6038284,-6.679,-4.4066586,-4.5625296,-3.8797667
1766-149-0.wav,Animal,3070.942796433807,0.21246337890625,0.14576185,-122.21149,47.346317,-52.10896,4.6228304,-7.0344768,17.375488,-19.614397,5.4607487,-5.542986,5.183978,1.9519523,-3.5245771,-11.725313,8.065677,-9.169713,6.74339,-5.0266905,-4.0832715,-3.7055562,-0.5651429
1766-15-0.wav,Animal,1893.9199426236432,0.12013075086805555,0.039537933,-383.26004,29.248417,-23.670712,-2.0893095,-8.841155,-0.4888572,-8.426263,1.1778437,-1.3843299,4.356799,0.42155492,-2.7114727,-3.2964814,2.3937838,-2.0030394,-4.8552136,1.3134214,3.1375818,1.7726735,4.398663
1766-150-0.wav,Animal,1344.3664678804626,0.10498046875,0.058602236,-405.0486,66.96356,-93.73316,-32.197105,18.992662,-0.7273342,9.900315,-1.9347147,-26.286194,-9.476521,-2.1093745,-4.1232767,9.163491,4.9820457,-2.3264973,6.2244205,4.164597,-0.60823596,3.18228,0.98465544
1766-151-0.wav,Animal,1692.073540363031,0.08079698350694445,0.12671944,-226.96036,126.91157,-22.17839,-9.408023,-22.2828,-7.686868,2.512098,4.0360827,-2.1423438,4.6391835,-1.450677,-3.0851269,-1.3366748,0.05850572,-1.4713911,0.011257065,-5.6614785,4.0547123,-3.9639254,-2.267432
1766-152-0.wav,Animal,2141.0788918852463,0.1420830620659722,0.22068475,-44.684406,100.64594,-73.452576,16.70407,-12.680658,-4.3728657,-17.745665,9.137816,-0.3402928,13.843199,3.411678,0.22002764,-6.410844,-1.4913678,-9.530719,-3.0697515,-13.772741,-10.831382,-8.008364,-0.37613264
1766-153-0.wav,Animal,2538.121616847062,0.13991066261574073,0.24973314,-294.473,10.553253,-24.540634,-21.879915,-7.2637353,6.710146,-14.4779825,-7.1016417,-7.2392955,19.66112,15.685596,5.203074,-3.9324026,-3.4144988,-0.49425343,0.31095365,-2.5998073,-2.9105597,2.36962,20.765442
1766-154-0.wav,Animal,1629.0916915850448,0.06879792390046297,0.06677772,-401.8148,53.149216,-19.892542,-16.875696,-10.47021,1.9686358,-5.798216,-8.087783,-3.9747317,-1.1156992,6.8039,10.4901085,5.552677,7.3572316,3.9986696,1.4792154,-4.0873456,-2.8290823,-3.2150326,-3.949708
1766-155-0.wav,Animal,2751.934636876168,0.15108009620949073,0.033755407,-325.16425,77.718155,-11.23186,6.5016108,-1.4209206,5.773934,-3.4951391,5.9428124,-0.006328159,9.813173,4.453737,-2.0297172,-3.5713909,0.6733319,1.0369313,4.757309,-0.06379188,2.3890946,-0.9627996,7.4391594
1766-156-0.wav,Animal,3965.0007749354795,0.2767627857349537,0.061334,-164.9467,26.51692,3.9866154,30.780333,-9.407386,32.14694,6.5216336,3.1377246,2.6169307,10.971088,-5.3705173,2.293548,6.2487965,6.640922,-8.922609,-5.620139,-15.116166,2.5248773,-6.2369113,-3.692462
1766-157-0.wav,Animal,1844.37267058356,0.10056785300925926,0.0734887,-149.7284,113.78994,-51.78259,3.771995,16.887354,22.241976,-12.079144,17.815603,-4.257125,15.587642,17.68559,6.7117763,1.5391291,6.5380883,-1.6227334,8.461037,2.6566372,8.61104,3.4209232,9.5637865
1766-158-0.wav,Animal,2159.7956939987857,0.17326298466435186,0.106122315,-128.18127,99.31362,-102.54174,20.690845,27.14669,20.824202,-8.403429,30.021696,-4.9910574,3.2922823,-2.681937,-1.6442696,-1.8221154,-1.7663888,2.3834848,-3.6553035,-6.2161517,-3.2289016,-1.8829879,0.67916006
1766-159-0.wav,Animal,2119.652086849647,0.1013477466724537,0.04859186,-182.11682,102.96441,-22.55387,7.979959,-21.136961,-1.2621646,-5.7434773,-0.89999336,-10.934975,-8.396837,-11.328248,-8.44402,-14.84176,-7.8226085,-11.459608,-6.5017,-10.466759,-5.7146893,-9.378203,-5.7655005
1766-16-0.wav,Animal,2852.597359835612,0.13072600188078703,0.002818182,-441.31677,73.37282,2.099735,19.32633,5.64674,11.492475,4.5725036,6.2533236,-3.670481,-1.5160903,-5.6603336,0.3700126,-2.4948795,2.8100114,-6.7961698,-4.441973,-11.344389,-0.96540695,-2.9308274,1.411379
1766-160-0.wav,Animal,1350.2319768494478,0.09264910662615741,0.07490434,-357.93893,107.171135,-39.75674,-54.33033,-32.389923,-10.776832,1.4087518,-3.1646242,4.989026,3.0052998,3.1824875,-0.5860705,0.6611456,-6.0962706,-6.39289,-2.6060853,-8.298637,-3.4569683,-4.7781744,0.85986286
1766-161-0.wav,Animal,1157.197668595008,0.055713794849537035,0.012549851,-479.79108,136.61856,25.801992,-4.5817504,-31.112558,2.6473346,-2.311955,6.4484134,-6.209875,4.7455287,-10.540869,-2.4981556,0.7399008,-2.3445418,2.2918885,-2.8736088,7.617573,14.41487,9.447285,15.250886
1766-162-0.wav,Animal,1582.6236129422641,0.054445619936342594,0.022448853,-325.66617,117.32087,-23.76237,42.275932,3.6075647,18.377108,2.1121144,4.184527,0.3222539,11.584098,4.295133,9.058186,1.4326246,5.4726815,3.626935,7.8903694,2.03657,2.355306,1.8759315,2.1475613
1766-163-0.wav,Animal,2095.719259918324,0.13460286458333334,0.09946429,-313.59216,72.614044,-78.31581,-4.5364223,41.568882,4.401243,21.47455,46.28052,28.708876,-3.1772156,-19.899593,25.006136,11.370942,-4.6915374,-10.932522,18.883522,0.3560434,2.1605206,1.9058948,8.37635
1766-164-0.wav,Animal,2315.980520833579,0.1400417751736111,0.027158525,-498.49252,38.597286,-72.86905,-49.7596,-11.20303,2.1649833,-15.391399,-4.2333994,-12.027417,-4.624265,1.3920555,-3.50101,-3.080147,6.3657317,-2.0036952,-4.095706,-2.0614805,0.50534004,-3.694311,0.67106825
1766-165-0.wav,Animal,1901.5215095070603,0.11590124059606481,0.0508334,-404.07892,25.170525,-37.079285,-18.3127,-7.467016,6.354859,-2.8282008,5.851178,-1.5900445,-1.6890649,-2.3657007,-4.775871,-5.37196,-2.518236,-5.3751063,-0.52843213,3.8533785,3.7881851,-0.5613121,-7.1377983
1766-166-0.wav,Animal,1627.8045484360018,0.09620723017939815,0.03504467,-215.31563,140.17351,-48.03122,33.99802,0.5193233,2.341715,-3.2785819,16.163784,6.4852104,15.155013,1.023697,7.0567513,-0.7944695,2.3213499,1.4608353,4.714214,-4.0481453,-2.575559,-2.8954341,2.2247345
1766-167-0.wav,Animal,4672.382079058105,0.3682725694444444,0.030618122,-185.41995,6.0274053,-3.86275,5.6149526,-13.569582,-5.536027,-27.659437,3.6886716,-6.714562,-1.1899585,-4.3173256,-0.7301205,-5.318283,-7.7217326,-10.588288,-4.8808327,-13.825967,-6.061215,-8.0021925,3.0939488
1766-168-0.wav,Animal,3776.112523419641,0.22879593460648148,0.024110345,-307.3676,36.383507,-13.526994,-8.359239,-22.070023,-10.771313,-15.918606,-13.236622,-16.37822,-12.714048,-12.305131,-7.140604,-11.155884,-8.425623,-10.03142,-2.8799586,-4.942505,-4.6028976,-6.266458,-2.002398
1766-169-0.wav,Animal,2050.891632397188,0.08994999638310185,0.053727943,-330.16977,72.05455,-6.2748237,-4.127641,11.936924,1.9026738,-8.71595,-6.3242736,-8.346754,-4.706747,5.260935,12.133655,15.73903,11.868687,3.137709,-3.5665329,-7.101569,3.6940975,-0.8989592,-8.761932
1766-17-0.wav,Animal,982.6903763770123,0.051751030815972224,0.040721342,-441.61465,0.32089698,-45.9919,-24.222887,-8.045385,-13.7227335,1.647693,2.6315768,0.31947848,13.019521,2.268414,9.215438,-2.8807797,-7.6846395,2.0221472,1.9008344,-1.02737,1.8469893,1.790793,0.78380275
1766-170-0.wav,Animal,1993.8235663026446,0.0915233470775463,0.06346654,-188.83499,108.2534,-17.610159,14.378696,-16.703714,-4.7374845,-7.1186633,-2.495761,-11.834029,-8.549685,-8.130856,-6.6670475,-10.97647,-9.709258,-12.810696,-9.030974,-10.85622,-9.892652,-8.287669,-6.4115252
1766-171-0.wav,Animal,365.4196626291973,0.010588469328703705,0.20327622,-317.41388,51.530388,-9.627211,3.5664487,-0.12596913,0.19648789,-2.8047178,1.197267,0.3700647,1.0971718,0.44588712,0.9392318,-1.6721354,-0.60408443,-1.8413106,-2.786597,-3.6269224,-1.398731,-1.9321512,-2.6120777
1766-172-0.wav,Animal,2452.380370442677,0.12271683304398148,0.024775922,-242.1585,93.955986,-4.6148067,15.918628,-7.940505,19.185295,-6.3153505,4.2857075,-6.86589,-0.7310356,-9.091964,-2.5068843,-7.321774,2.2970016,-3.8959212,1.2467453,-3.3986804,3.4104767,-5.5486155,-0.44178963
1766-173-0.wav,Animal,1665.695022583171,0.09305374710648148,0.030468455,-328.55154,107.56621,-20.005928,-0.71702844,-17.97561,6.9505706,8.3761215,3.4748533,-17.020866,15.788002,-0.5658569,-1.1790409,2.4013624,-2.8967524,1.6493423,4.320265,10.651613,3.8584,6.571667,-0.36633217
1766-174-0.wav,Animal,2482.945105566809,0.11348696108217593,0.01890802,-249.1926,86.78798,-9.686308,11.607512,5.5645375,20.628658,2.2091315,-1.4079978,-4.6542935,-2.7406483,-3.6765826,8.351317,1.3230889,3.7093976,2.4695666,1.3636873,-1.3596243,2.4569821,-3.1531255,-1.1022458
1766-175-0.wav,Animal,2244.523873038276,0.10731110749421297,0.03740482,-429.82712,26.431213,-7.5137367,-15.799919,-5.4436283,14.658632,-6.2488475,-13.672613,5.388117,11.638104,11.6558485,5.55826,3.319857,6.368772,0.3589979,-0.18243854,3.6186252,3.3256958,1.6732262,3.0851123
1766-176-0.wav,Animal,1970.1844833449588,0.10607005931712964,0.049816255,-310.0858,82.098434,-37.27141,16.520603,29.313034,-2.321766,3.5615966,16.158724,2.1675358,-1.0018386,4.600201,9.03986,13.844576,16.557882,-0.6688247,-10.798905,-10.07749,5.0908213,3.2268198,-1.0543461
1766-177-0.wav,Animal,1245.517216544165,0.06538447627314815,0.025398467,-420.81467,155.40173,-24.220543,-18.88304,5.6614323,12.32961,18.793419,-3.0469615,-4.456819,4.6823773,1.4814628,3.346913,1.6331686,-0.4249414,0.36079443,7.3142643,5.2777157,5.80937,3.8105896,4.3817573
1766-178-0.wav,Animal,1708.9548439210155,0.04499195240162037,0.05296986,-219.38503,105.07728,9.74157,21.237078,17.929289,18.560976,4.9242578,6.4083385,1.119006,6.513892,2.8676753,3.6086857,-3.9853652,-2.6070144,-8.231547,-5.6965065,-10.936788,-8.724132,-13.287677,-7.5370784
1766-179-0.wav,Animal,2711.5295635660914,0.17748571325231483,0.008493131,-464.11887,93.26061,23.260328,7.2096057,1.3871139,-3.2052007,-10.37716,-2.6093457,-3.75319,-1.0654025,0.1105516,7.713457,2.3493505,3.9192183,-0.5185424,2.9633183,-4.6486626,-1.333223,-3.5237045,0.0641513
1766-18-0.wav,Animal,1717.8223367876226,0.07379602502893519,0.101637505,-383.49704,48.99981,-10.565884,-33.012302,-5.3778534,-7.2397165,-21.127989,-8.984113,-8.194878,0.18271609,6.421121,-0.6091992,-4.289959,-1.2856163,-15.603105,-13.891512,-6.3785677,-6.5977416,-11.217653,-1.9020928
1766-180-0.wav,Animal,2358.4470651901215,0.13359239366319445,0.079577096,-148.1177,76.680534,-48.753708,-40.3305,-38.795094,-6.9773254,-30.409084,-34.59999,-22.895742,-22.915476,-20.083961,-16.421103,-22.544853,-10.034641,-11.084047,-5.1303625,-12.8323345,-10.041014,-8.864978,1.645425
1766-181-0.wav,Animal,1828.3057306745002,0.12464735243055555,0.13275762,-312.9298,116.63773,-8.086896,1.1868513,-19.189651,-1.8059806,-5.4213753,-11.519393,4.3301444,-5.2405825,-16.17409,-8.520086,-14.754983,-4.6831455,-0.5587619,-6.1128087,0.6800362,-7.5837197,-11.390978,-5.965696
1766-182-0.wav,Animal,1086.9169709644343,0.06760886863425926,0.066688485,-364.81955,43.064064,-33.36459,0.5745227,12.127306,16.698332,-5.7298007,12.787531,0.8166993,8.100636,3.2099588,-1.1785929,2.686009,7.2105927,-2.206954,-0.6130653,-3.5637164,2.3953815,2.8707442,6.5374746
1766-183-0.wav,Animal,1344.8590379620098,0.043093080873842594,0.2775595,-114.812935,118.20763,-36.203033,10.941598,-4.122797,52.248,12.545611,7.5153785,2.5661771,14.182581,20.722404,12.271108,11.572886,2.5967283,2.601227,8.73635,4.835447,6.521032,1.329947,6.157601
1766-184-0.wav,Animal,1604.1351377815406,0.08257830584490741,0.08968779,-377.6901,60.67444,-34.897312,-10.163549,-14.074892,-6.790655,-7.1775036,-5.008663,-4.8478475,4.498014,18.208084,17.769386,11.289565,-2.7518039,-10.977944,-0.1767085,-4.817635,-4.7155356,-8.996064,2.4540694
1766-185-0.wav,Animal,1980.4304512053316,0.14931459780092593,0.06818024,-351.60437,53.043503,-118.57134,-54.29189,0.102345504,-3.707906,-21.46227,-5.3628144,-11.417207,3.384262,1.8537703,-11.674104,-7.2451215,1.464038,-6.2638288,2.8443882,6.562177,1.3064183,-5.057052,4.401623
1766-186-0.wav,Animal,1903.8611800526876,0.08274106626157407,0.1411308,-144.04189,118.75768,-9.178332,28.783815,-12.054907,2.6584272,2.772003,-1.0627518,2.2651415,0.2562821,3.210235,7.0015416,-1.7851335,4.949463,-2.3757002,2.96722,0.67186815,-3.1713145,0.6840714,3.0786128
1766-187-0.wav,Animal,2174.72672902452,0.12499773943865741,0.024641158,-490.99805,5.2344413,-30.011051,8.476828,-1.9385937,12.135106,8.100347,-0.12802774,0.1623165,1.3734893,2.5893939,1.4441918,-2.6522853,-0.28229564,-0.27116942,2.766558,0.3011688,1.1720773,-1.2932302,0.1900479
1766-188-0.wav,Animal,1775.3373119020694,0.08159044053819445,0.04761422,-309.9273,115.92442,-22.702845,23.853258,-11.019855,11.234392,6.056113,3.3303573,-4.485855,3.355057,-1.2031598,1.9548478,2.6243525,4.801052,4.329863,-5.1285434,-4.669025,0.8966527,1.5816648,1.2698766
1766-189-0.wav,Animal,1583.4987854218123,0.08331298828125,0.059337758,-346.97464,125.883484,-24.960318,-25.18678,-12.869745,4.583525,14.780987,2.5655997,-4.6865597,7.490003,6.4880867,16.611464,15.871541,5.006869,-3.240245,-5.1789913,-5.3622184,-5.412433,-3.4036815,-1.7265596
1766-19-0.wav,Animal,2040.5155463051083,0.08066587094907407,0.100614026,-143.52223,109.06136,-4.6105976,13.3104,7.342374,15.00315,2.2382786,1.9946821,-3.0125685,10.389596,-0.8669795,6.4152064,1.3889526,3.4849992,-0.6591787,1.9121145,-3.2618222,-2.243858,-6.383008,0.43183658
1766-190-0.wav,Animal,2287.844512530157,0.14888735170717593,0.0097583,-443.04138,108.159195,30.489382,6.7723804,-0.87398636,-3.4848173,-7.6400247,-0.022742024,-3.67925,-0.41050225,-2.5013537,3.6007366,-2.920431,0.85058314,-3.2249095,-1.6813767,-7.972667,-3.417282,-4.598894,-0.087449946
1766-191-0.wav,Animal,1475.259430410086,0.12522379557291666,0.010803373,-630.6891,34.252842,-6.631414,-6.128552,-11.050729,31.623901,-13.916406,9.57064,1.0824094,8.249067,2.543102,-15.046937,2.5120509,10.187787,-0.5293458,-5.26397,4.9604287,2.9902449,-13.969661,-0.47115824
1766-192-0.wav,Animal,972.293881676041,0.06526918764467593,0.09120994,-396.62268,41.080124,-31.06027,-15.317828,-2.066281,-2.5225399,-13.570152,-4.143368,3.18242,9.107365,-3.507814,-8.141369,-3.5072112,-7.539123,-0.4920762,-1.8820447,-5.921778,-0.3205591,-1.055722,-3.5282574
1766-193-0.wav,Animal,1762.444959248811,0.11141402633101852,0.0928773,-145.16718,115.44601,-73.820335,3.1639252,18.071657,43.22554,-1.4488282,7.255564,-0.046262316,15.901555,8.920096,2.6486318,7.592343,3.9003603,-2.7871852,9.943208,3.8007689,2.352354,-0.46508774,3.4422886
1766-194-0.wav,Animal,1664.5138755162177,0.046284993489583336,0.13192089,-279.60513,70.18983,-49.80999,54.621918,31.439486,10.065662,43.889095,32.597412,-18.61204,-0.8697022,45.26692,24.259865,-9.444832,9.703324,16.555359,5.1870794,10.175459,14.213474,-1.5200104,5.6334095
1766-195-0.wav,Animal,911.53769629495,0.05905942563657408,0.076656885,-376.15067,49.80737,-16.183733,-13.231498,-10.225203,1.7393214,-12.414673,-4.3185315,-5.796287,5.0365467,3.2309153,-5.2634287,-9.122096,-3.4092097,-4.8279233,-0.3416943,-6.897704,-4.052148,1.4794562,1.1213295
1766-196-0.wav,Animal,2812.663014246567,0.2229275173611111,0.046485677,-498.06192,7.6990185,-45.30347,-25.130486,17.22325,-6.320196,-19.569197,-2.5758076,29.075624,21.12649,-2.523696,-19.441216,-0.31252092,-9.998132,1.1390673,11.210344,-4.2448025,7.1010165,-1.3062823,-4.5232515
1766-197-0.wav,Animal,562.3823392843817,0.03143310546875,0.12866457,-338.16183,56.495464,-17.762003,-3.306161,-5.2953544,0.54943633,-1.9827415,3.4516597,-1.3294339,-3.2064068,-3.0213466,2.8934116,1.329035,-0.08320298,-2.0418432,-1.7834134,-3.5855672,-1.4942217,-1.6164836,2.176298
1766-198-0.wav,Animal,1158.6020663969434,0.014022262008101851,0.2602681,-167.80873,97.40694,25.378698,29.077414,16.792131,24.728796,13.4388,23.244312,11.88722,13.048109,3.9910007,10.020682,6.3043222,11.720924,9.397658,10.429565,5.2661915,6.2010617,1.7820442,3.3171535
1766-199-0.wav,Animal,1883.8383673291569,0.06522849754050926,0.08849802,-408.82733,44.17369,-10.6185055,4.641906,22.893314,15.581532,-3.3549652,11.850676,1.2004371,15.371142,15.880237,14.880568,6.8706875,-1.0688363,-0.58994013,-4.5815916,-0.27556053,-0.11010537,-0.5766815,1.3926448
1766-2-0.wav,Animal,985.6749798330806,0.06045871310763889,0.055224173,-416.6107,30.90366,-55.772625,-14.09229,-14.275054,-11.005034,6.0523143,11.567058,13.57479,13.993205,2.1494627,-0.41925016,-1.798359,-5.302705,-1.597125,0.6424169,2.9816885,-0.06532119,-6.991947,-2.985548
1766-20-0.wav,Animal,1464.3938049764818,0.08026575159143519,0.078015506,-374.49466,74.11856,-10.29489,-26.86865,-23.845716,-7.5011373,-19.292463,-8.510765,-4.0160933,-6.5824237,-7.0300837,-8.003507,-1.6008507,-1.392581,-2.5791643,4.313411,10.332479,6.436421,2.1546493,-0.12024404
1766-200-0.wav,Animal,2073.6560130326566,0.14876528139467593,0.14201903,-109.58248,95.481346,-87.15245,6.9028864,29.522326,36.777008,-10.584978,24.486752,0.98777884,15.658531,2.9181693,-1.9749761,7.2680764,7.9796047,-9.701231,5.631788,1.9729491,8.165363,-0.53715175,9.060471
1766-201-0.wav,Animal,980.6948771145753,0.04215268735532408,0.08179249,-238.3427,169.80917,-19.935732,2.201152,10.974388,6.3723216,12.200314,14.733073,8.419974,1.1772102,-0.41329673,0.94813526,-2.930796,1.9905092,-1.3298755,-3.290058,-6.3504004,0.5185263,-5.685377,-2.8921106
1766-202-0.wav,Animal,3280.5137245637457,0.24818024811921297,0.22545265,-53.749966,21.762215,-60.264763,43.466343,-7.3468304,6.5163937,-4.8595796,9.887855,-4.7977514,6.5934744,2.6156757,-5.3950753,-0.9178777,3.9719617,-6.4497356,1.7199264,2.2298784,5.6280456,-2.295463,3.698981
1766-203-0.wav,Animal,2383.7039198621974,0.17772081163194445,0.013408996,-377.15356,87.637726,-29.769178,17.657852,-29.716478,-3.7053466,17.624277,2.0525188,-2.1403816,4.1421537,-5.545682,-0.8976672,6.8667603,4.006903,-3.3169587,-1.5463884,-0.14481217,-0.8332741,-4.9729586,-0.52853155
1766-204-0.wav,Animal,1818.5410467457361,0.0828518337673611,0.005104823,-443.99734,121.80211,-34.007442,15.221466,12.984144,-5.364103,-6.1009154,-0.8025031,-8.264733,-0.7764779,4.1254005,7.3072696,-7.62493,-4.56822,-1.9616218,0.20408443,-12.272438,-11.05537,-13.551695,-2.4274044
1766-205-0.wav,Animal,531.7796026119624,0.030492711950231483,0.13963342,-337.47388,53.182003,-16.006628,-4.134953,-4.1559896,-2.91772,-2.1219487,1.4116855,-1.9781752,2.5916245,1.9809737,1.9261562,-1.9183183,-2.0106447,-4.236715,-1.990069,-1.6372409,-0.4421713,-0.54433274,1.0592344
1766-206-0.wav,Animal,1881.6504183920556,0.07618091724537036,0.2179321,-190.17276,81.99521,-23.474283,19.632744,5.6132965,6.0745444,-7.5462193,3.7746792,-8.460676,2.7412121,-3.8849337,-0.45351672,-4.76637,-7.003823,1.7219228,3.7409272,1.7972815,6.441751,6.129999,0.8142531
1766-207-0.wav,Animal,2977.412445950796,0.17203549985532407,0.012813283,-325.20618,65.4876,-0.48201835,-15.379134,-17.114992,0.37480998,-2.3891017,-1.7052217,-5.2483068,-8.129716,-10.331457,-7.1172433,-15.52987,-7.5248494,-14.310961,-9.283678,-9.580802,-8.909439,-8.508006,-6.963727
1766-208-0.wav,Animal,2062.861286266486,0.12920238353587962,0.024682138,-255.71141,101.38429,-47.91023,33.863995,7.691006,-2.7850087,-3.800176,-1.6914263,1.5479246,-8.135116,-10.560573,-3.4273295,-5.6417623,-5.191708,-9.380211,-2.8973942,-7.915643,-9.513106,-12.714828,-5.007532
1766-209-0.wav,Animal,1923.2770640170254,0.050629792390046294,0.05686702,-196.31506,99.6953,4.808222,15.637397,12.995612,14.676497,3.067822,4.2867756,1.4088049,5.5530734,3.2074337,4.5597196,-2.7887359,-1.1173748,-6.97262,-4.2410145,-11.809917,-10.004259,-14.58336,-10.023854
1766-21-0.wav,Animal,1027.6555142836698,0.05887179904513889,0.08833142,-377.01895,45.695362,-6.012264,-11.063301,-15.490745,2.145821,-3.6788409,-6.8296475,-9.116686,-2.876906,-0.09360548,5.7661386,2.3044338,1.2428795,-4.504736,-3.3887966,-8.206931,-3.7735004,-5.6772723,-9.764461
1766-210-0.wav,Animal,2057.5322950489467,0.12894241898148148,0.0080796415,-333.85388,108.92295,-42.27959,9.7810545,13.471678,20.24392,-3.8149981,6.124581,0.40913844,14.347062,-7.42703,-5.147793,5.2353244,6.404471,-6.5675864,2.6270216,-3.735512,-2.5113542,-2.258768,2.4230647
1766-211-0.wav,Animal,1454.8738393633312,0.07026050708912036,0.0708018,-363.18073,68.66843,-36.958637,13.233677,1.6698699,7.5283747,6.810071,18.138466,19.834663,16.633024,-6.71401,4.483501,5.721111,9.2933855,6.316506,4.356627,11.16805,6.953907,-1.0526452,2.4521735
1766-212-0.wav,Animal,2803.4102729887763,0.14612946686921297,0.027382774,-267.20532,67.752945,3.1031528,40.68177,-13.42171,8.113756,-0.41335812,8.364625,-5.9369354,4.5183845,2.0207474,1.2707938,-3.3043852,2.2082639,-8.203382,-1.4970626,-6.574674,-5.161561,-5.8169904,-5.144202
1766-213-0.wav,Animal,924.2064506889684,0.04327392578125,0.15772039,-198.2667,177.05283,-28.692781,39.275913,4.419898,-6.502568,11.206444,2.3838365,8.293749,9.624281,9.148966,7.7975464,0.8359771,3.5876284,-2.6066504,2.1338506,0.83002394,-2.2068427,-1.3943549,5.6021414
1766-214-0.wav,Animal,995.4570793668457,0.030033817997685185,0.044411324,-276.50943,162.68924,13.871094,7.2191415,13.759041,10.103668,8.47313,8.996057,4.2076077,5.4601746,0.10803965,2.3671315,-1.188405,1.2811279,-1.9433855,2.1998558,-0.6816612,2.482016,-1.2759689,0.9363925
1766-215-0.wav,Animal,2844.9470438258895,0.17628761574074073,0.07198699,-148.436,83.74311,-10.061998,-7.3049,-23.290527,2.3151882,1.9245634,7.119706,-4.1894174,1.9199252,-7.7151084,-3.0277967,-3.5511973,-3.0300374,-7.616143,-0.6861004,-5.644911,3.3315356,2.6336818,-0.82165146
1766-216-0.wav,Animal,1063.1457909985763,0.05278184678819445,0.06785016,-223.15994,165.5909,-37.17378,10.833363,24.995832,37.621468,6.132784,3.5096774,4.528238,10.412772,3.1614025,1.9054958,2.7793624,2.428681,-5.9884224,5.6147237,2.3056538,1.8258598,1.20255,0.26345506
1766-217-0.wav,Animal,1909.8390486549658,0.11139142071759259,0.10165784,-161.35423,119.379,-26.513979,-15.219019,-5.0332975,26.781204,-7.62002,3.5962663,3.9929261,7.088633,-3.3455167,3.9358764,-2.9638748,5.218836,-5.3406544,4.6315894,-2.944786,-5.346211,-6.580054,0.90860647
1766-218-0.wav,Animal,2352.9040731687824,0.14479573567708334,0.07195107,-258.49606,65.812,-50.076336,9.646729,-21.10678,-9.8600855,-1.5740008,5.774275,-8.360776,-3.067335,-10.832446,2.148933,-1.7507646,-3.2174566,-8.125655,3.2260034,-2.8486419,-1.5353239,-2.1773725,1.1442063
1766-219-0.wav,Animal,1530.3227776318413,0.07646348741319445,0.038676593,-250.691,140.59389,-44.379753,33.27617,6.7652216,-10.357564,-18.09127,1.3486133,-4.7970705,3.2544343,4.702116,5.891611,-2.848953,-0.5498805,-3.469792,-1.9237694,-7.8287725,-5.519238,-5.227109,-1.6244614
1766-22-0.wav,Animal,277.716790520869,0.012880678530092593,0.054348987,-435.36032,27.294968,-3.9024644,0.7981144,-3.6403837,3.0871372,0.720107,0.8241299,-3.7772908,0.87179184,0.6340425,-0.25994948,-0.0732207,0.27665356,-3.0290494,-0.57684064,-2.2435946,-0.8749291,0.21550967,0.57756877
1766-220-0.wav,Animal,1962.9297733499832,0.08442066333912036,0.020037787,-392.7181,90.008484,1.9214793,36.33621,14.355498,18.85185,0.8863839,5.027675,3.517615,13.434733,5.6773925,8.4538555,-0.99639636,1.0831463,0.13730252,8.531528,3.0447433,-0.8754428,-2.641907,11.024006
1766-221-0.wav,Animal,1435.0194229457543,0.0807201244212963,0.0491564,-379.72183,100.88512,-3.5129645,-19.05178,-23.919962,-25.029432,-14.385112,-10.009483,-18.01907,0.29479012,0.038208645,-5.6408195,-2.3487363,9.2981615,11.934681,6.3915668,-3.9843447,-2.752302,-3.2511961,-3.117981
1766-222-0.wav,Animal,776.061285304652,0.04891402633101852,0.07205357,-431.49258,15.605065,-14.614253,-12.230288,1.6947719,2.7614458,-5.5758395,-2.620024,1.6843443,14.491856,18.498459,6.265,-6.639228,-3.7347233,-5.5074162,1.2566614,3.06517,-5.3941526,0.8507903,13.343258
1766-223-0.wav,Animal,995.8285974534659,0.054131401909722224,0.06658956,-235.86412,185.14417,-46.692413,14.511077,3.1539843,12.7772875,9.98254,14.146364,11.310694,4.0327516,-4.025983,-0.61001617,-1.8888785,-0.47823066,-2.6965547,-12.125486,-7.5576673,-8.215241,-7.512815,-2.7465322
1766-224-0.wav,Animal,1607.5062954902621,0.09885434751157407,0.07836841,-218.80563,142.76408,-73.63204,11.2084,7.3871226,16.55155,22.981102,-20.443933,3.165228,4.8626065,-9.129829,7.427992,3.5830317,9.387092,6.222246,15.992476,9.403607,13.285552,4.540934,9.290855
1766-225-0.wav,Animal,465.4679179820551,0.020914713541666668,0.036941748,-445.9848,21.384487,-5.044375,6.492068,-2.5266905,3.33939,1.401523,-1.2115359,-1.0729254,-1.4856887,2.228795,1.5229719,5.4022374,2.2207735,-4.148128,-2.2216513,-3.7115812,1.6880572,0.4280028,-3.4292698
1766-226-0.wav,Animal,2305.3122882969114,0.0979930736400463,0.08700978,-136.12268,100.57443,3.8703282,23.463188,1.3376902,4.005176,2.9030309,-2.7285993,-4.5931764,0.9991227,-5.151244,4.2851977,-3.2069967,8.98513,3.2221293,3.1836164,0.37698665,4.5256915,-1.8496763,2.5095396
1766-227-0.wav,Animal,2394.0366339648854,0.1315601490162037,0.11832043,-215.15697,71.36273,3.1409945,30.126049,-8.864208,11.024536,-0.8328778,5.9436026,5.950627,14.676256,5.0593295,4.6382647,3.6752145,8.267578,1.1871245,2.3694336,0.95019233,-0.47874177,1.1842117,3.3836584
1766-228-0.wav,Animal,3569.23570903681,0.15546106409143517,0.089530595,-167.05095,56.97975,35.739212,5.595407,0.459389,-5.211237,2.8703444,12.978108,10.638228,-2.457628,-10.832555,-6.2768383,-19.497965,-14.49099,-4.4485235,5.5196247,-1.6305891,-1.2478621,-12.175603,-0.7326523
1766-229-0.wav,Animal,1713.112817791825,0.0936279296875,0.14510174,-96.48749,125.63292,-59.47629,9.736534,-0.37714726,-1.2669692,-25.527945,-1.9804437,-2.0943274,5.880875,9.848676,14.532961,-2.865655,3.539999,-4.2013335,1.8500931,-1.3500359,-2.2725008,-2.8079321,7.7184453
1766-23-0.wav,Animal,1946.4949372134902,0.1012912326388889,0.10371181,-105.74029,116.15741,-24.786549,17.07849,-22.665373,-2.1126378,-3.850503,-3.3381505,-13.23634,-5.787845,-12.074358,-3.5197551,-3.4503372,-2.053408,-9.9363785,-4.77169,-4.756451,-3.7383163,-8.72386,-3.9205582
1766-230-0.wav,Animal,1212.1134757545506,0.08049180772569445,0.024293864,-489.14337,19.834476,-12.576138,11.265376,-3.9765842,7.4606147,-5.0171885,-1.3492264,-3.0890179,-0.50972885,-4.6252627,-0.61171204,-2.687496,-0.99622923,-2.0674546,0.3564388,0.6267203,-1.1701951,-3.505513,-2.0679
1766-231-0.wav,Animal,482.07862286255937,0.025273075810185185,0.04445003,-423.44986,14.3270445,-3.0496752,0.018584026,0.2698849,1.0036341,-1.8576852,0.18242677,-1.224762,0.6757873,1.100268,-1.1151303,-2.4372654,-0.9229232,-0.36246878,-0.21750124,-1.8659095,-1.4041007,-0.7923218,0.6043054
1766-232-0.wav,Animal,1926.1341805517693,0.17513472945601852,0.11082236,-266.0988,93.63009,-151.20937,-22.643175,7.8217626,3.4094849,6.4145417,60.854397,25.356192,2.136035,-32.14428,-0.0037346592,21.800291,-2.3819654,2.1498106,12.759247,18.220425,-9.411129,-1.1637535,7.4937534
1766-233-0.wav,Animal,1721.4813077170102,0.09161829065393519,0.2660369,-32.916424,127.267395,-29.121044,15.24323,-31.134607,-3.1812055,-6.5205035,-8.954431,-20.445595,-6.3063197,-4.857935,-7.7521515,-13.291689,-3.4243383,-12.469674,-9.913579,-6.5366006,-0.66780233,-8.095985,-1.9615209
1766-234-0.wav,Animal,1841.1799194624555,0.0901783130787037,0.07134802,-189.81111,105.97515,-34.329685,19.28013,6.3264995,25.998354,-7.232702,15.658583,-0.37594378,18.686977,7.249245,6.430993,5.286321,6.874888,0.4644668,6.7710047,2.0889273,5.787672,5.002724,16.130476
1766-235-0.wav,Animal,1033.5554598383849,0.0676608615451389,0.028656658,-500.52338,-6.2652135,-25.096073,9.307523,-5.3707886,-10.190631,-7.6418605,7.954636,12.618071,12.319599,3.1938858,-1.3510691,-0.044303365,3.5870545,-1.2696936,-0.29743722,-2.7467713,2.508962,5.412713,0.50306314
1766-236-0.wav,Animal,2292.509150198168,0.0823025173611111,0.02049105,-402.7529,92.138374,1.6188577,-5.1269712,-9.411587,-13.00735,1.5488818,11.000228,5.8330493,9.671309,6.849747,0.019112198,-0.8286794,0.76678586,0.5927621,2.5026336,2.2558765,5.432327,5.809995,3.3409243
1766-237-0.wav,Animal,2425.2917995490357,0.09599699797453703,0.028499193,-285.3425,94.54588,16.480274,-4.7718163,-14.13621,-4.065677,-16.565655,-14.197402,-21.558748,-19.583618,-18.818628,-11.518884,-16.313202,-13.784559,-14.406399,-11.019523,-12.847907,-8.523196,-10.611183,-7.4295564
1766-238-0.wav,Animal,594.6840090674591,0.03177218967013889,0.1469635,-299.46524,60.347023,-19.109325,-3.4761996,-7.4957266,-3.3901656,-5.7092113,-0.12914222,-0.7558542,-2.872669,-1.7848892,-1.6330241,-2.5581884,1.7414232,-1.105063,-1.552679,-5.1414027,-2.5421495,-4.1523514,-2.1469455
1766-239-0.wav,Animal,1334.8173269682982,0.07208251953125,0.050003335,-392.1718,110.10654,-7.6121545,-25.26699,-24.648659,-16.50463,-19.126062,-17.020346,-9.263552,-1.6877561,5.1264615,4.8750577,2.353291,-5.494003,-1.6979299,6.8199987,11.578064,9.47362,-2.0249636,-5.7359066
1766-24-0.wav,Animal,1774.5066325443263,0.11766221788194445,0.1226408,-347.52493,-2.4041445,-27.92758,4.6049466,-5.6360126,3.8495562,-9.37211,0.089910164,1.5857564,3.6670244,-2.15465,-1.5368578,-0.09856244,-1.5449376,-2.2340848,-3.1051834,-2.443213,4.9229803,6.226077,10.254625
1766-240-0.wav,Animal,3092.486344967274,0.13368281611689814,0.078666195,-91.2582,73.95666,6.9789996,-5.326467,-4.918122,-1.5010005,-6.604117,-4.1052938,-11.756495,-4.1165752,-13.402684,-7.0510855,-13.406512,-5.2736897,-9.161752,-1.3856374,-3.3152025,-0.6995269,-4.871598,-0.8641143
1766-241-0.wav,Animal,496.8630237824032,0.01995623553240741,0.0758748,-403.75977,27.66102,-6.875324,-3.0404108,-6.164819,-0.57497203,-1.8730698,0.9944613,-0.6604539,0.6122007,1.0605289,0.97100556,-1.275775,-0.17169797,1.3358798,4.4178166,2.4631314,1.1708981,-0.076542415,0.91278625
1766-242-0.wav,Animal,2130.9671111154407,0.12828459563078703,0.07192551,-106.2505,107.33837,-45.46076,19.967098,-9.504858,0.8393272,-12.442381,5.818969,-4.8708324,2.5569255,-1.4931673,1.1126691,-7.5263715,-2.0341015,-6.250443,-1.11229,-7.94911,-4.393695,-4.0274606,1.5356871
1766-243-0.wav,Animal,2166.697511563711,0.1437355324074074,0.112239555,-293.89758,31.174118,-81.11117,-18.865192,-14.833373,4.6046352,-8.673526,12.121022,-16.284462,-13.601399,5.9470224,-12.554417,-4.629853,-1.723213,-14.144391,2.0573032,-5.441015,-2.7944376,-7.0595307,-14.300194
1766-244-0.wav,Animal,1832.0531856331556,0.10924614800347222,0.022232886,-514.42523,14.153942,-29.117405,20.097878,-6.6070547,13.153233,-2.6471002,1.938821,-1.2885185,2.2780254,-3.8683436,-4.8473215,9.484122,13.189811,3.0006895,6.80601,-8.083355,-3.832106,0.6045983,3.4584234
1766-245-0.wav,Animal,1125.087222255755,0.06731047453703703,0.0363405,-444.39536,18.73044,-50.658176,-7.786212,-4.064226,-12.0313,7.4317536,17.190708,8.577952,16.384615,-1.651046,-0.8356223,-0.3910019,-3.072873,0.8793075,4.6369944,2.748848,3.0601225,-8.506508,-1.8859289
1766-246-0.wav,Animal,998.1479147618925,0.05172390407986111,0.052102715,-280.114,181.84668,-31.147745,28.71173,-3.0224462,-0.5323738,11.779921,1.4644289,6.4590487,0.8525821,4.924125,4.0642333,-4.5353093,0.03364835,-1.9877714,-0.9853638,-2.7262049,-6.604788,-3.0966923,0.24609615
1766-247-0.wav,Animal,2264.2311029675916,0.11668791594328703,0.065790445,-207.1892,98.05206,-24.295921,8.54077,4.2379394,0.156763,-1.6535659,6.3312016,0.26203933,8.044661,-6.409574,-6.0697417,-5.7423897,1.0182955,2.7056453,6.0095406,-2.848683,4.469635,-3.2594333,1.1612839
1766-248-0.wav,Animal,2822.041455017228,0.1332736545138889,0.004868633,-433.5076,72.66475,-0.95378876,22.302645,5.10317,10.888975,2.3693807,2.9574447,-3.4345942,-0.2703889,-1.7900078,6.8019085,-0.8639335,-1.0118899,-12.766756,-7.8338666,-7.5516753,1.8837188,-7.5775642,-3.2595367
1766-249-0.wav,Animal,975.5111220952126,0.05657054759837963,0.047598124,-354.92847,149.6883,13.403088,-29.104841,-21.493391,-2.6751387,-4.718949,0.62925196,-3.8182576,-2.3659773,-0.8751267,-0.85614496,1.322117,0.050808005,8.018474,12.618268,2.0869427,-2.6419241,-2.4073787,1.1506255
1766-25-0.wav,Animal,621.0361519327166,0.040486653645833336,0.0429814,-500.30704,2.5599575,-6.7064433,0.3452351,-3.0846608,2.8415804,-1.9579047,-2.5073245,0.22953609,1.1652377,-0.49484774,1.6089171,2.9875426,1.2807531,0.7036883,2.0785286,-0.1263085,-0.7965243,0.4025698,2.4036953
1766-250-0.wav,Animal,2485.260748744939,0.19294795283564814,0.07987112,-144.58998,67.4606,-106.58809,17.085812,-4.6885715,-10.379139,-32.247536,-16.444283,9.241375,-15.700793,6.8460884,7.2612123,6.4682684,12.520686,5.735089,20.764065,3.7114198,18.528915,1.1425586,11.408906
1766-251-0.wav,Animal,1523.9076514778137,0.06700529875578703,0.060077507,-390.19086,93.14028,-9.456552,-7.462502,-4.9047484,-11.21566,1.610483,-4.569059,-8.020746,-4.9588747,-5.9142985,0.36344287,8.645432,5.194479,-6.4824805,-1.0734268,0.17250775,-4.0856104,-0.75661796,-2.442604
1766-252-0.wav,Animal,1940.140455198281,0.1172214084201389,0.041799255,-226.54408,118.06749,-62.504765,40.753155,4.791781,-2.1019387,7.1574984,4.946627,-6.7732472,-0.34376273,-11.335992,0.018929102,-6.6009035,-8.999626,-10.40932,0.3851498,-5.315653,-9.70987,-13.191933,-5.058561
1766-253-0.wav,Animal,3096.8683888010078,0.15145308883101852,0.013845875,-335.19193,59.42664,-23.865124,26.8271,28.71395,-3.4072468,8.824884,3.0519574,15.7716,0.55339473,22.27776,11.699184,4.579165,13.379533,1.0396975,14.369316,-3.0633771,12.904206,0.5833603,4.4828506
1766-254-0.wav,Animal,1845.9733824326772,0.05271629050925926,0.057488527,-201.17072,100.839325,7.2782083,19.302454,16.217127,16.617271,4.836306,3.8573275,-0.5367908,4.0221686,-1.2387698,1.4132565,-4.966024,-2.738886,-6.8016167,-5.2381835,-10.941626,-9.441378,-13.670937,-9.307823
1766-255-0.wav,Animal,1473.622063681833,0.05001039858217592,0.048008136,-353.4592,103.40691,-5.571401,-18.672813,-4.642254,-1.0437887,-12.691404,-0.30279478,-4.54398,7.5573845,5.2281585,4.1038046,11.137207,14.205398,6.3850684,-3.7191908,-5.1830115,0.018744318,-4.2811475,-1.7800994
1766-256-0.wav,Animal,1340.7012440906485,0.06641077112268519,0.097111754,-190.23119,146.48105,-41.624123,5.784995,3.674172,21.661522,6.934298,8.453981,9.506489,11.120983,-5.1189756,2.090871,-2.6562414,2.1466336,-1.2303108,-13.406732,-1.995434,-4.4032707,-7.324289,-0.25185508
1766-257-0.wav,Animal,2295.4158972163527,0.13112386067708334,0.16940325,-149.21053,67.91948,-22.065601,2.8421247,-23.52279,10.081396,6.5548644,-5.438166,-11.600041,4.5018306,3.2372832,4.564457,-0.60418123,4.5915704,5.742899,5.1208715,4.177773,6.1509104,-1.4561074,-1.1009902
1766-258-0.wav,Animal,1453.5112230385948,0.07694272641782407,0.06420949,-202.7637,145.89725,-58.485542,25.850431,1.9866723,10.413245,5.8185115,13.711277,0.8216208,1.4868875,0.4434197,-1.8018708,-10.964262,3.070586,-2.5634089,-6.2948565,-2.2262127,-5.0999184,-5.4904485,2.8431752
1766-259-0.wav,Animal,2118.2053432161656,0.06568287037037036,0.017849492,-285.8599,98.91464,9.248838,21.208008,8.8405695,16.684832,10.323767,6.480062,2.6176672,5.058631,-3.1756275,6.4572644,4.634467,1.6834738,-1.1565391,5.4454346,-1.1496391,-1.0600499,-1.5585647,1.7658783
1766-26-0.wav,Animal,1052.7134445662764,0.0677218967013889,0.0839306,-375.78522,40.448395,-38.09054,-9.22071,-10.318519,9.985667,-8.35681,1.086971,3.91577,8.88545,9.446684,-0.085971825,-6.7267275,1.1940908,-2.739847,-2.6357777,-3.505463,2.7675772,0.65220416,3.310609
1766-260-0.wav,Animal,1756.6641317956642,0.12414098668981481,0.09967571,-183.72244,128.3428,-83.85306,16.774448,11.675925,-1.2082874,-36.222954,-41.92685,-4.453459,-11.936466,2.4235065,6.2871103,-9.894672,-3.0234778,-2.9520843,-3.2923138,1.5348488,-0.8349274,-7.820885,-5.7293262
1766-261-0.wav,Animal,2230.9284394251267,0.1454445167824074,0.035789855,-493.1739,33.698437,-67.3307,-38.950405,-1.2744712,7.788355,-15.611151,-3.331551,-5.7860923,-1.2676668,7.325486,0.88174045,4.3629093,17.031,-6.8762026,-8.969049,-0.63119215,-9.279152,0.428063,5.064647
1766-262-0.wav,Animal,1942.4470186384347,0.13941559968171297,0.20945446,-285.32166,52.554436,-53.986305,0.13683234,26.20033,8.0248,-5.383154,16.878584,3.9427836,-7.0220947,-7.386136,-6.229549,-0.33529946,13.631394,14.603725,-1.2741095,-11.614576,-10.074648,-8.214739,3.055043
1766-263-0.wav,Animal,606.0273709777385,0.036553276909722224,0.051503535,-426.73596,56.98784,-12.102318,9.057197,7.7031126,-0.7066804,-1.0805143,9.135494,3.7827487,3.843746,-6.7948833,2.693756,-0.16977155,-1.8131883,5.801038,2.9077017,-2.1901703,-1.6802733,-11.552543,-1.5890577
1766-264-0.wav,Animal,2341.9883719659174,0.17225251374421297,0.07968634,-269.89877,38.001156,-118.768425,23.854822,26.838335,24.82667,37.648296,41.15578,-1.4605126,-11.460705,11.574714,26.157005,-0.9418162,2.2077696,15.073247,4.7465334,-2.0093737,8.172414,1.7984161,0.6530343
1766-265-0.wav,Animal,2272.085617250731,0.12184425636574074,0.14521402,-136.83777,67.54636,-77.4192,-22.755484,-55.3805,-11.031193,-12.9317465,-9.669147,-15.554121,-1.1160089,-5.030578,8.618667,-2.268256,1.6337509,-8.702213,-1.6671563,-5.9787316,2.3875494,-5.1135993,-0.38197923
1766-266-0.wav,Animal,848.8955088056134,0.05413366247106482,0.08314472,-378.08224,38.36428,-19.946579,0.03297818,-0.3360087,1.4277357,-4.4218593,-7.428903,-3.9744449,5.726352,8.281011,2.1754012,-4.788662,-2.2403517,-2.7229214,1.2282003,-1.4749476,-3.8901215,-0.7231776,6.722431
1766-267-0.wav,Animal,918.1859791782808,0.059267397280092594,0.06749172,-410.75406,41.029022,-9.681775,-11.9211,-4.401426,17.096365,5.566027,0.13611019,0.59089345,15.511403,16.875086,11.961927,-10.379795,-6.236777,2.2020824,4.9834094,-0.5674775,-2.8312008,7.744974,19.128714
1766-268-0.wav,Animal,1840.4037344735623,0.08925826461226852,0.093864664,-276.1795,66.64654,-35.84515,-27.474016,-23.77374,-5.3151336,11.4709425,13.998895,-2.5274305,-1.3267746,-9.077107,2.7570314,13.389869,8.3578415,3.5136518,8.2680645,0.86632586,1.7713926,1.9144553,4.0273786
1766-269-0.wav,Animal,1172.1144358175106,0.04084608289930555,0.027950644,-326.90344,139.41205,-4.8392067,-3.6918743,22.436785,25.38897,13.880048,8.030129,4.6967125,22.733923,3.214734,7.6214294,5.8073335,5.0811243,-3.0883722,3.9252276,-4.3783035,5.2789516,5.5552244,5.4028506
1766-27-0.wav,Animal,1666.9819171920235,0.10072383174189815,0.0878665,-200.44987,133.99431,-48.047344,3.0225413,-8.529724,-2.9694178,4.9148593,2.917111,0.9923898,8.6224375,7.529873,5.3484397,1.0525212,-5.8920026,-3.8303554,1.1606654,-3.8920684,3.0049307,-2.8472493,2.017909
1766-270-0.wav,Animal,2762.3174365624923,0.0799244068287037,0.018749097,-315.95456,52.46873,-19.28143,1.1109632,-1.730997,-7.7868905,-3.2769482,5.9536586,-5.896613,-5.66998,-11.896019,-10.296904,-2.459305,-2.648677,-3.9233868,0.027362859,-7.760619,-14.236823,-10.721301,-7.264646
1766-271-0.wav,Animal,2825.1716199487437,0.17334888599537038,0.019424973,-297.33307,70.410904,-57.41657,9.09089,19.781204,-16.069567,1.1177856,-15.817548,12.228504,-0.049124543,10.857736,8.291502,1.7179065,9.044676,5.292191,18.674673,-0.58094734,19.39325,-0.6171357,11.841814
1766-272-0.wav,Animal,3391.190585054538,0.22271276403356483,0.05815566,-319.13504,34.18895,-31.102354,-0.24675892,-13.425697,-10.140359,-10.505424,-2.3288386,0.8924975,10.063363,-4.1702156,2.872423,3.074564,-0.21681757,-4.4818487,-1.6399099,1.034507,4.781375,-3.4115126,2.1656864
1766-273-0.wav,Animal,1068.3113235581131,0.03944679542824074,0.08484961,-217.93689,164.46123,-37.796673,8.530184,0.21318966,13.8792,8.257826,15.977209,1.6502905,6.6827993,2.9672148,3.2195697,-3.212527,1.9268883,-2.4982328,-11.3762455,-5.994452,-5.269974,-14.890889,-6.4387116
1766-274-0.wav,Animal,1683.74269811658,0.07524052372685185,0.10200902,-290.19907,58.46092,-27.808897,-23.447893,-17.556562,-0.42845133,15.2276125,16.297712,0.8807316,-3.0038335,-5.0906067,6.778605,12.403294,9.703425,4.988614,7.792591,4.452972,7.9944973,7.196468,3.5810392
1766-275-0.wav,Animal,3220.473169734292,0.15505190248842593,0.039992157,-170.73499,71.77088,2.032272,-22.353807,-13.931154,-2.133972,-14.731543,-13.965568,-16.80542,-14.604867,-17.55183,-10.391111,-12.108307,-8.69902,-12.182199,-8.408019,-15.078358,-5.5823193,-8.476575,-5.459845
1766-276-0.wav,Animal,1074.9129371807312,0.06719292534722222,0.0056252102,-642.35126,19.358309,-31.55437,-5.089158,2.7443972,7.610842,-8.710435,-0.53321725,-4.980481,6.5227313,-1.2885298,-6.136547,1.3035691,-0.21764928,-2.282129,2.0494263,-3.68989,-3.073585,-3.028157,-0.22087294
1766-277-0.wav,Animal,2985.564031371393,0.18650987413194445,0.022639217,-298.66254,62.49332,-31.975996,13.046151,1.6777726,-10.788425,-7.5680504,15.417408,-5.807898,-3.3258708,1.4820335,13.525013,-6.862371,7.6575375,-4.3998375,-2.308765,-2.176491,-0.8462712,-6.6410646,-1.496659
1766-278-0.wav,Animal,2583.666014264998,0.14702464916087962,0.096204154,-260.8017,71.94058,-33.34985,10.507887,-0.42536566,4.464924,-11.1969385,7.0418296,4.667822,6.3116546,3.140596,0.2757688,0.270491,1.3582902,-0.18370706,4.8762264,2.876047,3.4857152,-3.2949529,1.9265264
1766-279-0.wav,Animal,890.7290873198237,0.04892532913773148,0.04379792,-362.53143,159.80968,15.854586,-30.08773,-23.106287,-6.0396357,-7.5495543,-2.1117399,-10.817037,-1.2420217,1.2064319,2.775606,0.966879,-3.0551462,4.937984,12.185757,11.808256,3.1374655,-0.097530365,0.45693377
1766-28-0.wav,Animal,2150.7307804284274,0.1484442816840278,0.14850305,-170.9154,95.87857,-65.03646,7.574423,-44.673065,10.028539,9.784056,-4.843325,-3.3725297,-1.8320277,-9.752395,-5.078843,-0.13807064,7.8209405,10.481217,15.98954,3.4485006,-1.2426254,-9.377947,0.10759961
1766-280-0.wav,Animal,1730.7313753053745,0.08799235026041667,0.035364985,-428.0176,95.564354,-34.429928,11.726665,50.28786,9.179916,6.594184,33.037994,25.650793,1.3246735,-15.071668,17.45576,17.204494,-2.3720546,-10.061102,10.981332,2.7811856,1.5710466,0.8699977,7.7129474
1766-281-0.wav,Animal,3169.947083395276,0.1966846607349537,0.10647175,-162.53603,-14.607363,-109.68918,-30.024105,-16.594322,20.755117,-27.432663,-20.366663,-22.642532,4.88026,-11.845239,-8.285063,-4.7066402,-9.863167,-8.164018,-0.8348595,-5.2689695,-4.08003,-3.4941192,1.0223958
1766-282-0.wav,Animal,2077.785839710253,0.057436342592592594,0.01902874,-286.49802,102.75311,16.632002,12.209792,9.976421,17.587578,7.626238,6.2959085,2.1247892,6.8239474,-4.238614,6.2176228,5.170562,2.4482284,-0.0031045454,5.8805327,-3.8333392,-0.645845,-3.066633,2.168685
1766-283-0.wav,Animal,1174.491739787271,0.04876708984375,0.35185933,-92.52829,167.24295,-7.835343,35.97265,-7.7868743,1.4364047,-5.3604546,-12.432617,-6.8192487,9.169468,5.052773,4.1523843,-0.06586545,3.043331,-12.613839,-9.429002,-3.843439,-0.21906026,0.63464856,1.8957338
1766-284-0.wav,Animal,1377.8131431792497,0.08213749638310185,0.064103685,-286.49875,137.04681,-23.933168,-29.091602,2.85256,13.54151,13.288841,23.742966,10.049056,0.40921867,2.9337847,13.56771,3.5432384,-6.889222,-0.7451958,7.720417,-2.9807475,2.0808563,11.791005,1.8724904
1766-285-0.wav,Animal,2212.278646062416,0.1377495659722222,0.06913211,-231.04568,90.09491,-24.125017,11.180411,-10.237476,-6.0536156,-0.23852144,18.167515,-1.0347548,1.3477644,0.10888986,3.1162534,-2.082591,3.1269145,3.0136905,6.7966886,-1.1039573,3.8663428,0.758418,6.8699803
1766-286-0.wav,Animal,2766.004667097985,0.10704888237847222,0.019753002,-274.28326,67.439804,-1.6258271,32.610718,-6.9373655,10.742281,5.5318966,4.9835625,-4.1799493,1.8134447,-0.6672683,0.4662846,-4.4258904,2.2074409,-1.477109,-2.1492484,-4.1173015,-1.926562,-6.471485,-3.816931
1766-287-0.wav,Animal,2535.1418406596636,0.15889485677083334,0.07359201,-300.3888,32.745075,-89.72517,-32.611774,-43.12959,-19.53965,7.745146,13.951725,0.16910242,4.8261514,-12.221803,-1.145202,4.662305,1.1980759,-6.4128985,-2.468292,-6.16962,-1.4212297,-2.3147724,2.026624
1766-288-0.wav,Animal,1069.04548683605,0.05774377893518518,0.013652978,-459.4241,162.0055,29.313858,-1.7386101,-48.101833,-6.492578,-0.32765806,-1.1222082,-6.8474436,12.192238,-12.3619995,-1.491172,0.7249246,-2.1383753,3.4765325,4.858143,2.4962046,9.342256,2.5530105,5.3410654
1766-289-0.wav,Animal,1000.9753637022585,0.03877540870949074,0.069857106,-252.13397,160.68535,-35.21473,14.926255,9.507811,22.611214,16.447954,15.4377575,12.67145,12.931908,4.9896116,3.589794,-2.7346191,1.2852409,-0.4027782,-10.584031,-3.0275562,-3.3895986,-4.0164104,0.074657016
1766-29-0.wav,Animal,1223.9481266073083,0.04249629267939815,0.008602782,-476.57117,147.13908,-9.428899,2.1580691,13.314983,22.716711,13.600069,-4.7374434,3.9148638,11.645492,7.6277285,0.292451,-0.14152597,6.7658625,9.262532,4.826574,-1.0839847,0.9290551,4.7699094,4.8168616
1766-290-0.wav,Animal,2327.743384054393,0.16342954282407407,0.018542,-279.77728,73.99017,-98.2017,10.912779,11.354939,28.466007,-9.313299,-7.121233,-13.800556,7.9538236,-6.1919703,-0.74257493,3.5492253,0.04608267,-3.6553981,1.313909,-8.529796,-11.21364,0.15859738,-2.2701545
1766-291-0.wav,Animal,1710.6200167012973,0.06901041666666667,0.063011825,-332.5837,92.631546,-1.3540217,-13.6150675,-17.252861,-12.232689,-5.7640586,0.43249702,2.060388,10.031116,2.1353028,3.1535356,1.2932733,-1.5396712,-6.438871,-3.2153702,0.05342095,-2.0102365,-2.186796,0.7666308
1766-292-0.wav,Animal,2672.9986623672503,0.12589292173032407,0.0055425116,-419.55432,77.81646,-5.123199,20.196163,4.641735,8.482232,0.5908969,3.2307866,-3.1248002,0.11954463,-2.808175,6.5647116,1.5694191,-0.3879181,-14.493471,-7.093943,-5.617954,1.4447322,-7.7409263,-2.9382143
1766-293-0.wav,Animal,2775.2480738675804,0.16466154875578703,0.1290433,-78.932846,83.83471,7.508817,26.859846,-4.776025,1.9112442,-0.20221837,7.201104,-6.214009,9.267178,-0.048929002,2.1773565,3.9062216,5.4102087,-2.0020926,3.6988664,-4.0607424,2.8340104,0.14833365,1.5435869
1766-294-0.wav,Animal,1997.894298299012,0.1789528175636574,0.20559146,-123.59183,113.727,-107.52456,6.865979,3.1272693,4.0910583,-14.34413,45.258854,30.41676,-7.997636,-21.17174,-0.49999782,26.67199,0.5904342,-4.334549,13.051794,12.9729185,-0.8626183,-3.0165203,7.292028
1766-295-0.wav,Animal,851.7629534678608,0.0389404296875,0.05265183,-426.53296,60.94331,-16.779587,-8.967938,5.3111844,5.834705,-2.307655,2.7803476,5.1145883,6.705493,10.266838,6.4885244,4.060522,2.8482025,-3.6560948,-0.29261872,1.6390399,2.2066596,-0.29470754,5.760403
1766-296-0.wav,Animal,3249.0446931765637,0.21147551359953703,0.010525833,-355.09048,56.30854,-26.705235,-21.209427,-15.53977,-6.3375955,-11.209541,-6.148765,-15.185859,-10.191637,-14.634998,-10.075426,-12.178948,-7.692169,-12.858998,-7.301139,-10.449807,-5.3357353,-8.714844,-5.852233
1766-297-0.wav,Animal,3780.8470118642513,0.1526421440972222,0.015798114,-315.37488,20.61069,9.966729,24.895775,-18.767895,-13.012374,-21.995329,3.9004095,-3.2446103,-21.04469,-17.495943,-24.21362,-18.408401,2.3646624,5.8962684,5.7100806,-16.323278,-8.964134,0.38872293,-0.27772728
1766-298-0.wav,Animal,2497.8453537316464,0.12392171223958333,0.029670158,-258.67175,87.800186,-5.3192687,-30.927896,-27.966995,-3.225253,-0.5643781,1.2421525,2.8692703,-4.2162647,-18.481045,-10.665278,-12.755342,-6.477909,-14.491656,-10.789944,-13.018948,-8.032122,-9.638515,-7.797608
1766-299-0.wav,Animal,1811.6863406675895,0.07877830222800926,0.030819098,-327.82254,81.040726,-13.1150465,-13.795227,-12.184679,-4.4575768,-8.526811,-6.5843387,-8.63501,-5.937267,-7.5182424,-2.96947,-5.198008,0.34499544,-0.9168903,1.665729,-1.8747199,1.7086905,-0.12541538,1.1326305
1766-3-0.wav,Animal,3112.2691957303414,0.21747956452546297,0.12174068,-123.94298,42.458683,-57.280426,3.331111,-11.93217,15.872004,-23.542002,1.8097396,-5.7216063,6.513091,4.5101995,2.041355,-8.05742,8.205649,-7.752047,8.193202,-5.5788403,-4.89032,-4.6592555,-0.4223099
1766-30-0.wav,Animal,2526.406229394712,0.13883237485532407,0.04559307,-270.22775,88.58719,-9.647585,-13.577482,-24.853954,-7.111564,-9.229519,-2.146282,-2.6462643,3.8653214,-3.5997357,1.4856768,-2.0368788,0.3999755,-5.0766487,-0.09140975,-5.6592684,-2.3195868,-0.9773763,-0.115880154
1766-300-0.wav,Animal,2728.787738889676,0.13951054325810186,0.030637221,-223.90125,82.766045,5.428937,-0.4352465,-10.487206,6.2833676,-0.5092731,4.5982594,-3.3648362,-0.148229,-8.497951,-0.5506562,-2.9563293,0.3931054,-0.3486129,5.8261414,-0.26740703,-0.7529195,-3.2909,-1.6558068
1766-301-0.wav,Animal,763.8957022682041,0.03296350549768518,0.014968574,-533.2831,43.682747,-9.822602,-8.039073,3.3053112,4.2758994,0.43155935,5.8265553,2.4398074,3.0819075,-0.7409556,1.9934515,1.8470296,1.1716195,0.5014126,2.3201563,1.3163935,1.4808007,1.5597905,1.380789
1766-302-0.wav,Animal,1169.378533234051,0.07952202690972222,0.0073492257,-537.7638,13.704962,-15.775016,1.1638808,-2.403349,1.0710858,-3.332941,0.48593923,-2.3625987,-1.7420214,-2.7534943,-0.67773044,-0.75069207,-0.24707215,-1.3795115,0.92913085,-3.3921018,-1.3548677,-1.3089287,-0.02832829
1766-303-0.wav,Animal,1802.061448435714,0.09386076750578703,0.1424635,-82.59222,126.62753,-31.583784,19.96833,-18.720861,2.9098005,1.2598094,-5.379374,-16.686441,-2.965532,-11.905408,-4.519229,-5.8890247,-6.836197,-14.997266,-4.9649687,-5.9429493,-3.9939861,-8.019587,-4.1054482
1766-304-0.wav,Animal,1703.5387076947486,0.08499936704282407,0.058060315,-201.56747,123.79473,-31.510696,16.970547,-9.788003,7.9866242,-12.187525,-1.240767,-8.40879,-7.5005517,-17.257374,-5.5741444,-0.23184049,2.8650756,-2.8971715,3.1736348,4.147784,3.725838,-3.5128,-1.6157556
1766-305-0.wav,Animal,1997.7430215282689,0.15827546296296297,0.035881754,-476.29825,10.226879,-141.58145,-37.15296,11.481843,12.229182,-31.360962,28.578537,2.6638167,4.3456674,20.462914,-14.103904,0.6051602,8.296849,-1.6658572,-3.5808835,-8.677007,-5.9580193,-0.18332358,6.117276
1766-306-0.wav,Animal,1350.3542639955547,0.028935185185185185,0.026227077,-428.6403,85.39438,14.586053,12.831689,18.300034,17.730064,11.004677,17.91572,3.5750365,8.919264,6.8030114,13.644441,13.349232,10.208028,7.970158,9.73114,3.6500978,4.3203573,3.0912192,8.324132
1766-307-0.wav,Animal,1607.1278107256703,0.10371907552083333,0.039024,-214.72247,145.84216,-65.32293,31.689835,7.159534,-0.58337915,-15.018109,11.759595,-1.3212149,9.383251,7.955839,-1.5536102,-8.7165365,0.6563403,-7.2405314,-3.5600536,-6.760368,-2.39716,-6.064851,-3.008978
1766-308-0.wav,Animal,2231.781278504625,0.15143952546296297,0.07079603,-170.84277,87.16299,-70.76958,13.312761,15.081577,32.02683,-1.7399671,28.911516,12.24958,16.000143,22.652086,6.7254972,-2.7019196,16.073143,2.0184598,7.434538,-2.118209,-3.7246165,-7.1726155,1.0539751
1766-309-0.wav,Animal,1638.9541493908403,0.07493534794560185,0.082809314,-147.69225,133.01752,-24.424343,25.039131,-17.599174,5.2784944,0.007888582,-2.6573033,-14.908522,-7.5615926,-13.983696,-6.151462,-7.219679,-9.013316,-15.760839,-4.20297,-4.163247,-1.0530533,-6.9921784,-3.531667
1766-31-0.wav,Animal,2212.8140196411923,0.1352561668113426,0.12240397,-62.75945,98.11587,-49.849846,-11.989143,-2.0399525,36.77786,3.9250386,3.9817326,-2.8143892,8.377745,4.8290195,3.770306,10.416728,5.537055,-12.953587,2.9892578,0.5307612,4.090402,-1.7340639,-1.1032202
1766-310-0.wav,Animal,1748.6943495150244,0.10933204933449074,0.032121755,-206.69055,135.7714,-51.58695,32.433754,-6.4054484,-0.70054483,-3.8616354,12.269045,-0.951291,8.883644,4.3359976,5.9479012,-2.9918227,3.2696137,-1.5766104,3.7217343,-4.720998,-3.6681247,-2.002228,6.1531377
1766-311-0.wav,Animal,2008.2106177569583,0.0970752857349537,0.026769316,-359.19388,82.83524,-12.280798,13.3998575,21.89507,6.2571607,8.332849,18.835325,0.078904256,3.142569,-7.230609,6.9925833,13.286207,16.990898,7.128732,-0.4832388,-10.59427,-3.3226895,1.3346559,6.6114745
1766-312-0.wav,Animal,1363.5666613945154,0.035319010416666664,0.052883,-352.24582,98.77492,-3.1588185,15.80967,11.444458,15.041734,7.9430475,10.574645,12.217194,19.132301,17.857742,10.994963,5.434878,4.396876,2.4889393,8.132932,4.7437406,9.768507,1.0063759,9.887976
1766-313-0.wav,Animal,1882.9959830296739,0.15538646556712962,0.025077539,-283.05347,126.34885,-78.21177,-3.6633928,16.47626,-2.1219652,-11.801362,4.072818,-0.6542192,1.7890786,-2.436189,-0.24300674,-6.6152534,-2.6137495,-7.4336457,1.2918363,-1.0966691,0.8465938,-5.98476,-3.8415542
1766-314-0.wav,Animal,1562.3150255088349,0.1200267650462963,0.08015154,-225.93698,157.48274,-97.38986,-9.5719185,-2.593199,-1.0887312,-18.875402,-29.205862,0.2068986,-6.6042266,-17.228064,-2.3162115,-9.062705,-2.7086208,0.20433876,-2.2348804,-2.8753037,-0.8036564,-8.439394,-7.128073
1766-315-0.wav,Animal,1876.6570773001515,0.11069516782407407,0.01848827,-282.0501,102.53011,-60.399822,-53.05586,-27.729113,-24.150547,-41.960884,-24.445122,-24.577812,-18.341637,-23.482058,-20.576817,-14.668831,-7.2781777,-16.608013,-9.396407,-10.406908,-5.3246646,-7.6923423,2.4833667
1766-316-0.wav,Animal,439.0050036652151,0.011090313946759259,0.024380313,-492.59497,29.133402,2.2984886,-4.488911,-4.0877666,3.5041487,-0.96913797,2.1161022,2.6207178,2.7720094,3.047598,-0.0699173,2.664111,1.1006066,0.7431512,1.1602122,-1.07398,1.8724936,0.08600928,1.2177124
1766-317-0.wav,Animal,2018.1410149508472,0.06791630497685185,0.13176501,-236.8337,104.88693,20.912802,9.30643,5.41686,20.999405,-6.4144773,8.6736,-6.389089,-8.801864,-11.300895,-7.280192,-4.2162933,-11.17602,-5.088288,0.07299544,-6.3771334,-6.47819,-8.788734,-7.1856174
1766-318-0.wav,Animal,3402.5516126764974,0.15681514033564814,0.09103214,-73.25502,64.868965,9.323401,-6.061079,-6.996008,-4.0307975,-9.095407,-6.8620625,-13.9873905,-6.498752,-13.809961,-9.696456,-13.420121,-6.465972,-10.059475,-1.6035246,-4.9071,-0.2753849,-4.074613,-2.2467403
1766-319-0.wav,Animal,1372.207318652299,0.054436577690972224,0.062213793,-367.15683,72.5914,-6.3857093,-13.486721,-8.676305,-5.5981874,-5.1699057,2.609229,0.9914348,-4.0066576,4.1223536,4.4113717,-3.331277,4.1805525,14.05852,13.814453,6.672549,0.13774297,-2.0035512,-3.3557632
1766-32-0.wav,Animal,2192.6464160922324,0.2528347439236111,0.059466388,-390.13107,59.404564,-13.958275,-21.10465,-10.403429,-11.741065,-34.84264,-14.531926,-5.7523303,-7.6611943,-5.6026273,-7.711527,-6.8972607,-1.3426987,-0.8565861,1.0056285,-1.1806937,-4.6155457,-5.8094993,-3.4705653
1766-320-0.wav,Animal,2063.421731378735,0.1170360423900463,0.08715862,-137.18546,98.83164,-45.004375,-0.90267235,-13.491929,4.7081738,-0.2898257,-11.638145,-23.335705,-18.44164,-17.56229,-4.7842064,-8.916737,-4.999505,-14.439246,-14.503467,-17.946878,-10.959682,-11.054986,-7.070508
1766-321-0.wav,Animal,2182.527951076225,0.13804343894675927,0.07416599,-153.4341,94.77078,-51.30045,25.77874,3.969026,24.382063,-11.1692505,15.149947,1.5555795,18.332735,6.2149415,4.6066375,6.5645795,5.328695,-4.8691397,5.410375,4.7942452,11.114594,4.903403,8.361995
1766-322-0.wav,Animal,1601.7944565016176,0.0747974537037037,0.0397341,-357.53113,100.98662,-9.44374,15.271682,14.283791,21.191256,-0.6069627,11.790191,10.264361,6.8150277,16.359856,8.384027,16.75486,3.7543466,-5.872215,-4.2807117,3.638318,7.6350675,-3.5501108,-0.96511006
1766-323-0.wav,Animal,1299.4590866302012,0.046834309895833336,0.0077207806,-465.6942,124.74888,-2.1183147,0.79812115,26.457695,22.855911,8.152159,-5.442928,5.786068,17.482218,7.2240825,-3.1893518,-1.6408919,7.1725793,8.465007,1.7662634,-2.5895987,1.0709301,4.5568,3.6168625
1766-324-0.wav,Animal,2943.5459447710505,0.25413908781828703,0.26852825,-34.473667,57.814774,-66.675934,30.663343,-26.947432,-6.802484,-3.2845159,-9.016618,-16.579746,25.775072,3.7515085,-10.967547,0.92861485,-7.394364,-9.577432,18.605225,-5.823094,4.1384997,-4.2690163,-1.0943648
1766-325-0.wav,Animal,765.7782020620178,0.041259765625,0.010528349,-590.11255,9.783196,3.007878,-1.172401,0.4592468,-0.37777925,-0.23642826,-0.9338913,-1.4589899,0.821158,-0.48592964,0.60168403,-0.62298965,0.83077866,0.86744124,0.9359561,-0.3001987,0.7687344,-0.06426085,1.1863388
1766-326-0.wav,Animal,2058.3007489037814,0.12299262152777778,0.22778147,-20.152214,111.24234,-62.075676,23.238943,-10.947834,-1.9896938,-22.439783,13.317614,4.454079,11.776112,4.941421,5.7467833,-6.474389,-1.9930472,-6.859878,-3.4872928,-13.907869,-9.127901,-3.8261397,2.5572405
1766-327-0.wav,Animal,2152.455231661112,0.15218551070601852,0.028013756,-374.06796,47.84507,-67.00659,7.5369587,-33.68934,42.25091,-22.717785,-16.830551,-7.879699,-0.9438926,6.0746064,-5.1027503,-5.595326,-4.4199543,-17.978142,-1.0156584,-6.3443317,-6.690268,-4.393888,-3.513365
1766-328-0.wav,Animal,1299.0394265803561,0.07230179398148148,0.02846135,-397.2846,153.90126,-36.89842,-17.178263,14.497633,16.445347,14.339758,-8.192113,-0.9058413,12.59072,2.8464377,-1.6246424,-0.18774368,4.6258216,5.2805724,9.317015,4.1615105,5.329608,4.1424685,4.4640155
1766-329-0.wav,Animal,827.0106417895922,0.03836624710648148,0.014755136,-464.68607,26.345089,1.1004481,3.155106,-1.5884279,-1.4547637,0.4282056,-0.39805016,-3.4779782,-0.24583381,-1.9377439,-2.2607305,-1.3644208,-0.31193805,-2.599649,-0.35629103,-0.99858254,-0.67187065,-1.3063462,0.115302175
1766-33-0.wav,Animal,1989.2341140496105,0.1200832790798611,0.066873826,-209.39944,105.514595,-49.854122,24.198313,1.974029,-1.6957954,-30.080973,-9.068875,-12.57142,-10.731535,-0.41729355,4.9633393,-15.67229,-1.6199149,-9.256298,-7.250199,-10.824363,-9.383823,-8.8057995,-2.3417814
1766-330-0.wav,Animal,2046.0107790345403,0.04819968894675926,0.12202581,-343.7613,43.95391,-8.31686,13.231504,8.144679,4.7881184,3.2919068,0.74518925,-1.5159242,0.7839497,2.6432898,0.28393498,-0.5405593,0.11456496,0.9849042,4.864978,4.1750193,2.374713,4.61828,5.613345
1766-331-0.wav,Animal,2366.5381386754584,0.11340105975115741,0.060946632,-146.37097,92.511086,-35.246796,9.836021,9.880922,-2.6606095,-3.189367,-10.986869,8.839073,4.553203,0.15844376,25.829178,6.3644934,5.1132426,2.5256863,-0.4215288,1.9137113,0.96795046,-7.8913507,-2.2660248
1766-332-0.wav,Animal,1814.1333929562431,0.06058304398148148,0.011315869,-487.62875,43.418423,26.912743,31.398474,-2.8457196,24.09307,12.432628,13.724171,7.761588,2.3903768,8.803661,9.856682,5.871074,9.135108,-0.49228328,2.817317,2.3652697,6.503519,3.2487426,3.2709606
1766-333-0.wav,Animal,837.5979762848461,0.05081967954282408,0.076587185,-360.61154,47.376724,-25.585375,2.7275996,12.995556,13.579063,-8.027629,11.086253,1.1759659,2.6668973,8.139465,0.43357375,-0.7550378,7.064609,-1.7097809,2.8984556,0.6212329,2.433404,-0.27952075,-0.23251972
1766-334-0.wav,Animal,1323.3230763456183,0.08035843460648148,0.059516665,-391.4111,34.863922,-33.577396,19.668823,4.3035464,10.472771,6.8294163,18.400705,15.591619,11.705872,-2.2715752,2.6454754,7.7759557,6.5059786,5.3440466,2.3951373,8.588889,2.4480054,-0.18904637,6.5955663
1766-335-0.wav,Animal,1045.168711606777,0.02971507884837963,0.12363712,-270.59573,110.71253,-27.014078,16.334927,-0.53474045,-13.217888,1.0549321,-5.6405377,-11.558454,-15.721406,-18.19005,-18.009275,-10.819198,-8.560468,-6.658332,-1.9154602,-11.182637,-16.834005,-12.822375,-12.389709
1766-336-0.wav,Animal,593.4142419499453,0.028944227430555556,0.0789656,-383.27496,24.270586,-5.7592797,7.2709193,-1.4677582,3.20217,0.23086196,0.55252653,-0.9439463,-0.668565,2.4256434,3.7884104,5.276296,2.2049649,-4.2952394,-2.6184306,-3.4700563,1.7600527,0.3972423,-3.5011365
1766-337-0.wav,Animal,1694.0124406527234,0.039609555844907406,0.058135457,-272.39322,105.588326,9.819915,8.459675,-3.3991678,14.528972,-8.771092,4.800346,-12.755028,-17.756086,-15.802693,-5.5906873,-6.8498545,1.8182243,-11.389038,-9.277383,-10.488595,-3.537418,-5.1007237,1.5008527
1766-338-0.wav,Animal,1967.8623816766822,0.09984673394097222,0.019988135,-291.289,99.41928,-42.16588,-42.068233,-30.203709,-23.168352,-35.160446,-23.797794,-24.952705,-18.798903,-22.500206,-20.404968,-19.772379,-11.748924,-14.182009,-5.875525,-10.514888,-5.7244606,-6.504444,-0.20198072
1766-339-0.wav,Animal,1120.7046510294012,0.0752879955150463,0.04727685,-413.85486,27.794945,-23.124924,10.151515,7.097998,-2.2117615,-1.0966645,8.878875,8.608699,0.95817524,-3.9840407,1.9619447,2.8382478,4.159759,-1.0062851,-0.92973965,3.869287,3.2218993,-1.9002708,1.4006009
1766-34-0.wav,Animal,2431.2111763662683,0.09760199652777778,0.05588293,-165.93121,89.77138,-3.4329011,-15.056824,-19.02006,-8.673043,-18.990705,-17.26162,-21.78824,-14.423419,-16.350513,-8.804803,-13.374223,-6.5903845,-12.669354,-7.879555,-13.271338,-10.840129,-12.522391,-6.5380054
1766-340-0.wav,Animal,2070.3720423359737,0.07099971064814815,0.06617327,-155.94519,96.86153,-9.833577,8.666711,13.727197,14.255764,0.6301843,1.4153422,-1.1040143,5.8854403,2.594032,5.831716,-2.135471,-1.0210978,-6.196429,-6.272755,-12.62669,-10.6610985,-15.337897,-11.794584
1766-341-0.wav,Animal,1479.949053387268,0.07710548683449074,0.020571992,-476.21503,43.53389,-22.661888,-10.34326,-14.176916,-14.718427,-1.2250844,0.817648,-7.979992,-4.1334195,-11.039235,-3.7617173,-4.985177,-2.5943487,-1.67717,3.239731,-3.2806795,-0.6236636,-6.907435,-2.354257
1766-342-0.wav,Animal,2516.20892732006,0.1832817925347222,0.19023421,-152.62532,49.339573,-102.20868,6.7524405,19.566816,-4.2757154,-10.069069,20.678135,-2.1347566,5.283954,-4.148696,8.381674,7.085925,-8.288195,2.2123108,11.050196,-0.20438707,2.9509344,4.457981,4.6212835
1766-343-0.wav,Animal,764.6846108237343,0.03394006799768518,0.06430743,-373.09955,62.973534,-2.235813,7.269288,-4.9570436,3.7852082,2.7109487,-4.292537,-4.642829,4.320052,4.216916,1.9815218,-0.681531,2.7263958,-2.6566548,-0.1786996,0.15102369,0.750616,-0.97637147,0.7673354
1766-344-0.wav,Animal,3658.381683775279,0.29390010127314814,0.22577064,-11.746684,18.199478,-44.960903,32.068394,-14.756926,15.676708,-2.0025284,4.2003427,-0.036488287,9.892806,-2.6946619,7.0183353,-1.8953639,8.693909,-0.14379242,0.97574306,-0.8566919,-0.9485643,-0.6675818,2.0698218
1766-345-0.wav,Animal,2609.1422783626076,0.17631022135416666,0.045673642,-319.3483,79.44649,-29.557468,-13.955302,-30.989262,-22.107431,-19.867147,-1.7481195,-1.5088829,5.04577,-7.77011,-8.016229,-12.259644,-6.0802984,-13.564907,-14.42667,-12.110759,-8.59456,-10.808342,-5.256971
1766-346-0.wav,Animal,577.0208423726132,0.03499801070601852,0.12607038,-373.9029,70.61597,-15.60916,-12.631008,-3.5372572,-2.3815985,0.7612013,3.508397,2.9159873,-8.821998,-12.526234,-3.2159054,-1.008507,-2.6527786,-5.6898007,-0.46535468,-2.971174,-2.5811853,-4.7587867,-2.6512606
1766-347-0.wav,Animal,1397.9431663385074,0.0915188259548611,0.123431966,-151.67114,184.16866,-85.69232,17.114513,1.3559842,-26.583286,-14.494228,-0.5654809,-12.538942,4.1209445,15.10024,5.360245,-6.4075003,-14.852135,-4.285424,-4.42513,-12.938298,-4.973035,-6.1565228,-4.0017967
1766-348-0.wav,Animal,1573.1909476768374,0.04512984664351852,0.01736256,-335.48776,120.89216,-24.40154,37.37691,3.032924,15.592422,-0.12893584,4.376221,-0.82056755,8.661706,4.861196,9.181381,0.6011313,5.966244,4.8851895,6.2827296,1.4529936,2.9781923,1.027233,3.753168
1766-349-0.wav,Animal,1269.701315120539,0.07560899522569445,0.0893916,-384.77142,16.617155,-56.96455,-30.465328,-15.259948,-15.968432,-16.78268,-7.756413,-4.2592688,8.390709,13.010418,1.78576,1.7401766,0.52386844,-6.838862,-2.7746046,0.5337276,-4.562233,-0.16738309,6.6496615
1766-35-0.wav,Animal,385.03661721073377,0.020012749565972224,0.014612147,-561.8005,8.087842,-7.479394,1.1397833,-5.6965613,0.76916134,-3.8231304,0.12528597,-2.6230283,2.5645497,1.4246187,2.5369828,3.963028,-1.704436,-1.0614766,-2.3066127,-0.77827597,0.76972014,-0.44732693,-1.5685202
1766-350-0.wav,Animal,2361.54065415423,0.10781069155092593,0.09919227,-180.29774,90.16302,-8.826342,2.3433607,-12.211543,16.44227,5.629489,8.252977,-4.921902,2.2094111,1.1535876,15.274653,-4.9204073,1.1257248,3.2248342,-1.1347029,-0.23742539,8.632091,-4.8154364,-9.334778
1766-351-0.wav,Animal,2746.667966021321,0.1512179904513889,0.08602285,-209.7054,73.42202,-1.1879249,23.018286,-11.262776,12.372766,-5.3017464,-4.830346,-0.62606555,7.850317,-1.9245547,6.1366982,0.17887892,9.232822,1.1486589,-1.4987321,-1.1558983,-0.9040585,-1.1101578,-0.7865346
1766-352-0.wav,Animal,1942.4271310362549,0.13297073929398148,0.055926297,-179.84633,118.72106,-68.281624,22.704256,-3.7641962,-1.887116,-14.261933,13.716719,2.5158541,15.534214,4.1206303,0.5652007,-5.52134,4.1043663,-2.0855558,2.4392934,-8.394617,-8.318711,-3.842058,2.6384966
1766-353-0.wav,Animal,2486.717448365396,0.2009548611111111,0.13553031,-115.00189,93.20866,-53.578228,46.012188,-21.171719,-1.685698,6.963372,-14.63402,-10.623925,12.727651,-7.0456715,-2.1617556,-4.1443353,-3.7922602,-8.188624,6.0316978,-7.854452,3.20286,-3.2932317,0.037073206
1766-354-0.wav,Animal,1037.8122774940955,0.05665870949074074,0.04309612,-462.96234,9.33918,-56.99292,-20.745724,-17.522768,-16.985634,-3.3737466,4.1673946,2.122587,12.777793,1.9815438,2.601938,-0.25518617,-6.236295,-0.7363689,3.3948517,1.2144707,2.7344677,-3.3332295,2.668535
1766-355-0.wav,Animal,1104.5845537820876,0.07176151982060185,0.033204716,-447.49588,44.255306,-37.57106,-26.442568,-10.664219,-13.981502,-5.8318563,0.27713817,-3.3576114,-1.5990199,-4.096918,-3.6833408,-2.551924,0.007850099,-0.09996796,2.2049131,0.14978907,1.6597543,-0.38674128,-0.5033629
1766-356-0.wav,Animal,1088.5319943180928,0.04695411964699074,0.23267017,-164.14864,132.46236,-0.31011143,33.040504,33.134197,16.442192,8.987572,34.406033,15.142834,-6.037003,-7.276553,15.550149,5.313931,-4.714535,1.4553927,12.283248,-1.3621496,-3.3140903,1.3152697,5.224779
1766-357-0.wav,Animal,842.0001651571421,0.06074806495949074,0.09036125,-415.98248,54.74471,-19.240175,-12.928079,6.2809477,12.056781,-8.718675,-12.345899,-5.846117,6.3511543,13.475652,19.410887,7.543627,-6.410264,0.1165366,-5.2520895,7.930686,10.027173,-17.60002,-10.366584
1766-358-0.wav,Animal,2289.733648378483,0.09783031322337964,0.054913737,-150.88483,100.248375,-6.619621,-3.899203,-9.853432,2.369697,-4.9226356,-9.757316,-17.202433,-9.389232,-13.50677,-5.720322,-8.541133,-5.292832,-8.118031,-3.4685538,-6.8452497,-3.9601424,-7.7044964,-3.8941984
1766-359-0.wav,Animal,1319.9903966322108,0.06998245804398148,0.04397313,-399.72955,29.005259,-19.594418,-11.529644,2.498345,10.685955,-9.0015545,-7.5928383,1.6451396,4.193749,7.0739408,2.4368658,-3.4417434,0.11945166,-3.0179439,-5.600232,-2.8298776,-1.0872214,-5.8517556,1.5765878
1766-36-0.wav,Animal,1682.614037208258,0.08953631365740741,0.13016412,-146.35406,128.2737,-28.357847,9.453793,-9.2868,9.699818,-2.3601294,1.4198222,-6.945938,5.9806495,7.672219,6.2820487,1.4393603,2.4726486,-0.54932886,0.8576018,-4.6351924,-2.2365184,1.4184481,0.15768276
1766-360-0.wav,Animal,2634.631358807986,0.1279590747974537,0.13556796,-26.684132,80.17119,-20.569857,8.623472,-10.487635,-3.441868,-0.8305201,-10.5582905,-20.119936,-7.092493,-14.815022,-6.079536,-11.331439,-4.0002737,-3.8394334,-2.0275204,-8.150788,-1.4038717,-3.845152,0.08507296
1766-361-0.wav,Animal,2214.221079823371,0.1146556712962963,0.10408891,-145.40594,94.6899,-10.674788,40.90803,-5.978095,4.383564,1.8641196,8.685717,0.76727295,4.8259373,2.8630247,5.5543866,-2.7590666,6.3142986,0.4812412,4.0908813,-0.9621895,0.34018898,-0.5658427,3.3591564
1766-362-0.wav,Animal,1951.3846770870553,0.17664704499421297,0.107040405,-266.52563,88.07641,-159.27112,-23.914547,5.448459,1.1682658,4.8593783,60.965885,24.44879,1.3002436,-29.779366,-0.27992347,22.805502,-1.2278415,3.6457498,15.597999,20.09059,-5.8588495,0.11906977,7.931515
1766-363-0.wav,Animal,2055.92612751806,0.14710376880787038,0.11373431,-109.2811,105.0173,-85.14272,4.92927,22.02929,35.252144,-9.267356,25.885855,-3.5667796,16.856707,6.683481,-5.6963463,4.0628133,11.935743,-7.7677126,6.493868,-5.974564,3.1306977,-3.6200163,7.283575
1766-364-0.wav,Animal,1271.0033135660576,0.07957628038194445,0.111904174,-300.6878,117.4617,-57.830883,-29.334946,-26.942362,-29.564583,-21.356201,-20.85098,-5.7568126,-10.718305,-2.4244757,7.7997923,0.080493644,5.111873,-2.8670943,-13.3755245,-6.8501287,-2.504048,-3.967938,-4.9648457
1766-365-0.wav,Animal,1640.6129330635076,0.09708432798032407,0.20632713,-166.29091,110.36322,-59.780685,13.689748,37.81169,25.471,13.582006,42.79663,15.1954365,-12.925905,-13.273853,12.995612,6.0317564,-1.3985871,-1.834798,8.964812,-0.5456997,-2.157067,1.9800254,3.8935132
1766-366-0.wav,Animal,217.34186120223862,0.013197157118055556,0.008201731,-600.9402,4.6942906,-8.5059395,-4.276621,-0.818615,-1.9734448,-0.29460648,0.8254165,0.82145697,0.4409389,-0.47666714,-0.24632847,-0.86076653,0.4595077,-0.079557,-0.3353209,-1.1122057,-0.09415719,-0.12437991,0.46913937
1766-367-0.wav,Animal,1092.37981259102,0.048210991753472224,0.028098984,-435.79446,25.419024,-7.3865323,20.078041,6.885076,7.1044316,2.794702,9.318461,3.4095652,1.0567737,-3.428871,-1.4205145,8.685356,2.1198704,6.479656,3.9100423,-6.2684355,6.828581,1.6214898,3.142295
1766-368-0.wav,Animal,343.29263172030636,0.01303665726273148,0.0089158965,-563.41797,24.685863,10.648122,-1.1931167,-3.1622822,1.2117425,-2.116913,-1.8413936,-2.4595973,-1.1692344,1.2374482,1.1398184,-0.8260765,-0.9310701,-0.36451894,-1.0165942,-0.52872634,-1.0108889,-1.4739921,0.87346673
1766-369-0.wav,Animal,854.6488539809055,0.04191532841435185,0.086262666,-320.60696,122.54872,-17.423876,-11.1228695,4.823771,19.06814,-7.0469065,-8.846844,-12.408319,2.8181355,-1.8902202,-13.872551,-3.6055455,0.8839713,3.6215534,5.70614,0.7256015,-4.2917266,-3.5858471,4.7080784
1766-37-0.wav,Animal,1022.7475153432866,0.04625560619212963,0.3255122,-154.25694,112.12032,-33.07759,3.5071542,4.4720454,11.698224,3.4092176,7.4007697,3.5524433,2.401272,-5.220153,-2.8209395,-7.5077167,-3.1770968,-5.6564884,-1.4384229,-4.1239376,-1.1109018,-3.8125005,-1.5527022
1766-370-0.wav,Animal,1137.1175235391415,0.0647289134837963,0.08051162,-367.1974,42.09744,-14.366742,-8.53805,-6.0004025,8.168247,-12.434521,-6.4170127,-1.6487769,4.712879,11.752794,4.1383963,-2.9537802,4.6650157,-5.8641777,-2.3427484,-1.0727525,-4.3590665,-5.0839543,2.5191176
1766-371-0.wav,Animal,1717.3781830141918,0.08638509114583333,0.050834075,-341.6697,35.02567,-23.731306,-17.09546,-21.167892,-17.554459,-9.705937,-0.6529493,-5.851237,0.18695125,-3.3186228,1.9544104,-4.366694,-4.38446,-0.021479078,3.99904,-5.478693,-4.957404,-5.2886634,-2.3705873
1766-372-0.wav,Animal,2183.051665326799,0.12348994502314815,0.18827344,-117.04962,96.10889,-45.37932,-11.744889,-20.889006,-3.3119762,4.310145,14.55171,2.28495,7.3225503,-6.7945185,-2.8493152,-6.7224164,-1.5674644,-5.5487404,-1.6414185,-4.163983,-1.9386513,-3.26,0.97301835
1766-373-0.wav,Animal,1603.9335665471406,0.07798032407407407,0.043428045,-400.99078,97.2765,-33.948112,-39.14832,-6.4242406,0.09387899,4.5685573,9.514051,3.8465674,17.997353,13.746331,19.788435,6.2608743,6.2990985,4.2001014,8.267285,4.427572,2.548408,3.135527,5.037738
1766-374-0.wav,Animal,161.06153736441868,0.00687888816550926,0.006978742,-586.2314,10.243309,-2.9993489,-2.870357,-0.16401686,0.6985419,-1.224443,0.09405699,-0.09009536,0.41763455,0.6170243,0.9444173,1.637248,1.9765022,0.67603403,0.25481257,0.37816846,0.84338605,0.5216663,0.41095904
1766-375-0.wav,Animal,1792.836102475664,0.14631257233796297,0.037200592,-248.27191,137.56659,-99.25049,-8.628373,13.376459,-10.58535,-8.671093,7.516946,-0.5429464,6.22026,-3.3926454,-4.600142,-3.7937205,-0.44533575,-9.326787,-0.27925864,0.66693,2.4210196,-7.2878985,-4.886353
1766-376-0.wav,Animal,468.49177750429993,0.030350296585648147,0.008476611,-608.1688,13.562462,-14.681222,0.83682215,7.134161,0.9828347,-2.3309367,6.1579995,-0.860724,3.3422823,0.15324385,-1.3918493,2.6126652,1.6114161,-1.4745985,-1.0559312,-0.5877601,2.2874634,1.741493,2.8916516
1766-377-0.wav,Animal,1397.2070065894184,0.07770001446759259,0.14759657,-122.079895,150.56071,-49.97166,-7.868311,-1.3149571,7.2136297,9.388902,7.369864,-0.7175373,2.3790956,-3.0274296,-2.1127818,-3.3415647,-0.36188197,-2.4944775,1.5463934,-5.5632815,-3.491563,-8.070297,-1.2962214
1766-378-0.wav,Animal,1639.8749982949155,0.06920934606481481,0.05280488,-322.0401,115.34746,-12.788737,12.412746,-10.220446,2.4196148,1.6833209,-4.250643,-3.7851164,0.8920541,-8.543241,-11.717175,-10.597083,-8.005303,1.1052665,1.9426541,0.71958756,-1.1611685,-3.8086576,-5.6219144
1766-379-0.wav,Animal,1327.4959690476187,0.05675817418981482,0.0715498,-325.83987,112.36318,-1.6602862,-18.641565,-26.651522,-3.4713197,-9.746146,-12.093806,-4.83717,-7.8041058,-20.652193,-3.5162678,-5.295234,-2.23273,5.970089,16.142658,7.4944053,-3.1514857,2.2491016,6.5959125
1766-38-0.wav,Animal,168.14034659371657,0.007143373842592593,0.020519296,-538.9819,10.6461115,-1.3582057,1.6125728,-1.081927,1.0353253,2.2204068,1.959031,0.043495342,-0.013826264,1.237285,1.4177458,-0.26198095,-0.8280236,-1.315181,0.6211322,0.6282139,-0.000109381144,-0.11541905,0.40763563
1766-380-0.wav,Animal,1544.810581520482,0.11067030164930555,0.0887379,-369.35318,43.227596,-60.81401,-25.645718,-18.02579,15.743492,2.3601537,0.22824262,-6.1685977,7.3852925,22.69944,20.093826,4.795208,16.888895,8.251049,-7.626069,-3.8099406,-0.023132253,-7.747586,-5.706919
1766-381-0.wav,Animal,1564.2960480785362,0.1089794017650463,0.01714493,-390.96344,144.57202,-72.775795,-7.3809247,28.038628,-3.8614445,0.63119024,19.073694,10.475713,-6.1112194,-9.388599,15.637094,13.9582815,3.1698954,3.8053935,14.183753,7.696384,-4.4015102,-0.5666166,10.506468
1766-382-0.wav,Animal,2530.456980990604,0.13822654441550927,0.041426364,-325.79343,82.046814,-21.439941,1.9072757,-0.40683252,13.046247,-3.1097956,5.788542,-3.2578425,1.1826477,2.2139523,2.8236437,7.7643104,10.431348,1.3548617,0.37996235,-6.6020803,0.8457225,1.237619,1.3698624
1766-383-0.wav,Animal,1251.4364519859444,0.050647876880787035,0.034667477,-329.81073,134.96411,-19.164688,4.7483206,3.6352193,10.287615,0.9202919,15.131289,13.855927,6.4068017,2.1037898,4.1589804,6.5416102,0.9378984,-1.0368186,-1.6933484,0.7460925,1.5134467,1.163237,1.14423
1766-384-0.wav,Animal,2373.8614157724583,0.1752025462962963,0.07968516,-267.7602,33.758034,-117.77304,27.458609,26.559647,25.738543,38.30589,43.502342,0.8743753,-10.551569,9.086841,24.992464,0.083318554,0.97111386,14.390078,9.001741,-4.153265,10.590888,2.8441286,3.6021016
1766-385-0.wav,Animal,985.1214790676611,0.041472258391203706,0.030318484,-392.02142,144.22083,17.39409,1.9163824,10.924589,-0.5369216,-12.152922,-5.727167,-9.907317,-1.3215135,-0.23003457,1.9540939,-2.6320982,0.10031762,4.990771,3.3473313,1.7827927,-0.6296997,-2.0448904,-2.5414596
1766-386-0.wav,Animal,2967.4323902785195,0.18159089265046297,0.11557798,-183.23326,63.92457,-13.623327,15.369367,-20.707552,10.814139,-6.228417,-6.358479,-2.8301442,10.945019,1.4205924,5.763172,2.8279262,7.5156193,-1.40716,0.16950043,-1.0292585,-2.7366989,-2.7981417,-0.7937246
1766-387-0.wav,Animal,2999.2048824697736,0.17688892505787038,0.0323872,-242.26048,61.310715,-35.114883,-1.8390994,-12.216594,-8.7594,-13.789356,-2.1084201,-6.859789,-8.064795,0.42104015,11.326434,-7.8721294,-4.516169,-8.411075,0.8652569,-5.51377,-0.50761074,-8.608819,-4.7777257
1766-388-0.wav,Animal,1086.1265754770734,0.03821705005787037,0.051016048,-236.84108,160.00575,10.734038,4.865078,11.475822,10.0168295,5.2600455,8.657782,0.9839385,3.2910993,-3.6570802,0.9500387,-3.276378,1.3439339,-4.2164297,0.8699208,-2.867078,0.82135403,-3.3169231,0.32585865
1766-389-0.wav,Animal,1761.4883413058953,0.053132233796296294,0.008854234,-377.16342,109.729385,-4.2480197,13.440357,11.650657,25.95886,-0.96803737,7.836023,1.5234922,7.973101,6.2117376,1.182163,7.2456837,5.021241,-2.0810711,2.5844433,-2.6548367,6.9607015,2.2721317,5.010794
1766-39-0.wav,Animal,961.001573199001,0.02485261140046296,0.0052940273,-569.18756,31.588993,0.9967808,1.3336891,2.0401285,-1.6764252,0.45547244,2.9178295,0.7829183,3.8789032,6.700908,7.601944,4.791715,2.37229,1.4451468,2.949277,3.121516,4.172258,3.9999297,3.859879
1766-390-0.wav,Animal,881.1113769684584,0.025605378327546297,0.117859475,-324.7285,117.609314,27.051205,9.370388,7.876151,3.3922129,12.724652,26.785353,18.697247,20.279104,7.543656,7.00903,7.2982078,17.240051,10.296242,9.37174,3.3777328,4.5473194,2.496046,1.3248105
1766-391-0.wav,Animal,1609.2100756534185,0.046773274739583336,0.03150542,-296.32693,111.90865,43.9087,40.612827,10.92101,16.048944,-4.092077,-5.8948264,14.159069,-6.199731,-3.141054,4.1789,-11.606947,10.884057,-4.001157,-4.8421264,1.2723958,-6.0875854,0.4741945,3.7865157
1766-392-0.wav,Animal,1949.5323025377083,0.0950611255787037,0.05268173,-168.94244,116.103645,-16.264915,0.70721215,-4.6327896,9.267042,3.0033727,13.42039,1.1637555,5.210278,-1.8182353,2.5449843,-2.5785863,-0.7251981,-7.826849,0.4216949,-2.6838915,-1.0810173,-5.468037,-1.6439553
1766-393-0.wav,Animal,1476.2468187429226,0.06788691767939815,0.124412365,-152.38596,132.65417,-53.68137,12.082812,6.453006,2.098285,-23.361183,0.3231214,1.7290196,5.782699,9.924255,16.27165,2.8813212,2.941582,-2.507417,3.6772923,-1.2550261,-1.2606486,-1.3407298,6.16545
1766-394-0.wav,Animal,2895.694203770518,0.14654993127893517,0.039478138,-219.51552,65.65549,-8.087043,-6.9976687,-34.525814,-23.19676,-20.348917,-25.243849,-24.901497,-19.367702,-23.409988,-17.667015,-14.86513,-8.951646,-15.155897,-5.753307,-11.599677,-3.656505,-7.1772633,-2.920891
1766-395-0.wav,Animal,1999.6527990560294,0.08921983506944445,0.014730619,-304.08862,113.31771,0.5733219,2.5949967,-11.469055,4.022273,5.3240113,-2.255098,-5.8655496,8.029805,-0.9176019,4.709625,0.06342224,-6.8227286,-10.842738,0.3193067,-3.4021575,1.7543668,-0.43890175,0.24344599
1766-396-0.wav,Animal,1867.227825258616,0.07475450303819445,0.047928236,-304.111,87.399475,-22.917402,11.338847,19.86717,3.937948,8.425085,15.77682,9.930079,4.747112,1.1834167,5.1677756,4.1321445,10.644486,3.9441218,3.7976742,-0.75141907,5.4713135,-0.70516706,2.5886016
1766-397-0.wav,Animal,1597.3497844654426,0.1134372287326389,0.01773953,-370.90387,158.07874,-83.938286,-4.612026,4.2327533,-5.170118,2.4937437,0.22212008,5.595512,4.5735693,0.8328278,14.838835,6.9209447,7.233908,5.477243,5.790819,3.534791,-1.3059517,-2.6180797,0.7649321
1766-398-0.wav,Animal,2713.174282468578,0.1615261501736111,0.026824573,-277.34686,72.95161,-5.6011133,20.69402,1.6531022,23.161577,-8.294999,-2.1086216,-12.70808,-3.454422,-4.9102345,-2.2255247,-2.373802,-2.8248618,-9.949542,-2.8138702,-10.576409,-7.811545,-5.3282695,-1.5139642
1766-399-0.wav,Animal,1381.5549703063448,0.042919017650462965,0.039066933,-307.75433,116.20475,26.03936,25.579844,12.569236,25.605661,11.213839,8.949157,-0.09974218,8.053463,4.014931,8.0327215,3.0871837,9.223722,0.08395443,3.9101026,-1.9273671,2.2652063,-1.2061968,6.193101
1766-4-0.wav,Animal,3075.6900141456226,0.11866138599537036,0.00781144,-399.04303,40.348877,-20.451466,1.0005399,-3.6106963,-14.543427,-4.4158435,4.0535154,-8.458561,-5.0071387,-15.11469,-9.657799,-0.4828963,-2.5388336,-4.6380277,0.90356773,-5.069259,-10.104933,-6.2063055,-8.247366
1766-40-0.wav,Animal,1745.8278135281578,0.13212302879050927,0.04456241,-370.7463,114.65988,-82.57575,-5.0759115,28.096582,-4.160852,-1.6579816,44.594368,18.220396,-6.6102333,-17.226793,11.893467,18.45329,-2.4708822,1.4506129,15.634211,10.856574,-8.308415,2.7254515,5.700999
1766-41-0.wav,Animal,491.6522198393333,0.024382414641203703,0.12647669,-332.97037,43.000107,-11.682647,0.7979255,-2.0493731,2.432806,0.33745244,2.560109,0.362514,-2.3775346,0.027704649,2.5141983,0.4059915,-0.91591823,-3.9366953,-1.1351517,-1.9325337,-0.9912548,-0.6964312,2.104878
1766-42-0.wav,Animal,1522.7981677096789,0.05359338831018518,0.21524134,-127.84401,137.93274,-7.2415423,26.169178,-4.8568206,5.3251047,-1.9965271,-7.628879,3.249928,14.693683,9.062819,9.143963,-0.98036164,1.8594185,-5.7886963,-2.9140594,2.3216534,3.7575424,-1.5014374,0.8975928
1766-43-0.wav,Animal,2611.950288966003,0.14188865379050927,0.02765388,-277.11664,74.180504,-43.13325,-0.7153701,-14.17384,-9.439618,-5.976572,4.0851374,-8.089151,-2.8055801,2.197575,16.636503,1.1243547,6.693329,-3.1239767,-1.1653857,-6.0310297,-5.2589025,-8.2452965,0.06351923
1766-44-0.wav,Animal,3065.7395747966193,0.11390516493055555,0.037558082,-397.25925,40.127975,-25.931139,17.110033,21.223946,16.094236,3.398273,20.966784,13.600673,9.636494,-3.7597413,9.186015,5.7435904,4.123944,-1.500593,12.1148615,5.1507297,-0.07324766,-3.9292707e-05,5.9811187
1766-45-0.wav,Animal,3298.89843385061,0.2509743019386574,0.010529715,-488.56815,73.43866,18.519802,6.581851,0.13202116,-1.331263,-4.382318,1.1457611,-1.0597978,1.2196243,0.14929949,4.0703983,-1.3364421,1.2909834,-0.5738651,0.7598672,-3.3826354,-0.52158,-2.971076,-0.6873087
1766-46-0.wav,Animal,2086.0442078155133,0.13307472511574073,0.08041306,-320.95697,75.291565,-78.41752,-2.490599,47.002193,6.1879025,21.527306,45.611305,19.021818,-4.4730377,-17.031282,26.08276,10.856156,-4.2034283,-7.04439,18.051542,-0.9929408,3.1256216,1.0798184,6.6336975
1766-47-0.wav,Animal,1069.6669364437494,0.06013319227430555,0.16298869,-149.90225,189.37898,-48.677525,19.00969,-5.4823446,-11.493595,-3.7328527,-4.9487767,-16.597298,-12.6283865,-6.9635496,-8.961106,-9.581521,-8.6206255,-9.140257,-10.172542,-4.8280387,-2.3120706,0.053146787,2.905035
1766-48-0.wav,Animal,2060.386318448088,0.10675048828125,0.052479394,-208.56622,106.61567,-15.990025,23.249918,-19.02612,5.149155,-13.747051,-5.1259794,-17.43857,-5.973246,-12.085192,-2.174415,-10.2432995,-5.8424006,-7.3560357,3.3436818,-4.1189284,1.8303335,-2.058546,1.0946761
1766-49-0.wav,Animal,1661.677156496712,0.10002305772569445,0.200011,-176.72308,101.85834,-60.605293,14.362483,36.856964,21.7889,16.847866,40.06439,11.347308,-9.861855,-8.143272,16.915073,6.040426,-1.8426118,4.3018804,9.5182495,-2.5646505,-0.39299795,4.3736124,2.3019848
1766-5-0.wav,Animal,2838.5976241009957,0.19719328703703703,0.022405792,-373.7079,65.66122,-35.4229,49.816265,-38.941185,26.495483,-22.540592,13.389662,42.934147,14.523297,31.682865,8.790911,4.692314,6.128296,-3.4703748,2.9033964,-0.38618243,11.075539,2.9995258,13.976533
1766-50-0.wav,Animal,1924.386566254193,0.09407778139467593,0.07941236,-274.8539,112.98036,-14.484611,-19.127285,-6.4375453,9.287373,4.965918,3.9379451,-3.5662646,5.4618797,-9.18615,6.5517983,9.072701,14.718812,13.589517,6.0500965,-4.186867,-6.604255,-7.1690764,0.8937247
1766-51-0.wav,Animal,1704.3935322882114,0.07777461299189815,0.070505,-230.36357,128.97346,-6.1188974,-7.1652713,-20.421835,8.549477,11.683549,-8.526195,-18.359528,-6.52633,-13.273731,-3.217583,-5.79356,-10.640038,-14.03559,-9.946411,-6.1051636,2.9696813,-1.9417937,3.9848099
1766-52-0.wav,Animal,1951.0853967299272,0.1195995189525463,0.04512365,-165.74637,120.546684,-51.2993,31.094353,-5.4746737,5.4502788,-13.882035,12.40063,5.5990252,9.942324,6.640808,6.348235,-2.326881,2.4026632,-0.8811541,2.2827508,-9.660319,-5.085398,-1.7439219,3.886782
1766-53-0.wav,Animal,802.9458154901295,0.05178493923611111,0.046484333,-387.86685,22.360203,-11.466127,1.7137166,-10.508532,7.1725564,1.3094107,1.7553242,-0.21317016,-4.359024,-5.5814366,-0.8707165,2.585316,0.3727646,-0.6657638,1.8724992,-1.1971898,-1.6675802,-3.4796433,-1.7891675
1766-54-0.wav,Animal,1906.703111114542,0.07301613136574074,0.047813516,-274.08597,117.33214,0.6105939,20.015764,-19.000168,20.074694,1.3817375,-2.3898091,2.1256626,3.4542542,-1.958574,4.1413436,6.754919,2.4566743,-4.1315093,-1.9510641,-0.85152,-2.256158,-5.6553764,-0.51786107
1766-55-0.wav,Animal,2486.476276362856,0.1146240234375,0.16396798,-165.12233,93.30657,6.497745,9.037198,-3.5804384,1.0476478,-7.58722,-2.1030028,-10.772086,-9.166895,-12.318273,-3.9642606,-8.66228,-7.421917,-13.236904,-7.4677715,-9.659569,-4.5023518,-6.8479943,-3.3824763
1766-56-0.wav,Animal,2044.7263167631802,0.12439643012152778,0.035684586,-229.58867,103.77877,-47.85305,26.123222,28.817747,19.431173,0.20996235,19.947899,0.7630156,-1.3442757,-4.0637856,-3.728012,-1.9574126,-4.410701,-1.5205009,1.5275462,-5.228988,0.5541999,-4.365488,3.7632442
1766-57-0.wav,Animal,1906.2287186108356,0.08933512369791667,0.082004055,-381.38687,34.80225,-7.985581,-20.057676,-6.6757836,-3.0062058,-11.4905615,-7.7514625,-6.231081,7.631501,7.4669456,-3.4128332,-9.882544,-14.721392,-10.286463,-6.659262,-8.004421,-9.86886,-7.6978364,8.908295
1766-58-0.wav,Animal,1635.972874535449,0.08428955078125,0.26274517,-104.53366,126.46124,-48.533245,-27.53491,-15.582081,-18.443033,-16.885696,-6.8072057,-5.2968287,0.8178968,-3.0120955,5.233203,4.515008,5.496978,8.5447445,5.243885,-5.3013873,1.4210824,2.6484942,2.8774014
1766-59-0.wav,Animal,934.7310386933709,0.06554949725115741,0.020376258,-502.3275,49.18422,-24.227175,-11.233466,-18.258802,8.648341,15.462575,8.059828,-2.0975282,-3.3883135,4.0908055,8.675147,11.834326,9.519524,-0.78083235,-4.1862698,-3.0342474,-1.9164177,2.268382,2.869061
1766-6-0.wav,Animal,1209.300016661212,0.07765254267939815,0.05719326,-313.02124,153.76067,-84.18769,-56.67176,-8.100976,-34.28967,-22.072477,4.303442,-1.570556,8.797755,25.597172,8.505403,0.2936002,4.25958,-5.166348,-2.9399934,7.469898,4.3232203,-1.4261104,3.7944918
1766-60-0.wav,Animal,2146.4145643850998,0.13088424117476852,0.07855993,-156.80328,105.78062,-76.88339,12.16766,-0.017117536,-2.6778538,5.0608344,-0.3443824,-3.0675745,4.7031865,-8.159384,4.8928804,6.3059874,6.603146,8.876789,13.09468,12.75716,10.737996,14.276942,8.49952
1766-61-0.wav,Animal,1850.3408735220266,0.07955141420717593,0.211076,-114.67319,119.88351,-31.123268,5.701266,12.887406,25.964193,12.202551,8.192117,-1.0187125,5.4302363,1.3336816,7.190602,-6.170287,-3.4933002,-3.827953,2.0357256,-4.391309,1.1518716,-5.1973886,1.7934656
1766-62-0.wav,Animal,1858.4407310349573,0.09880235460069445,0.0809779,-280.91013,101.337494,-41.93422,-42.64725,-20.006304,-14.956153,-9.271289,-3.8189776,-10.166557,10.906505,-2.9464865,15.434915,13.754961,11.456884,-10.362806,-13.888746,1.864241,3.5703,-4.1386547,0.36644322
1766-63-0.wav,Animal,1648.5510118659383,0.12656204788773148,0.07834369,-225.80894,149.4428,-96.6632,-8.078236,2.8396473,-0.5433693,-20.356855,-28.940842,-0.05386289,-8.41331,-14.91646,0.6136859,-11.509574,-3.1838381,0.4651255,-2.5669308,-1.1377399,-0.9131686,-8.425835,-4.773148
1766-64-0.wav,Animal,2995.868157660056,0.18195936414930555,0.091941394,-208.50638,63.871307,-9.230455,18.198376,-21.26359,13.082719,-3.7954638,-7.6266975,-1.6987723,10.360329,-2.2720346,6.7843266,3.9904926,6.957074,-0.8031337,0.36748794,-1.425315,-1.6240472,-1.6524116,-0.6791723
1766-65-0.wav,Animal,1271.7206140336175,0.05607548466435185,0.037151717,-332.57834,120.002655,-23.188921,19.744114,32.013195,21.755287,6.1468787,23.030378,11.88064,20.178183,8.334533,1.500057,5.4879427,9.904394,5.7653317,8.820059,5.225777,4.798111,0.15463349,3.5223722
1766-66-0.wav,Animal,1254.2523187570641,0.05063657407407408,0.021816315,-371.92044,140.27022,-24.001896,13.9108515,12.530455,14.840233,6.503579,10.6844845,5.740848,12.312489,8.744361,5.359635,-1.2221758,0.42671236,1.982627,2.6595387,2.5966222,4.428402,2.8653738,2.8771105
1766-67-0.wav,Animal,2032.5586014422033,0.11830195674189815,0.043534752,-288.2498,86.29792,-40.142918,15.072036,-5.8639026,-11.32946,-0.32115936,-4.5318213,-8.122873,4.8186994,-1.3422767,-1.0814794,-9.314767,-1.1043533,-5.1177583,-6.109089,-8.247364,4.9767613,-3.3446321,-1.7124517
1766-68-0.wav,Animal,2077.7799795975175,0.10223614728009259,0.1047157,-210.84364,87.5087,-59.127926,-27.932426,-9.5647335,0.8815032,19.068716,9.722223,-24.415653,2.9736953,-11.754093,7.9210978,14.6951885,6.6048856,10.688062,15.604026,-1.8401433,-2.463909,0.1850593,2.7552433
1766-69-0.wav,Animal,1088.3730813928833,0.0690013744212963,0.010309421,-564.141,29.95691,-6.4028735,8.020748,-10.797405,11.671751,-7.209387,0.5538003,4.950627,6.17346,1.8157707,-6.5152225,-2.374145,0.76649326,0.47140202,2.617967,-1.6379119,4.3846416,1.4553683,-3.2480373
1766-7-0.wav,Animal,2507.488923798956,0.16276493778935186,0.04201159,-476.62897,30.921133,-26.476322,1.8580693,5.7904487,10.188087,-6.797897,-5.3997216,-6.1174917,-4.004648,3.9484274,4.05514,5.725933,-1.6929022,-5.4467807,-6.5041637,0.7995456,4.9497313,-6.197632,-10.928613
1766-70-0.wav,Animal,1552.9213614941239,0.07137496383101852,0.04415703,-316.9979,129.93251,1.1915525,18.623964,9.272257,15.221008,-9.146183,6.7181697,0.018065134,2.8503332,-9.362913,0.05195872,-2.6108246,-0.29963574,-1.6224071,-4.7679286,0.95571643,0.9504472,-0.8534333,-3.0292554
1766-71-0.wav,Animal,1964.2341748540287,0.09873679832175926,0.07842226,-134.9547,113.15316,-18.984484,23.938454,-29.4891,-5.7733436,-5.463797,-4.813557,-14.900814,-7.483022,-8.770128,-3.330499,-7.501352,-5.29116,-12.466309,-9.838194,-9.183919,-3.1239557,-4.8077154,-3.0250063
1766-72-0.wav,Animal,1689.6973169823457,0.07251428674768519,0.0511098,-422.0957,77.44534,-27.26081,2.5392146,-7.591689,-2.1699662,-2.1212847,-8.285323,-6.899939,-3.7808332,-9.115022,-11.334416,-13.6060095,-13.262801,-11.6427555,-10.173301,-7.2768617,-6.754285,-4.0801754,-3.6008806
1766-73-0.wav,Animal,2455.257964498244,0.1106883861400463,0.07918007,-320.23267,40.46595,-6.0698924,21.906239,1.9912193,10.643237,-4.051766,5.36995,0.40577894,6.7077007,8.670037,12.634265,9.939724,5.555663,-7.2007318,-2.539089,0.35224345,0.80722696,-5.8526816,-1.8502016
1766-74-0.wav,Animal,2321.0173973465066,0.1582709418402778,0.1465047,-63.433723,84.48553,-79.122215,1.9930792,14.128486,25.641203,-17.959154,25.75929,-11.282752,18.798042,16.837818,2.1032228,3.4892108,4.8327026,-5.074117,9.771334,7.3104067,8.42043,1.9277669,9.7368145
1766-75-0.wav,Animal,1348.1633941487762,0.08643256293402778,0.05537169,-268.15213,114.11825,-45.369705,6.8331933,-0.7253117,-3.5794785,-16.341288,5.9176807,-9.872814,-12.010381,-12.769451,-9.814075,-11.495211,-8.519794,-7.2740808,-8.943346,-8.996593,-4.6166477,-8.334212,-4.247076
1766-76-0.wav,Animal,2742.9338485840894,0.15928819444444445,0.01909332,-279.5858,69.89183,-32.423668,0.84046173,-16.632992,18.663015,-0.31669548,10.468321,-4.4803824,17.133821,11.260046,12.88241,5.7319393,-0.5284987,-2.9793532,-3.389775,-2.6223156,6.2913756,-6.6591463,-3.7128918
1766-77-0.wav,Animal,3374.8856759952982,0.24170826099537038,0.075515926,-157.6955,37.42422,-34.541172,59.521626,-22.260494,15.463808,3.166124,13.0140915,-2.8542628,4.6204114,4.0983467,3.1269581,0.27641925,15.184443,-5.6988106,0.6828426,-3.4155576,2.466529,-1.8812772,5.1285625
1766-78-0.wav,Animal,1887.065033148907,0.09140805844907407,0.14033283,-98.694336,117.259766,-24.198503,9.101818,-23.912277,-0.96627283,2.3055265,2.7129695,-12.63434,-7.1563425,-6.7896967,-8.192165,-10.710255,-7.723858,-12.153155,-3.9940841,-11.484294,-5.6592345,-8.170838,-2.4578428
1766-79-0.wav,Animal,2641.252117711586,0.12065520109953703,0.028681073,-218.78465,82.30243,-9.614093,8.994893,5.3025613,16.175066,-0.15873115,0.6912079,-8.058549,-0.48249027,-4.571419,6.1646557,-0.8947702,3.8784597,1.0824335,1.9855272,-2.0616918,2.3204114,-3.155277,-0.106943995
1766-8-0.wav,Animal,1999.939874338263,0.10032597294560185,0.047410175,-407.87952,19.3782,-35.361263,13.744881,-7.078248,15.519013,-2.9935153,-0.4484112,-10.528162,0.5573352,2.643495,-7.202552,7.914788,16.010588,6.982618,4.741034,-11.105019,-6.330018,1.8151228,3.7999096
1766-80-0.wav,Animal,2698.387952200436,0.07041874638310185,0.03182967,-306.06842,50.406696,-13.216689,4.490836,-0.44118288,-9.758223,-3.4470758,4.5732784,-9.757733,-7.0280976,-14.247443,-12.121532,-3.925948,-3.9545207,-6.1000195,-1.3834114,-8.705465,-13.700356,-9.866821,-9.069894
1766-81-0.wav,Animal,2563.092313458936,0.16776756004050927,0.0408922,-484.14236,36.448017,-31.87444,5.8432455,5.832855,6.142193,-10.902791,-7.131744,-5.127127,-1.2361928,5.4881206,3.3422425,4.3581305,-5.836416,-10.457664,-5.5797815,3.858897,-0.0024588197,-11.412079,-7.510153
1766-82-0.wav,Animal,3080.307945603027,0.1275612160011574,0.07638229,-97.04496,74.33918,8.692948,-2.7585404,-3.569286,-1.9732476,-4.6877646,-5.6279945,-12.538399,-4.9574075,-13.482619,-7.593371,-11.857411,-4.842493,-8.52601,-0.58618915,-3.8211179,0.14561713,-2.647272,-0.83646166
1766-83-0.wav,Animal,1648.3224559127264,0.08752893518518519,0.10764103,-335.89142,58.321743,-37.109,-29.985401,-2.6952317,-9.427409,-23.56348,-11.902769,-10.572441,2.3063111,2.6890152,-5.11789,-6.9438715,-2.1824687,-12.358312,-10.143272,-6.8572717,-7.118243,-3.5890229,2.6027505
1766-84-0.wav,Animal,2110.9431011327692,0.07171178747106481,0.12530811,-118.72305,88.63683,5.262153,19.197876,9.796342,39.142937,6.9583626,10.647316,0.41701147,14.082603,5.2837987,5.3424015,5.0135326,2.534906,-1.5150392,3.676898,-1.8751761,4.794033,0.12799464,3.6123204
1766-85-0.wav,Animal,2430.291013342488,0.13441975911458334,0.038790435,-301.65875,82.0797,-7.865396,16.263288,-0.39928365,28.635603,2.5245342,-0.31832066,-2.975934,13.298281,7.197361,-2.6959212,-2.6500256,0.36752573,1.3737569,2.1372328,-4.8662286,0.89692926,-1.159937,-1.384146
1766-86-0.wav,Animal,2434.005233474718,0.15211995442708334,0.06846794,-165.93373,76.471924,-56.03222,12.624506,-10.793828,18.193058,-6.893063,-23.622646,-19.207565,-5.5899773,-13.545985,-5.2554407,-17.755373,-11.723396,-12.204224,-11.565211,-14.680842,-6.3554235,-13.978857,-11.488519
1766-87-0.wav,Animal,1391.6779120416677,0.06810393156828703,0.302942,-141.7668,128.33621,-27.056116,-1.3253284,-10.624185,4.349667,-6.2039003,-10.801128,-13.921803,-2.0165865,4.1798096,9.840642,3.2145991,-1.8289887,-8.604184,-12.59518,-11.63076,-4.3876147,-5.1617026,-6.8947926
1766-88-0.wav,Animal,727.0775976558384,0.054606119791666664,0.029797683,-461.5811,48.961426,-14.0555,11.0253,-1.8840063,3.9153562,2.689119,0.6119029,4.5543203,10.596472,-1.1458713,-1.9038626,-3.1244931,3.2583528,3.4343307,-1.4531008,-3.2829998,4.4821377,4.70457,-3.2251437
1766-89-0.wav,Animal,868.7815501337469,0.044881184895833336,0.23234218,-141.76723,204.98036,-36.268368,10.353463,-0.7636761,-14.457556,-7.473946,-8.980428,-16.539326,-9.783123,-3.3356476,-11.733557,-17.804384,-15.08053,-11.502147,-9.501592,-4.503354,-0.6425259,-0.5865899,1.4546089
1766-9-0.wav,Animal,1865.0847142945931,0.11799678096064815,0.08254102,-198.11028,103.406265,-75.722206,-24.465544,-49.42008,-10.880901,-5.652937,-20.234823,-26.282154,-10.719069,-13.092566,-8.894868,-8.407062,-11.329459,-16.483448,-8.9126625,-9.510445,-8.206404,-16.004133,-8.273897
1766-90-0.wav,Animal,1930.6225142330743,0.12785961009837962,0.18761225,-201.79024,84.09428,-90.56268,6.063071,37.167282,18.103086,22.923494,50.40958,12.781092,-15.234924,-12.041217,18.035324,8.777103,-0.92009246,2.163942,9.596327,-1.0395019,-0.9400769,2.0574093,1.5210899
1766-91-0.wav,Animal,1760.69199218206,0.08637152777777778,0.07948348,-169.83575,126.69886,-12.030323,-23.56147,-26.479233,-0.1855791,-5.1270657,1.209266,-8.163983,-3.148001,-11.985508,-3.5413587,-0.52166665,7.465411,-4.5134315,0.1577046,-3.1467068,0.4996057,-2.8901396,-0.23778774
1766-92-0.wav,Animal,2769.059369535055,0.1965874565972222,0.05103187,-225.15506,55.9885,-105.88392,9.296836,-45.30949,45.28775,-35.029594,-18.789122,-12.068293,-0.22262718,1.6673983,-1.6279122,-3.587173,-5.021906,-18.321154,0.22449614,-14.704723,-6.4328685,-6.478872,-8.195196
1766-93-0.wav,Animal,2525.9679323601736,0.1647361472800926,0.21108063,-182.43584,52.406403,-91.60841,-22.925468,-3.364185,5.8622136,-2.8372467,-2.021093,-7.847701,-5.3986855,-7.494202,-2.6995876,-7.118189,-2.2806585,-5.7556524,0.75096124,-0.50460804,1.349542,-2.5793989,1.25531
1766-94-0.wav,Animal,1863.7913544410985,0.1030544704861111,0.08407779,-282.08374,68.943184,-40.987423,-30.062021,-22.158329,-5.2614465,9.316649,13.33937,-4.974018,-5.998731,-3.6564207,6.8389883,11.134988,10.194859,-2.6250868,1.9259285,7.435947,4.7017436,-0.7257682,0.11400862
1766-95-0.wav,Animal,1224.3300657631792,0.059703685619212965,0.06936116,-401.61472,106.03698,4.325955,-26.211784,-0.048117742,6.8000836,-16.19023,-28.527592,-18.221601,-5.4714694,-1.537057,-0.22856104,2.582227,2.0196466,-3.4003382,-5.48221,-0.85166013,0.07626604,-8.764811,-15.315017
1766-96-0.wav,Animal,1752.5478894781847,0.10394061053240741,0.08809876,-209.65813,123.882866,-53.74135,3.0760758,-4.787154,5.047028,8.938091,2.748287,-4.5649686,5.5102887,4.280986,3.913185,-4.4939704,-7.942503,-2.7637396,3.2393396,-2.982604,8.027606,-5.770657,-3.7697082
1766-97-0.wav,Animal,1137.9994700243672,0.07363100405092593,0.0326013,-513.40027,112.39845,3.2834857,-52.30117,-49.902496,-27.088644,-11.629356,-6.329017,-4.8859215,-6.176206,-5.693737,4.390526,18.260054,22.258543,13.746754,2.2048025,-4.3681035,-5.6658397,-6.2585306,-7.2907543
1766-98-0.wav,Animal,2465.529249424466,0.1604320384837963,0.16196308,-89.082436,89.64975,-46.381985,34.665936,-22.529295,-4.722006,-2.4103992,-0.28684756,-4.2207303,8.5353155,4.0057645,5.6881833,0.103672095,-0.66653866,-11.005913,4.1487494,-6.2115283,-4.3660164,-5.229653,1.1729338
1766-99-0.wav,Animal,893.4349747752074,0.045930085358796294,0.073691614,-257.9049,171.89073,-11.838599,20.726961,3.368582,-3.6975734,11.63454,3.3339617,6.19438,7.676605,5.1406374,3.4461954,1.0230011,-2.2513897,-1.8534003,2.8868942,-0.34682542,-2.9926035,-1.9723178,1.6494027
25_12501.wav,Animal,1598.3750635829176,0.04268165870949074,0.05312524,-279.13043,120.131256,21.513536,8.438978,0.7077641,13.2946415,-3.3583207,5.239312,-8.804264,-3.6959207,-7.5151577,2.9756958,-2.9893749,-1.6860572,-7.250631,-1.9073176,0.549129,2.2033014,1.6175933,-2.699872
25_12502.wav,Animal,1553.520466533533,0.06398744936342593,0.021015909,-320.74283,131.66055,-9.30309,28.270565,-8.672189,17.117603,5.7577267,1.3949226,-1.7163061,0.72426575,-1.1536126,1.1727117,-3.0447893,3.998521,-0.64149576,4.770757,0.74252474,1.3678275,-2.7681317,-0.93911946
25_12503.wav,Animal,1198.0977324023004,0.05201099537037037,0.05864512,-268.00543,155.56436,3.1092834,22.505735,-24.91729,5.8233633,0.42530712,-10.240487,-10.985264,-9.917454,-4.7614875,-0.15299635,-7.2651286,-2.092394,-3.0657763,0.3008344,-0.63853216,-0.92070705,-4.6903515,-2.4908571
25_12504.wav,Animal,1408.57125693238,0.058614095052083336,0.038956936,-284.093,137.43417,2.5766323,23.118956,-18.582521,9.591449,2.9940135,-5.928141,-8.653517,-5.5586877,-3.3844652,0.7769943,-3.6892965,-1.5471152,-2.4516923,0.6571915,0.3455256,-2.2066555,-5.1947575,-2.8272383
25_12505.wav,Animal,1317.9891558884858,0.059328432436342594,0.059445944,-256.18747,148.1701,-1.3318663,18.870096,-21.023603,7.951754,-0.039944082,-9.478984,-9.648904,-8.595921,-3.729468,0.09770316,-6.5561256,-2.0756962,-2.4976208,1.3806555,0.6179095,1.2213564,-3.5328696,-4.2391715
25_12506.wav,Animal,986.7099987146061,0.04244656032986111,0.055926356,-351.61014,140.69615,11.69777,0.09737156,1.110929,5.661974,-3.379447,-7.2537994,-12.0186205,-5.512687,-5.1526513,-3.8143704,-3.0164921,-4.93449,-6.3769755,-2.2934654,-1.8839194,-1.1501395,-4.0187407,-7.0229106
25_12507.wav,Animal,1231.0863695595397,0.05327012803819445,0.018325644,-435.8722,146.12163,3.3792112,-6.5911226,-1.3663347,7.8991365,-0.65201783,0.44618276,0.5746248,1.4514818,-2.4452863,-2.7725616,0.49326438,1.0902095,-1.822948,0.6251422,-0.84179854,-0.7903955,-0.8373006,-1.8562614
25_12508.wav,Animal,1192.969066475033,0.048394097222222224,0.014177704,-446.21008,135.63536,9.702568,-2.5492818,1.2189898,2.461234,2.2299685,6.577926,4.3897095,0.46739876,-2.8201096,-2.4733298,-0.44723532,0.04798615,-1.123507,0.6054712,-0.21405058,-0.01477729,-1.2820777,-0.92750984
25_12509.wav,Animal,1467.5119007822088,0.038237395109953706,0.044583887,-305.3845,122.14983,21.832352,10.68655,1.9803162,12.104065,0.3168366,11.352254,-4.76314,5.249145,-1.0687491,5.7251506,-1.7911311,4.0310464,-3.296779,-1.4774156,0.9085845,2.1135395,5.4925895,1.6193469
25_12510.wav,Animal,1381.1083788368264,0.027445475260416668,0.05505035,-305.24304,121.67553,22.073927,13.382982,3.264533,12.318598,0.86253285,9.359564,-3.6543975,4.9445043,-1.6465429,6.356763,-0.8795895,1.3719485,-3.6179047,-2.358206,0.91306275,1.8349985,3.307655,-0.10284595
25_12511.wav,Animal,1923.9971229591097,0.1371753833912037,0.039696578,-411.57465,98.63887,15.848613,22.722862,0.54744583,8.589882,0.7645794,2.888629,-6.706219,2.903577,2.0760396,1.1616187,-0.6812588,-1.4624082,-2.0424569,-1.7436212,-2.0223277,2.7530258,-0.8892568,1.7591393
25_12512.wav,Animal,1507.9592082088811,0.04285120081018518,0.04122321,-343.7746,89.07046,-6.122269,33.078594,7.705273,22.606337,12.202238,14.172264,7.5497303,14.703046,11.552635,8.629858,5.5044208,9.642854,7.777003,6.0294824,4.2341833,6.011655,3.0562687,2.651649
25_12513.wav,Animal,1319.9640479877207,0.04469355830439815,0.08119542,-202.22424,142.65607,28.539474,7.864742,-0.8282046,19.398893,-5.1004515,4.9896703,-8.292645,4.0558596,0.8237313,1.4531579,0.082955115,2.2434244,0.5850738,2.6974454,-3.6900926,-2.2038782,0.34124205,1.3359492
25_12514.wav,Animal,1004.433994014628,0.04557743778935185,0.043934003,-373.07083,144.93913,1.5607976,-0.48291075,-1.8731393,3.7524934,-2.5921214,-10.210754,-17.13601,-4.1497455,-3.0248282,-5.3378444,-6.03677,-4.9230504,-8.03749,-5.9734306,-5.2066016,-4.848935,-5.879137,-3.2462735
25_12515.wav,Animal,1910.6766343202735,0.07539424189814815,0.0153100705,-329.20312,113.49696,1.5909606,8.213886,-2.8166058,16.134056,-5.672903,16.80002,2.7534134,11.845956,2.2926276,3.6720164,-2.0941775,-9.5855665,-4.1016216,1.424037,-3.9339566,-6.0644493,-2.9391117,3.7936573
25_12516.wav,Animal,1167.6779679872159,0.048737702546296294,0.037991576,-389.73715,126.63323,10.673546,-3.1165295,-3.4519382,6.0171,0.5662957,-1.1677339,-8.064661,-4.006086,-2.924816,-2.2339437,-2.631195,0.33795723,-2.407555,-4.0583305,-1.5689371,0.31227383,-3.7904449,-2.269321
25_12517.wav,Animal,1092.7845623335472,0.03858326099537037,0.114024505,-257.5669,128.23381,12.230355,29.508224,-14.841396,8.627013,1.4078476,14.108767,7.487034,7.7379203,2.1096456,-1.1138995,-4.5785065,-1.5955768,1.2739571,8.140087,-10.349763,-3.1886387,8.548919,8.892207
25_12518.wav,Animal,4089.2998613252767,0.34537534360532407,0.023220422,-476.73892,20.786524,-0.4459155,1.3678159,0.10498352,0.31730378,1.4672383,2.332528,-0.13553545,0.35919783,1.5209768,0.9084798,-0.5626889,0.23913956,0.26602778,0.20218964,0.34314188,0.51855767,-0.8302413,-0.60565484
25_12519.wav,Animal,435.1599260109809,0.023828577112268517,0.09544607,-324.54086,186.05064,26.587406,-7.158746,21.89021,16.345451,7.3756127,12.826375,3.4530625,-3.8427827,6.9382133,8.124467,0.34704825,5.2516136,8.326488,0.52526814,0.81017023,5.213132,-0.55957854,-3.849568
25_12520.wav,Animal,2995.9063695940677,0.12144413700810185,0.016390482,-328.24783,72.49735,21.926943,19.27505,10.541124,13.806944,-1.6545787,8.993556,-0.2565757,2.4802878,-2.0620878,3.7102077,-1.823726,1.6842498,-0.7200367,3.302966,-4.079023,0.43513,-3.2087033,1.3996437
25_12521.wav,Animal,2303.556091656733,0.10608362268518519,0.08445333,-126.36999,94.72115,-8.807284,-4.702268,-24.649412,-10.7294655,-14.235396,-11.446664,-10.215889,-2.1058302,-14.52727,-8.354232,-16.081152,-13.555321,-11.126098,-8.406464,-8.817238,-7.4772053,-14.599074,-10.4573145
25_12522.wav,Animal,728.7471607258248,0.01868806061921296,0.056344267,-387.02893,104.59539,26.27775,9.234896,9.104815,13.598992,15.972221,14.894642,11.84377,7.342181,4.142606,6.9928226,8.964449,5.794877,4.014731,4.7369637,3.5448515,2.029776,0.33578095,-0.40510532
25_12523.wav,Animal,1461.6550903900493,0.05369737413194445,0.01893219,-351.51804,132.12413,3.4308028,17.834227,1.6321166,7.2169805,-0.3289182,1.3998901,-2.8133585,-1.4364395,-5.4080253,-2.2409494,-0.4272265,-0.759413,-1.4350207,0.59337914,-0.28303736,-1.3314794,0.85455024,-0.38638368
25_12524.wav,Animal,1420.721017238343,0.07139304832175926,0.03608829,-259.99817,149.7648,-34.755375,35.219467,-6.9418936,5.283709,-5.1579494,-1.2356834,-10.369607,-5.300188,-0.66709477,-3.938033,-2.0425596,1.8535119,-7.648021,-3.1639652,-6.425402,-3.7291045,-9.740571,-4.7636547
25_12525.wav,Animal,1325.169191202888,0.05393699363425926,0.042893462,-279.30826,147.1283,-2.0708337,25.663181,-25.61349,8.992171,-0.37820733,-13.314112,-8.151328,-5.068389,-5.2442446,-2.3901668,-7.9890656,-1.0338557,-2.3680105,1.6931767,0.5925108,1.4665612,-2.8749385,-3.0914092
25_12526.wav,Animal,1423.290132262762,0.035027398003472224,0.05224019,-299.0933,125.73113,25.7981,15.720922,2.540764,12.525908,4.183271,15.481339,-4.0765495,4.0169635,-4.3575225,4.8582053,-3.2151296,1.5476747,-5.3253484,-2.8309877,-2.1969259,-0.5958779,4.115627,-1.4785973
25_12527.wav,Animal,165.03974317522395,0.005789297598379629,0.13436711,-422.9869,114.69081,84.42059,50.46065,25.550997,15.637654,17.032053,20.85016,19.497002,11.72384,2.1505864,-3.1318514,-1.581157,4.2455893,9.05056,9.258457,5.629308,2.3391798,3.239769,8.575115
25_12528.wav,Animal,1266.3092050157898,0.049366138599537035,0.02007433,-509.34143,79.84512,36.5018,36.415398,15.473922,17.30161,14.8989315,2.8231983,1.376668,-14.284453,-14.198647,-2.9029043,-4.9608245,-0.64207816,0.1076398,-6.7451973,-4.034002,2.6377518,4.075114,3.5427306
25_12529.wav,Animal,2411.9647566909807,0.14455159505208334,0.022684632,-416.9584,78.89536,17.908888,54.641647,-15.6262245,37.7635,20.020126,-3.7444365,24.675203,-13.753438,-3.223709,9.762399,-4.540216,13.075159,0.66940475,-3.105652,2.062907,2.5012178,6.571229,-0.31811255
25_12530.wav,Animal,1795.9685758030953,0.14225712528935186,0.040356405,-446.27524,72.963066,11.780718,-0.80225486,13.795471,11.982564,3.147873,5.2987795,9.45395,9.16637,9.336601,9.303275,6.79898,4.3408422,3.0466776,2.638014,3.413745,3.2064905,0.42241937,-2.0093076
26_12601.wav,Animal,922.434896555989,0.05550582320601852,0.10143718,-348.89417,136.46042,16.42982,-17.274807,-24.602816,6.0282254,-14.107503,11.27718,0.9879378,-13.642469,4.5318995,-11.410162,7.5924096,9.099331,-7.7441216,3.4052448,7.063,11.265087,9.21783,7.625363
26_12602.wav,Animal,1293.1752504751773,0.05836317274305555,0.108884156,-353.06097,114.598434,18.167488,15.805662,-1.389261,-13.760026,-9.91544,4.100211,9.004307,2.5398571,3.5747874,-1.955118,-9.11446,-4.3360014,-5.6382356,-6.2102695,0.42642933,2.7599313,5.102118,4.687314
26_12603.wav,Animal,1329.4403064889775,0.05309606481481482,0.1457418,-303.45688,119.20741,2.4302244,6.3162785,-1.918331,-1.6598948,-8.266911,2.906973,12.268988,-0.98109066,-5.255274,-4.7511744,-5.7315392,0.18091485,-0.5012043,1.3038217,1.8331527,-1.692732,-0.96119195,0.5844109
26_12604.wav,Animal,833.8136647747552,0.04900670934606482,0.08881872,-284.83688,170.7147,-15.327355,-20.343746,-30.900827,-20.508554,-33.507698,-18.019117,1.4111447,-18.449953,-15.198223,-16.124956,-22.633232,-11.729076,-3.62879,-6.774697,-8.654363,-9.85673,-13.22639,-3.81944
26_12605.wav,Animal,671.2866608014233,0.04195827907986111,0.13735013,-287.99417,189.47969,30.975935,-24.547207,-13.967547,-9.623409,-15.025301,-13.098938,-10.576398,-8.520166,-6.143051,-6.7944946,-6.3802185,-5.985841,-3.6567597,-1.7075872,-4.8019567,-5.3463874,-3.1588256,1.0163101
26_12606.wav,Animal,542.4250031431785,0.02962013527199074,0.17443961,-407.01816,119.80952,60.583527,12.161951,-14.225306,-24.34398,-25.890991,-21.969759,-18.553972,-13.73252,-6.9737754,-5.801882,-7.498614,-8.211757,-7.963143,-9.274092,-9.790292,-4.2729564,2.167783,7.396706
26_12607.wav,Animal,1053.2916738167455,0.04593686704282408,0.05358453,-444.7774,107.75565,3.7081625,-22.621782,11.099636,15.59399,-1.0975729,-23.615732,-9.55493,5.8638988,0.16835558,19.770887,28.862377,30.398893,30.503757,25.226929,1.2834365,-5.3305607,-11.945442,-8.229767
26_12608.wav,Animal,878.1901596204276,0.06892677589699074,0.044867348,-451.5588,168.18945,-2.3847263,-65.31467,-27.47764,-5.2936926,-27.105024,-40.03234,-28.497375,-19.76364,-20.331638,-16.970053,-10.965519,-10.677208,-10.198915,0.83572286,17.57339,23.634268,11.871501,-5.8570595
26_12609.wav,Animal,540.0186030953782,0.041117350260416664,0.10716144,-435.8569,79.11041,30.663292,-6.825097,-17.28267,-10.949895,-3.920947,-3.8907008,-10.380335,-18.131226,-20.182056,-12.785483,1.5136789,16.203047,24.99938,23.824911,12.228834,-4.214139,-15.4906435,-15.96104
26_12610.wav,Animal,1061.6664126073304,0.046296296296296294,0.03446941,-498.85385,75.56934,-8.001845,-18.867462,-49.878666,-7.1927605,-16.189306,-11.895181,-27.325047,-31.997627,-29.85093,-16.749846,-9.635191,14.067772,12.846358,24.514292,19.878452,11.621803,14.399853,20.109514
26_12611.wav,Animal,1035.7427932497608,0.056722005208333336,0.041756745,-515.2544,69.15443,-4.739905,-22.89792,-45.280865,-36.997246,-37.69832,-34.18654,-14.332037,0.74114144,5.04609,22.43118,20.603184,9.449068,-12.9451065,-8.345493,0.45885608,-7.9682074,3.0290234,1.5974488
26_12612.wav,Animal,1035.6171275276458,0.03887939453125,0.025989696,-410.94788,132.67352,18.855923,25.698294,-8.156106,13.857296,-4.3193264,14.549046,8.087876,-7.9239025,-1.373445,0.7731105,3.1499171,5.516738,-6.4334536,-2.809978,0.13655771,-3.676129,-2.9663577,-0.7065539
26_12613.wav,Animal,482.3996335936204,0.025517216435185185,0.035175838,-472.44083,140.20067,53.92003,17.254068,0.25724003,-15.7262125,-7.8992186,4.083555,-1.7810655,-6.4311533,-5.518109,-7.949698,-4.6296024,-0.6816154,-8.222731,-12.276653,-5.092995,-0.67084193,2.8995502,12.991997
26_12614.wav,Animal,524.554633545717,0.02149567780671296,0.015102238,-521.46375,127.650185,60.40455,22.86424,1.1461775,-1.9764305,6.752812,4.0345407,-4.264878,-6.8854914,-2.6112921,2.7426188,1.7009358,-2.0474873,-6.252512,-9.4619,-2.57511,4.407967,2.6382644,4.7112193
26_12615.wav,Animal,636.2219329774014,0.037251790364583336,0.036458187,-440.534,155.64249,38.239082,1.9962012,-10.37194,-17.000206,-3.9383612,2.3020828,-9.495587,-10.275459,-1.3388281,-1.6550186,0.9270633,-2.2296126,-13.949523,-14.351642,-0.24863656,7.6439366,7.3020835,11.56888
26_12616.wav,Animal,487.8471091432544,0.03257694950810185,0.03096675,-441.69595,189.90082,62.831867,7.9385257,-16.640434,-26.02358,-2.340059,3.602294,-20.447334,-17.653885,-0.4132843,-4.7875447,-4.299841,-1.7069411,-17.918152,-20.320047,0.6962539,7.104131,-1.088997,1.4999772
26_12617.wav,Animal,587.4018170093583,0.03076171875,0.026713895,-476.21948,156.08795,49.118652,6.8843913,-6.1263723,-11.273908,-1.8614929,4.7002244,-8.833567,-12.63468,-5.686713,-5.735367,2.0056875,3.068862,-11.902362,-15.941771,-4.510322,-1.9099203,-7.6818633,0.6038375
26_12618.wav,Animal,526.5206567468078,0.029541015625,0.024977291,-490.81665,191.70538,58.54296,25.222551,-6.870189,-21.647099,-1.0964576,8.832274,-10.866917,-11.3201275,2.182742,-7.5923347,-1.7194229,7.5568547,-6.5182767,-14.4981,-5.6580024,0.6983502,-2.6028295,2.7920675
26_12619.wav,Animal,758.8239692924508,0.053559479890046294,0.061037865,-352.67868,201.38582,14.09793,-17.824745,-26.123426,-23.32652,-23.7032,-10.214131,5.3794413,-2.9267452,-2.8908396,-7.13674,-10.731525,5.4634113,3.9998322,-2.8107543,9.886042,13.714306,6.194967,8.1400585
26_12620.wav,Animal,757.0561815730786,0.050604926215277776,0.05321079,-359.01575,204.27003,3.5855632,-11.119157,-18.275988,-10.159209,-23.151026,-12.635069,2.7052839,1.0212996,-0.7430103,-4.2000275,-6.654523,4.766502,-1.4532514,-8.037615,7.493078,12.280377,7.98767,16.450115
26_12621.wav,Animal,699.2659822545452,0.04356327763310185,0.041163128,-399.60785,197.62617,24.287449,-10.351978,-15.109089,-8.161485,-13.978925,-11.755929,-2.821962,2.7859952,-0.60149395,-4.645079,-8.146621,1.1041563,-3.2131274,-12.164528,-9.103646,0.5825622,-0.14844964,9.480155
26_12622.wav,Animal,722.2769566457214,0.05140742549189815,0.041070778,-421.5651,186.77228,29.79609,-5.207385,-12.864746,-5.9979634,-13.062494,-7.901566,-1.7052745,-0.34958097,0.061775394,0.34964165,-1.0007278,5.290284,-2.4365695,-11.188976,-13.510018,-6.611667,-6.174996,-1.8009051
26_12623.wav,Animal,1863.5174790082688,0.05635127314814815,0.018521741,-453.67212,81.961235,11.562611,13.730964,0.21476406,8.690745,2.710881,10.844477,7.5163794,8.249224,8.003183,7.3405304,9.199522,13.948852,7.674288,7.9045234,10.094222,10.563179,13.504312,5.597695
26_12624.wav,Animal,2132.38216545457,0.0937771267361111,0.013048281,-443.62396,76.71629,-9.487269,22.201357,0.48251513,25.988163,2.2029006,8.046415,8.703681,12.851255,10.68776,14.692173,4.633109,5.539811,-4.2851276,1.5060601,9.934874,6.527,12.079191,11.563141
26_12625.wav,Animal,1424.6347465347924,0.02997052228009259,0.009451037,-497.54016,99.25198,24.028568,43.87746,3.1519504,37.35013,13.719175,14.923672,18.318808,9.179497,6.0777316,13.30769,-3.8602679,3.3450394,-7.6913486,-8.24964,5.1413035,-1.6302221,2.4488423,7.1155605
26_12626.wav,Animal,706.1468531961962,0.035088433159722224,0.0055504907,-704.26953,99.1174,33.983704,-5.347146,-11.301136,-4.688834,-2.4370959,-4.8985076,-11.747151,-11.567511,-9.132371,-6.936591,-2.619646,1.7031149,6.193295,8.894596,9.286884,10.062526,14.09677,23.587378
26_12627.wav,Animal,795.3393054534114,0.03171341507523148,0.0046787597,-750.5684,112.650536,44.776417,2.4595048,-6.4656963,-4.2602773,-1.7161059,-3.3503876,-11.317842,-9.258525,-4.3703227,-3.939892,-4.980218,-1.0836734,-0.94154865,-3.8578691,-3.3083267,2.8200436,10.90797,23.013268
26_12628.wav,Animal,1165.2042496064314,0.03169080946180555,0.0016491659,-743.20544,95.307365,45.901676,9.9020605,-5.8270965,-7.505415,-3.877434,-2.6915605,-6.752676,-6.5579486,-4.7281294,-6.50242,-3.2886636,3.9161131,6.7410774,4.1379538,1.1368812,0.48113033,0.06857844,3.4894655
26_12629.wav,Animal,711.4669897495338,0.037961606626157406,0.004712174,-737.3258,94.17271,32.488167,-0.39230826,-5.1179113,-5.91315,-5.580557,-1.5137047,-2.010297,-8.329915,-12.46164,-10.384539,-4.5143666,5.1870975,17.567253,25.35665,27.137983,27.482445,25.381285,16.613192
26_12630.wav,Animal,1476.0483923890279,0.09203423394097222,0.0058061313,-659.92346,111.39481,15.302223,3.2646275,-14.15246,0.21820973,2.6435287,1.9817789,6.488508,11.6162195,14.628979,17.884523,8.73892,1.9862512,-2.9129667,-5.54855,-2.7091613,-5.315975,-4.1809683,7.903516
1766-0-4.wav,Car_Sound,1408.2819268336646,0.027950573518786128,0.026440835,-320.9364,121.01141,1.1411281,16.650555,8.835429,-1.5517042,5.563665,6.049833,2.8101728,19.241903,6.1046705,7.3891735,2.1184175,-2.940735,-1.9784328,0.12292651,-6.258477,7.4719167,6.464653,12.438379
1766-1-4.wav,Car_Sound,3021.8424557458807,0.1577035540101156,0.07024317,-78.747215,73.010605,-5.885705,19.581438,-2.956493,12.839073,-0.34097248,-5.311041,2.811191,4.1781445,9.294777,-1.4909989,-1.8139973,1.0884546,-11.931079,4.3076286,-3.1059852,9.617638,1.7408065,-1.7572978
1766-100-4.wav,Car_Sound,1897.6792769223732,0.026437748374277457,0.11284554,-202.66609,78.5422,31.36684,22.097897,15.795039,30.284834,16.079508,39.96591,8.589519,9.144974,22.152735,16.830761,-7.053401,16.426662,3.7271354,-6.8053136,-18.125471,13.650876,1.0202574,-1.760386
1766-102-4.wav,Car_Sound,1912.3340227955625,0.09756310964595376,0.04153578,-156.46184,120.896515,-18.216402,7.503503,-7.3033786,6.1727443,-6.5415187,8.215469,2.5515285,1.0831828,-3.7388415,-5.325141,-9.901059,-1.3148202,-4.853096,1.695508,-0.8030147,6.79615,-1.2804757,-0.84447926
1766-108-4.wav,Car_Sound,368.674437911427,0.01181471278901734,0.09147168,-360.77704,174.10532,42.4265,44.96174,24.46523,37.17147,5.7894506,21.204744,3.76675,10.903476,4.2146945,5.4946456,-1.2463841,-4.7323127,-3.1137004,-3.5050232,-7.100346,-6.0031414,-4.1054816,-5.30733
1766-109-4.wav,Car_Sound,919.7710581557722,0.04495292178468208,0.040455945,-252.25293,192.66304,-17.84005,2.1574736,2.7091033,5.001034,8.872245,11.526469,-0.23273611,4.0310106,-0.31146902,3.121524,2.678336,8.294957,7.9893417,3.2297726,-0.19231392,4.106907,-3.5707374,-1.2084728
1766-11-4.wav,Car_Sound,1624.4563217008347,0.07462235820086706,0.05202528,-164.9709,132.91287,-14.172395,7.6053743,0.32302362,5.0288744,-3.251906,10.860706,-0.7369852,3.8830094,-1.414356,-3.2552242,-7.1218705,-0.5563662,3.1157086,5.1919317,2.4113889,4.6139174,-3.9072716,-2.5852487
1766-111-4.wav,Car_Sound,1843.6677672511319,0.09036872290462428,0.041797463,-162.03172,124.968414,-15.302215,7.531816,-6.9091086,5.936017,-5.9306755,9.745795,0.9864879,0.16598144,-5.3743057,-5.483301,-7.9472713,0.3657946,-5.338189,1.812879,1.2264681,6.047905,-2.1888695,-0.66649383
1766-113-4.wav,Car_Sound,2486.8607929083423,0.08617458453757225,0.07046904,-141.66235,84.13806,-9.406262,28.888548,14.483554,32.130844,22.449167,-0.8183599,-10.284054,0.3753821,17.966516,12.886056,-14.359149,-6.213902,-8.561049,-1.0569084,5.2641315,0.33903313,-4.7024236,4.7551312
1766-114-4.wav,Car_Sound,1215.220919664124,0.040338240606936415,0.049882393,-230.66957,161.02603,-36.491173,32.128025,-24.689266,30.795927,6.8050127,13.5553875,21.541899,14.882697,-6.9481845,4.4913526,8.587652,10.045688,0.7578719,5.8273406,6.697277,11.8264065,-0.21701331,0.005002369
1766-117-4.wav,Car_Sound,1075.1891311316679,0.022009347904624277,0.028716566,-328.0028,144.76176,-20.34659,40.356766,15.706881,8.542115,11.20173,18.127314,2.8412375,14.38861,4.586458,3.5373616,7.9909487,7.3276224,7.180901,9.960256,0.3509965,6.3637047,0.71597236,2.2376697
1766-120-4.wav,Car_Sound,436.9362690875117,0.012410246567919074,0.14280444,-299.31134,173.06161,39.64107,34.446434,22.892853,34.031082,6.8568745,11.37041,9.075902,8.088227,-3.6863449,6.962349,1.463254,0.9797508,-4.771412,-0.94780594,-6.6308494,-9.242936,-7.656966,-3.7631278
1766-121-4.wav,Car_Sound,1648.0569283007785,0.02605671965317919,0.12140879,-152.1298,107.39084,-13.77808,12.085534,8.430417,19.394442,8.140701,28.036144,13.515067,7.790684,1.230014,13.4247875,12.200207,4.427886,-2.7630136,3.3799613,6.765646,0.40655288,-6.7969937,9.705898
1766-122-4.wav,Car_Sound,913.7115109281875,0.0493135838150289,0.071394585,-212.80072,188.60976,-17.959856,17.669014,-4.9131904,9.026846,-5.276586,4.7808886,-0.61151147,13.660565,1.2622313,4.4465857,0.88346475,10.814293,3.3054037,1.2259607,-4.7263107,-2.694882,-4.6265593,1.4671624
1766-123-4.wav,Car_Sound,1558.318891586039,0.06359792720375723,0.37241971,-0.21828218,156.47552,-29.636814,39.78223,-40.61908,31.79814,-40.60753,-0.43938816,-20.836136,-1.3939356,-0.39377853,-0.6414724,6.945317,-2.1420896,1.9203241,-6.9882927,6.4726343,-5.7984867,-1.34739,-0.8657671
1766-124-4.wav,Car_Sound,355.63905358069275,0.01171875,0.23910576,-266.46375,179.19254,42.785652,42.921276,22.761852,36.63458,6.616551,19.780863,3.430307,11.217362,3.8116887,5.38553,-0.61770403,-2.7432792,-1.212701,-6.127599,-5.4324956,-7.506004,-5.237205,-4.4702697
1766-126-4.wav,Car_Sound,2564.3117224412285,0.10279590408236994,0.036523428,-174.62099,89.66872,-7.0177236,-2.0456464,0.55432576,0.19404346,9.421958,10.524616,8.826941,16.996248,-0.6310201,19.766191,-1.4020146,6.1621594,5.8053555,5.6457434,3.0480964,5.8934116,2.9354537,9.6525135
1766-128-4.wav,Car_Sound,1200.1590797655124,0.036804552023121384,0.050484,-232.63823,161.34409,-36.419884,32.247086,-24.133162,30.547287,7.1059074,13.612292,22.177408,15.629539,-6.995342,4.5377564,8.403643,10.131602,0.39628267,6.2869782,6.6900277,11.671092,0.155159,0.429085
1766-129-4.wav,Car_Sound,1226.564186368282,0.029505735187861273,0.022228193,-318.7819,139.01634,-17.822605,31.79947,11.82622,13.412922,6.356115,19.886814,0.98262703,11.64358,1.6314849,5.6451945,8.645729,4.2728252,5.069428,7.819268,-1.4034935,9.867246,-2.8613775,0.9984688
1766-13-4.wav,Car_Sound,2523.0829731690264,0.11446949512283237,0.4099599,59.701046,103.99188,-16.073578,47.87799,-25.319508,20.65143,-38.894886,6.80333,-22.08964,-6.547974,7.428579,-13.851895,4.6576395,2.5774214,-2.1521351,-7.53183,5.6511426,0.82471436,-5.4566107,0.364219
1766-131-4.wav,Car_Sound,1465.298599442089,0.06685219472543352,0.014976056,-370.2946,127.99799,-23.379314,55.622425,-10.900508,18.90443,7.170667,17.374035,4.5978155,10.786998,6.5780635,5.4692082,4.1926165,8.47333,0.4599138,4.6467123,4.072351,5.3276086,5.798679,5.8767366
1766-138-4.wav,Car_Sound,2470.2927929209136,0.12469235458815028,0.3743702,53.858894,109.15425,-31.353117,42.722736,-32.102013,25.984482,-33.628883,3.4587305,-23.734076,-5.374234,3.657606,-8.368513,11.415128,-4.1817203,1.3536502,-4.6557207,3.325954,-2.2042618,-4.269829,0.31745273
1766-141-4.wav,Car_Sound,1691.2010229611453,0.025368045520231215,0.12292088,-148.68546,105.71261,-13.829516,10.724738,6.6963553,19.404234,9.282643,27.86137,13.087202,6.483778,-1.3291265,12.8955965,13.731872,5.6284046,-3.3516476,3.8657968,7.2356896,0.766073,-6.798319,9.832441
1766-142-4.wav,Car_Sound,1957.576471475225,0.04372516257225433,0.20063174,-66.22171,109.95642,36.169098,13.444712,4.931782,14.305359,10.212605,12.676247,-3.8409843,5.9738913,-2.3981369,3.5654657,1.3409364,5.655628,-1.4184439,-1.9712756,-4.7777395,2.2536438,1.8753887,6.4656706
1766-143-4.wav,Car_Sound,421.8779287589903,0.008052406972543353,0.10286786,-346.8732,222.03505,25.977386,1.064213,4.536475,16.492208,23.498085,16.87554,9.499491,0.095389515,-0.62758666,-5.3645177,-5.1583896,4.735641,8.504537,6.0589566,3.7179272,3.9410622,-1.420686,-5.171271
1766-144-4.wav,Car_Sound,413.56260430982917,0.013742435874277457,0.054285977,-406.11307,155.34346,59.47006,53.991737,24.95653,35.26538,11.625639,20.698988,6.266446,8.977604,2.828636,3.2811322,1.781053,4.124854,-5.610503,0.5613643,-5.971508,-1.686329,-1.9946716,-3.9030938
1766-145-4.wav,Car_Sound,1205.2402843726345,0.036121522760115606,0.051143944,-235.25014,160.86418,-39.304096,30.64326,-26.685818,27.049894,4.9189906,13.801696,24.586992,15.350733,-6.361427,4.365362,12.959493,11.158708,2.0977094,7.183667,8.532517,12.533968,4.453639,3.1589215
1766-147-4.wav,Car_Sound,2544.2869667677055,0.12355491329479769,0.01607307,-228.82593,94.027626,-9.617364,-1.7178276,-1.8115749,4.9283767,-4.704021,-1.2401497,-15.811091,-6.997367,-3.860186,0.10300765,-2.6886728,11.800983,-0.5221129,0.42806143,4.6449738,-0.56834674,0.22750022,3.3961103
1766-15-4.wav,Car_Sound,2901.1014511532394,0.1733257315751445,0.049803127,-100.343475,79.3894,-6.27858,12.635293,-13.996517,6.9883957,-5.199651,0.70374924,-0.15627316,3.7051415,1.8011618,10.043608,-11.604564,-0.5460463,-1.2492502,3.7644815,-0.8478423,0.08478048,-1.1618019,-2.8271234
1766-150-4.wav,Car_Sound,3927.9779074570006,0.22499040372109827,0.006412753,-311.9372,45.29686,5.9830217,3.0350173,11.703779,23.385698,-0.77117234,-2.3177633,-3.9781466,-0.33854538,-2.6945136,7.92716,1.6165468,9.794974,0.66200507,-2.5912437,4.0255165,6.826272,3.8391004,2.7554786
1766-151-4.wav,Car_Sound,947.5719942931821,0.02112874819364162,0.21210329,-141.93561,166.08955,-27.16938,29.216393,-0.8035423,17.407234,9.9649515,8.274854,7.826445,10.795426,-1.6257,10.069982,4.0228114,1.4971251,4.3175745,8.451269,1.9284961,5.066989,2.3178167,4.3121114
1766-153-4.wav,Car_Sound,1156.2718846750818,0.05220093479046243,0.028215932,-296.56134,183.39952,-42.656204,50.291874,-17.237051,5.1954064,12.695322,-20.883202,-4.562578,-0.60103893,-14.919281,8.7260475,-4.531324,-0.46369678,-9.879182,-9.204503,-3.8259358,-17.067255,-13.196813,-2.8220873
1766-155-4.wav,Car_Sound,1225.791014617024,0.033948247832369945,0.008684681,-406.68146,136.996,-16.939358,31.064482,2.4439268,27.262209,16.326756,21.101332,12.505715,12.703745,1.1655301,5.465915,-6.197955,3.1149573,-6.2044344,-1.9336044,-5.7725143,-0.52667654,-7.673546,-2.686732
1766-156-4.wav,Car_Sound,1464.9535738251693,0.013717033959537573,0.009004653,-449.86636,100.6095,15.739178,29.325825,20.834387,13.822713,16.831827,24.918186,7.3701806,6.9465785,13.712087,12.52954,6.6298976,5.15557,5.7887936,4.7503886,4.583223,9.735698,-1.7552956,1.7739372
1766-157-4.wav,Car_Sound,3006.7702158415104,0.12455405527456648,0.042579655,-159.28578,65.475464,-1.4080486,34.86396,10.3782835,9.692188,10.437675,10.96893,0.6902763,9.46583,1.5764602,3.906303,-6.3333225,0.89443415,-1.9500707,2.587181,-0.88159657,1.1879146,-4.1209626,3.5547986
1766-159-4.wav,Car_Sound,2270.315938872441,0.1046700009031792,0.15895346,-29.763054,98.24591,-22.774668,7.378119,-1.3372259,20.057854,1.6729637,18.754354,0.11905527,7.011988,-0.6464561,15.461598,-0.3802709,2.5734503,2.0797727,4.3942003,4.6465225,12.43733,11.059699,12.759021
1766-162-4.wav,Car_Sound,865.615177475614,0.03445628612716763,0.095638156,-211.47488,168.31339,7.489686,58.789673,13.134369,9.240585,0.87124354,-8.555003,-31.19429,-4.007551,3.3332217,9.853645,-3.400789,11.328177,-0.26870695,5.431983,4.9649878,7.758727,-6.1969805,-4.9889393
1766-164-4.wav,Car_Sound,2579.0798509848414,0.079733787933526,0.21109198,-55.51706,75.26442,32.738945,38.508152,0.40799797,22.329918,9.027269,6.3845763,16.721722,4.845172,-3.1157262,8.577155,-1.165551,6.503655,1.4301853,3.3873186,2.9863775,3.164972,-0.5494896,2.585958
1766-168-4.wav,Car_Sound,2689.512631342743,0.06907345104768786,0.05392817,-202.63475,83.099686,48.421272,17.36871,12.556388,1.8198694,8.583258,27.531584,-1.8766314,10.850186,10.863051,6.364843,0.9451689,-9.634009,-1.6815435,-5.774132,-11.916899,0.6665631,-7.000458,0.7295799
1766-171-4.wav,Car_Sound,1570.0441200985638,0.07001049945809248,0.054794434,-155.64009,139.41605,-4.7709594,-0.16345382,-4.155749,8.636215,-9.511784,8.183334,-7.7732944,2.0047026,-1.5930914,-1.4128855,-6.078597,-1.6858374,-2.1756482,3.5477655,-1.0586512,4.463814,-3.3730454,2.7622123
1766-172-4.wav,Car_Sound,392.3078792886774,0.01228888186416185,0.08949829,-351.89395,176.90224,43.87084,41.51321,14.965874,35.333076,2.867711,24.709944,7.874941,11.113468,2.449934,5.254971,-2.2519069,-3.0846956,-3.0430145,-1.8574296,-9.307678,-10.02066,-3.8374474,-4.1460156
1766-183-4.wav,Car_Sound,1831.5809393176592,0.06877145050578035,0.046125256,-180.26535,119.974464,-48.723503,31.202171,-4.045288,23.1991,5.287326,15.30745,4.2792134,6.27647,-0.09357331,15.63976,-3.0168338,6.2612023,6.1214395,4.9443684,4.2658134,7.940509,-2.0447173,3.4764266
1766-186-4.wav,Car_Sound,2156.1009093487246,0.06486237807080925,0.20294814,-23.37342,98.43635,6.4174113,28.787622,8.701712,15.325272,4.284209,1.8494285,2.2349207,6.1350646,-2.3143766,-1.25601,-2.3993266,0.8091795,-2.834738,-2.6304388,-4.947612,2.0925016,-4.4735317,0.88625747
1766-187-4.wav,Car_Sound,946.2239904629967,0.013398098807803469,0.10726917,-236.1939,136.96378,-7.657571,34.015285,15.543084,11.370246,-0.30577767,1.733247,0.61459243,15.866616,3.4633105,14.893189,12.391665,9.942113,4.7574215,11.6204,7.9159646,9.940797,6.197501,8.399929
1766-188-4.wav,Car_Sound,886.4165683120242,0.026993768063583817,0.02424012,-350.54828,155.47925,17.924353,22.047815,5.940581,23.395687,13.02071,16.370745,10.701354,10.023985,-1.2103187,8.996708,0.35109547,9.228997,-0.6684512,1.9280378,-2.9041483,-6.339722,-5.9476566,-5.6367044
1766-19-4.wav,Car_Sound,2434.062301962267,0.10967700054190752,0.41944498,58.316628,106.53335,-17.199865,48.64958,-25.69762,19.186522,-39.21514,6.1472516,-22.527666,-5.818493,6.557716,-12.575723,6.0007534,3.6694336,-1.3756382,-9.1964855,6.5419397,0.20591392,-6.6359215,-0.5486958
1766-190-4.wav,Car_Sound,2991.8067568153374,0.14398934248554912,0.07738978,-77.5448,73.01601,-5.558984,20.153208,-2.127346,12.383121,-1.0085329,-4.9554873,4.741261,5.6822257,10.012844,-1.5184848,-0.91939497,1.6509181,-12.295828,3.3377686,-2.3902423,10.427104,2.462011,-1.7815167
1766-194-4.wav,Car_Sound,2603.408443511364,0.12762204208815028,0.014510422,-236.86685,92.160995,-8.179022,-0.84865224,-0.3245414,5.8189,-3.379921,2.0494468,-14.410306,-9.86356,-5.026404,0.30815747,-2.5706022,12.2452965,0.567498,1.2713056,3.7301025,-2.9272087,-3.8584154,2.1339083
1766-197-4.wav,Car_Sound,878.8683237001537,0.034851427023121384,0.096562035,-209.95271,167.50342,6.945404,59.13574,13.289946,8.920595,0.91752684,-8.742624,-30.756323,-4.2770123,3.3165777,10.702125,-3.282693,11.003466,-0.38413697,4.532496,4.999412,8.969784,-5.959762,-5.466434
1766-2-4.wav,Car_Sound,2201.42979687389,0.10524577763728324,0.043153398,-140.37993,107.01925,-13.057437,8.967247,-8.868294,-4.6955724,6.6772947,-1.9363499,-3.0057254,2.8633244,-5.104133,6.3264894,0.5417141,8.831616,-1.0834721,5.7526007,0.4830108,-2.4535818,-4.404016,-2.1068122
1766-202-4.wav,Car_Sound,3746.980237036838,0.17553005328757226,0.005793391,-342.57553,49.665276,12.395428,9.21679,17.33455,22.781233,0.07555748,-2.5948913,0.8413003,3.164783,1.1383482,2.7658842,-2.8707304,8.559387,5.9738193,6.528923,9.912042,6.9711633,-0.48714274,2.2133143
1766-204-4.wav,Car_Sound,2923.6539273859576,0.17768921604046242,0.05112851,-96.12949,78.66642,-7.3014164,12.018634,-14.526065,7.6203756,-7.4374323,1.0544964,-1.4512804,2.8943946,3.2123957,6.944801,-11.336091,-1.5268128,-1.9564862,4.289817,-2.0252192,-0.38222092,0.94573355,-2.5788295
1766-205-4.wav,Car_Sound,893.9812489933313,0.03422766889450867,0.108352944,-200.51445,166.38132,5.0707393,59.214363,15.082714,9.96159,1.8955244,-7.5755773,-33.814472,-5.84175,2.3477848,9.711826,-2.6644473,9.691541,-1.8975271,2.8249998,5.5185866,8.978587,-5.5339174,-4.8862743
1766-206-4.wav,Car_Sound,1157.2503151101694,0.028520705382947976,0.019560473,-337.86264,152.80347,-28.629417,24.151506,1.0403441,19.453405,11.007555,15.129778,12.005992,10.737741,0.20656665,5.1770883,-6.004865,-3.6033504,-5.1617136,0.047230672,-1.8335987,0.29331365,-7.278385,-4.9922886
1766-207-4.wav,Car_Sound,779.7676949154867,0.0060428332731213875,0.22074008,-249.90901,111.94778,30.435942,23.551392,25.143854,42.847137,13.74312,23.608864,16.391775,21.217213,10.5806055,17.045944,3.6928453,4.9744105,16.359358,3.5743577,4.5690165,9.198888,-1.6949526,-4.584617
1766-208-4.wav,Car_Sound,1400.1230372060036,0.12621364703757226,0.06778356,-219.80992,155.88206,-49.797802,47.60952,-23.814922,14.799988,10.037851,24.511532,11.383403,13.537369,8.251344,-1.0159537,8.055839,19.11124,0.3227519,-0.47459936,11.3043165,9.764721,2.5934763,3.6583147
1766-210-4.wav,Car_Sound,1096.2867300240364,0.030188764450867052,0.020107307,-333.7287,154.71439,-23.875923,26.580147,1.9522271,19.729445,10.926284,16.922915,14.854955,12.5734625,0.102566406,3.7542565,-7.6600604,-1.4268386,-4.9438066,-1.4199868,-2.670917,1.0941797,-6.34989,-4.1817336
1766-217-4.wav,Car_Sound,2743.6490905702,0.09212709989161849,0.03425695,-194.15358,79.057724,-5.692161,0.7791495,0.22527607,-0.72009826,4.41745,9.70027,12.539515,22.249617,2.5238535,22.786621,-1.3848038,4.0397677,4.650612,6.7247744,5.5577984,7.8885965,4.396561,8.999509
1766-218-4.wav,Car_Sound,1860.3780861869363,0.05447581737716763,0.027333817,-255.18416,101.99555,-8.071931,25.748295,18.495953,21.867987,15.058202,10.052096,6.8807917,9.320558,1.403647,7.8236957,-1.1750857,6.7616334,-0.13130584,8.889289,1.0329652,3.7964227,-0.38331717,-0.061130892
1766-219-4.wav,Car_Sound,1966.8350141546205,0.0864229588150289,0.112120345,-78.92865,116.15027,-20.58562,45.684303,-14.533972,-0.516712,12.33689,6.608091,6.422696,2.3137293,-5.998457,10.145807,1.46377,4.6077514,-2.5206227,4.45638,-9.442191,0.28731886,-3.338614,5.044966
1766-22-4.wav,Car_Sound,925.0271797057399,0.043891686235549135,0.04296603,-244.88893,191.80394,-18.666958,3.8483152,0.97836244,6.6059117,8.326808,12.296329,0.2580584,4.595956,1.0599242,4.252572,1.5321493,6.2997565,6.3606486,2.2421176,1.7407974,5.537699,-3.5858493,-1.5330943
1766-220-4.wav,Car_Sound,904.5046034892604,0.025040643063583817,0.011246047,-424.17044,171.28629,-31.28382,35.40446,-6.0362287,21.311596,12.500742,5.2931995,17.288927,12.370759,1.7723595,5.407456,7.4659233,5.7560244,2.292641,5.1502347,2.2354815,9.071281,5.6273885,3.3859665
1766-222-4.wav,Car_Sound,1211.3360595163365,0.02719698338150289,0.022391485,-323.62503,137.9214,-16.43612,34.418747,12.146764,11.794204,6.412956,19.148903,1.7005155,12.232121,2.8251247,6.352012,8.657537,5.0461736,5.846644,8.6958065,-1.5868869,9.033344,-2.359155,0.7660021
1766-225-4.wav,Car_Sound,2754.8495346515315,0.13947909140173412,0.014759409,-229.33363,87.42972,-7.171748,-0.67975974,-1.2662538,7.3167295,-3.2712078,4.3401985,-13.149617,-6.725761,-0.9903554,1.2069367,-3.5276492,10.792759,-2.1819916,-0.045976773,1.0719857,-2.6702619,0.99636,2.979207
1766-226-4.wav,Car_Sound,1946.6638504553803,0.08389970195086706,0.10186545,-87.32489,119.32818,-23.105341,44.799797,-12.707085,0.30255088,14.48348,5.046242,7.275461,3.756027,-9.946771,12.25919,-4.3073573,2.12476,1.0265533,5.277769,-6.363143,3.3783479,-2.229137,2.5147092
1766-23-4.wav,Car_Sound,2437.202000782999,0.09053806900289017,0.070048116,-144.13908,84.76856,-10.6376505,31.166857,15.663871,31.191875,21.750452,-0.22565594,-11.902939,0.50642836,19.57021,14.3949175,-13.894953,-6.302628,-9.308234,-0.8118426,4.313246,0.9570892,-4.0681825,3.4524536
1766-234-4.wav,Car_Sound,1436.9552634120625,0.031326205744219654,0.023716684,-321.3457,121.55814,0.53106695,16.670422,9.0421295,-2.6383932,5.670642,6.3151374,2.3824766,18.464808,6.306507,8.379228,2.1445105,-2.9487946,-1.5007991,-0.18789874,-6.945729,7.3438416,6.2334266,12.192321
1766-236-4.wav,Car_Sound,841.7360522837265,0.023790304371387284,0.048164595,-300.55725,151.32027,27.096775,27.720108,7.625355,21.557037,15.651806,16.629189,10.216295,10.149421,-1.6924798,8.031286,1.0046824,9.610945,0.39566344,3.49173,-3.4134417,-8.958983,-8.702351,-7.408522
1766-237-4.wav,Car_Sound,1247.5545762890517,0.01647173049132948,0.053564165,-273.52164,128.57864,6.077703,17.023054,8.490033,21.455076,4.6487103,15.077058,7.846389,11.282445,7.159593,6.1023655,4.0796,10.607314,3.8277876,5.0733128,-0.24016172,8.998479,2.7286253,8.037851
1766-24-4.wav,Car_Sound,1747.542275432294,0.02543860639450867,0.056561265,-237.02307,103.63298,6.018616,23.661282,-0.5413982,17.624434,7.042217,14.795187,5.406096,12.010222,7.089545,6.8997173,8.694867,10.211714,9.449267,1.9526857,3.2993438,6.5951676,2.9675374,8.087593
1766-240-4.wav,Car_Sound,378.7146210998314,0.010812748374277457,0.10286977,-349.46503,170.98329,48.81959,46.27598,21.402575,32.533203,3.8624156,21.98101,6.1273813,8.987749,3.8065107,4.6704855,0.6492962,-4.2763977,-0.9998156,-2.4643734,-7.2389965,-9.265825,-5.1383586,-5.129895
1766-242-4.wav,Car_Sound,1351.0766043304227,0.08094743497109827,0.1212832,-109.23929,181.64943,-71.93157,49.743576,-14.242641,16.541967,-5.9435797,0.37224698,-3.4220734,-1.5323501,6.423465,-1.0126399,-2.0561316,-2.1349423,-3.8302128,-1.3034478,-0.42482328,-0.064672016,-2.975264,-3.5381756
1766-243-4.wav,Car_Sound,1228.0913966106255,0.034185332369942194,0.008659326,-406.8825,135.37256,-16.334145,31.252363,3.779365,27.159704,15.742579,20.590834,13.233548,13.048757,1.5135324,5.369788,-5.225206,3.9381955,-5.9607844,-2.163481,-6.1216097,-0.6049309,-7.358631,-2.2757936
1766-246-4.wav,Car_Sound,1153.2198082599116,0.08474361000722544,0.036302425,-290.12836,196.48492,-113.74313,-37.618603,-54.811417,-34.532383,-36.088657,-22.91879,-39.50934,-15.537236,-28.468964,-24.409399,-19.450811,-14.012724,-24.2446,-15.694645,-18.211025,-21.912027,-10.281259,-15.809512
1766-25-4.wav,Car_Sound,2617.9675120558577,0.08390534682080925,0.21283038,-52.487083,74.01045,32.20648,38.789204,-0.19305898,22.263134,9.496019,5.876852,16.138863,6.032031,-3.424121,7.755374,-1.245407,5.655328,1.7054073,3.4993565,2.317981,3.661938,-0.3953065,2.1272712
1766-250-4.wav,Car_Sound,3242.6781431245886,0.15569911858974358,0.040854566,-140.86621,57.00529,-3.766391,33.002678,2.9422772,14.877526,5.992676,13.266089,1.1039608,4.692167,3.125123,7.6409535,-4.621208,3.991792,-0.23129009,2.3865478,-2.391698,0.8377924,-0.41586378,-0.14559506
1766-253-4.wav,Car_Sound,2304.2482305767253,0.1202808887283237,0.3651411,50.119503,117.517586,-44.06044,40.44744,-28.7881,30.005413,-35.24153,1.8856598,-22.977463,-0.40245268,3.4388537,-9.258312,11.041988,-3.0044072,-1.4024445,-4.868778,3.2183301,-4.928748,-4.229858,0.7114442
1766-254-4.wav,Car_Sound,3056.7844343679094,0.15569115787572255,0.07453603,-68.205986,73.079094,-6.4247403,14.506591,-4.643724,13.211499,-0.7876151,-2.4426672,3.8337526,0.7575941,4.7965145,-0.004951896,-1.8789632,2.6728272,-8.01073,6.807497,-1.83652,8.215482,3.333289,0.8703065
1766-255-4.wav,Car_Sound,2436.8414878904687,0.1009133399566474,0.43470323,56.033886,110.71597,-8.942701,40.06452,-30.7913,33.783474,-35.486115,3.8654432,-18.448116,-8.175226,4.327059,-9.502615,7.075006,-0.5250159,-3.2736738,-6.860097,2.5848546,-0.95639825,-0.27922887,-5.91228
1766-256-4.wav,Car_Sound,2816.137468729574,0.12007767341040462,0.22398798,11.588834,74.68084,1.3099924,25.035704,2.2390878,3.8084607,-6.4225664,-0.090741195,-9.371152,-2.908518,-3.079864,-6.333761,-5.112637,-0.61707234,-2.239976,0.6580893,-4.073825,2.7824621,-1.2883843,2.5900476
1766-259-4.wav,Car_Sound,1952.5456832164853,0.04347678829479769,0.20218258,-65.97023,109.94863,36.20663,13.59536,5.1593695,14.460249,10.528762,12.4631815,-3.8884976,5.686114,-2.4085603,3.1671708,1.0674403,5.8906226,-1.013717,-1.7604587,-4.625703,2.4472206,1.2189287,6.5174975
1766-26-4.wav,Car_Sound,3612.8397617583005,0.16802802113439305,0.006202203,-328.82324,52.59042,7.1565776,11.113702,13.792316,19.865883,-2.5021532,-2.1074305,2.3283582,3.1686153,-1.2794225,2.7418175,-1.1783006,9.258666,4.9509416,2.6999762,1.9233681,3.4156458,1.2073807,4.480894
1766-260-4.wav,Car_Sound,1338.4344177242292,0.015068980310693642,0.18718463,-179.14673,106.64137,19.490795,35.185547,10.871874,32.374367,5.4932485,15.302348,1.5821143,11.509803,3.34317,9.142628,3.0669482,7.7352667,-3.2916775,5.386742,-1.6458467,4.220143,-2.9115283,2.7450972
1766-263-4.wav,Car_Sound,2859.8497050329556,0.11062251625722544,0.038012445,-174.75443,70.884346,-0.9224081,35.317493,12.276494,14.115407,9.380826,9.325643,4.994132,6.2423835,1.5321165,3.369557,-7.3683195,0.7446333,-3.9441772,4.0788307,-2.059772,3.1715016,-5.3566923,3.6892269
1766-266-4.wav,Car_Sound,2262.6392458816526,0.09248554913294797,0.44706514,54.64432,118.308304,-13.326361,38.472775,-29.816545,38.04879,-33.032784,5.2040887,-21.070766,-7.7709045,3.9039254,-8.558803,4.108204,-2.9360015,-3.923789,-7.1528773,2.8415613,-0.65985453,-0.6691268,-5.424241
1766-270-4.wav,Car_Sound,1687.0617885162585,0.05641765263728324,0.056625575,-320.52054,102.814026,-0.5192703,14.844521,6.7764435,16.428316,3.1756108,6.9226384,0.5907326,0.1184131,4.758211,4.1832414,5.708562,8.354537,16.810595,12.604735,0.68075687,-8.028684,-9.442509,0.8939031
1766-272-4.wav,Car_Sound,2705.1317209718472,0.08730920339595376,0.037405115,-191.90831,79.853874,-4.1171627,1.4512038,-0.9437381,-0.53908193,5.1556525,10.166451,12.116582,22.234568,3.1254072,23.698267,-0.59036195,4.136383,5.5433955,6.5062194,5.596206,7.5190225,3.631428,8.491799
1766-273-4.wav,Car_Sound,579.345293231078,0.008484239523121388,0.04774036,-384.9228,164.8122,15.628308,43.36335,25.149372,23.983727,13.015865,10.998477,3.7709968,9.230717,8.686302,2.2137446,0.8772579,5.9817657,4.2333384,3.4510453,1.5081033,-0.90752876,-1.0829147,5.104292
1766-275-4.wav,Car_Sound,2916.116198428382,0.17553005328757226,0.05197796,-95.81386,78.329796,-6.2004275,13.782912,-12.197384,7.969148,-7.089116,2.1064315,-0.96708876,3.4891477,3.156266,7.421687,-10.583985,-0.5828725,0.023489561,6.297153,-0.8579414,1.3053933,1.8075079,-2.0720856
1766-278-4.wav,Car_Sound,2908.727543010651,0.17237490699404762,0.049664967,-103.00118,78.600235,-7.3965993,12.763239,-12.033122,6.9799523,-4.8376555,1.9745741,-1.3991392,4.255671,1.0211791,8.292387,-11.528748,-0.36470413,-0.8668154,2.5842533,0.42158717,1.3307718,1.2070025,-1.1121435
1766-279-4.wav,Car_Sound,2229.331466303475,0.05932193822254335,0.06850375,-178.10197,86.0466,3.0442343,32.27412,12.936591,27.02892,31.150736,11.064669,5.1841288,-0.8737424,5.6081953,-4.3198075,-3.5464919,-1.071953,-2.8759606,1.7370607,-4.561884,0.6967612,-5.582817,-0.90905666
1766-28-4.wav,Car_Sound,922.668538358837,0.025751896676300578,0.018449351,-369.83017,155.06844,18.245434,21.591702,4.334881,20.914469,12.962696,16.64162,8.69396,16.030483,-1.0936078,8.564142,-1.6550465,8.291396,-1.8662573,1.8318213,-4.949277,-5.754022,-4.817443,-6.198738
1766-280-4.wav,Car_Sound,1030.4862478848236,0.0174144237716763,0.30247292,-103.44239,160.0867,-39.79782,33.784588,0.5893281,16.812342,10.483173,9.957646,8.634533,11.765,-2.155198,10.0381565,3.8260646,3.5256884,1.6026707,3.6102595,1.1485633,3.9217,2.3712115,5.3714986
1766-281-4.wav,Car_Sound,1083.9106245360483,0.02611034591763006,0.019346938,-345.39948,155.24486,-24.972523,25.18634,2.4310021,19.250534,10.9650345,15.774882,13.806214,13.535365,1.0653458,4.3321304,-5.8585467,-0.60151017,-3.8199582,-1.4372096,-3.5735908,-0.5781556,-7.803567,-4.1608963
1766-283-4.wav,Car_Sound,2193.1417415006663,0.10458815028901734,0.044934046,-138.7634,107.3256,-9.708351,11.8696575,-8.855725,-5.134758,5.8812356,-3.8531,-5.178173,1.6022519,-7.234133,3.5505946,-1.3186792,6.380886,-1.9958552,6.2863207,1.9445125,-1.9710909,-4.1753893,-0.9915007
1766-284-4.wav,Car_Sound,1212.537470455499,0.028633602781791907,0.012918337,-395.89383,121.41867,-6.4869504,31.583254,10.332514,29.487717,17.304712,24.930134,13.717458,12.434523,3.8657925,11.0208235,1.2747483,3.7446747,-6.9826603,0.86795914,-1.4987944,3.268981,-3.67164,-2.0494297
1766-286-4.wav,Car_Sound,1225.3729099397474,0.062090746929190754,0.08035698,-170.77356,162.48923,-37.42097,8.140651,-5.387925,17.106186,7.3365107,21.444254,-6.448454,3.4462976,3.296561,4.5398436,4.950305,5.9000683,13.117376,2.2952814,6.3153763,7.631221,-5.274496,2.3241277
1766-288-4.wav,Car_Sound,1698.2628175225395,0.024941857839595377,0.12219904,-148.3444,105.3703,-14.007427,10.401244,6.4922447,18.90721,8.850365,27.815384,13.501659,6.8466206,-0.25692034,13.553282,14.184446,5.8021607,-2.460647,3.3915641,7.426868,0.978776,-7.330343,9.419478
1766-289-4.wav,Car_Sound,1299.25946970373,0.06156577402456647,0.4335583,0.5716002,173.40314,-32.921192,24.9231,-35.048195,35.372753,-32.146984,-6.914335,-31.504549,-0.22765009,4.737411,-1.4389523,2.3093998,-4.271149,4.359155,-1.9482037,-2.1784947,-7.2628803,-0.7240135,-6.486396
1766-290-4.wav,Car_Sound,2199.5563771431043,0.057557916365606934,0.03278261,-254.46437,84.513336,1.9191028,33.29569,13.184544,28.824112,30.127953,13.404932,5.537559,0.49894583,3.6419332,-3.8088381,-4.1891212,-0.025934076,-1.8135821,1.459244,-7.056926,0.10248775,-6.5545564,-0.87787765
1766-292-4.wav,Car_Sound,2465.878710923769,0.08599394869942197,0.07150887,-140.41891,83.95233,-10.108308,30.144154,14.196659,31.273636,22.852821,0.25697437,-12.189628,2.275978,19.41207,13.138356,-14.824713,-6.1436625,-8.997474,-0.17620781,4.1625156,1.4498965,-5.2633486,3.9791987
1766-295-4.wav,Car_Sound,1575.5683736187189,0.016316496567919076,0.21082158,-142.48134,96.04191,-16.521109,20.989515,9.278893,20.431112,1.2249031,14.921892,9.47138,14.491003,6.23397,9.933496,2.503531,2.832115,10.706561,15.233299,7.617199,10.133853,3.7639062,5.73774
1766-297-4.wav,Car_Sound,1580.5428705091144,0.08728380148121387,0.111227006,-116.327065,137.51668,-39.174778,7.987213,-9.98551,13.829786,10.639469,15.423138,1.9851155,7.589066,0.37374586,3.486264,-2.388297,5.111661,4.2784066,0.81279635,0.12332023,8.511148,-0.1331818,4.758442
1766-298-4.wav,Car_Sound,1123.4950092301244,0.08914096369219653,0.040713884,-289.4649,211.16478,-113.55374,-44.756054,-45.48329,-22.390884,-37.543392,-20.49225,-38.05467,-15.643679,-27.4504,-24.122719,-19.641111,-12.642148,-22.581024,-18.779955,-17.878613,-22.838907,-7.1126194,-17.660295
1766-299-4.wav,Car_Sound,1774.3598899725068,0.04598311054913295,0.034181412,-248.71677,103.46611,-10.658781,27.933634,16.986872,25.15818,15.649514,11.593638,7.0432706,9.985227,1.0108398,6.8792605,-0.18140922,9.3218565,0.9443861,8.470888,0.7996157,4.1787624,-1.0826495,0.12912506
1766-302-4.wav,Car_Sound,1892.4734626948716,0.05710632677023121,0.021619104,-307.8779,96.7168,23.867887,27.366865,14.266836,16.099773,9.602139,19.28653,6.2882376,9.021837,3.0374508,7.09859,5.522717,8.759138,-2.521171,1.1839395,1.7937217,-0.3604867,-7.626622,-4.7347813
1766-304-4.wav,Car_Sound,1220.807025255302,0.033505125541907516,0.028124325,-297.99417,143.89528,-26.925442,26.510336,12.138084,13.208362,8.826348,16.314575,-1.365786,14.209478,0.80670273,5.3587084,15.53497,8.239613,4.7500205,7.0258775,-0.90614593,11.086251,-1.5657269,0.20409879
1766-307-4.wav,Car_Sound,1299.4105573994707,0.01515365335982659,0.01108973,-465.09985,98.48478,18.629131,27.286634,21.489817,14.134604,14.488196,25.07966,9.885483,7.613324,12.775617,11.775508,10.692153,9.333952,9.532471,7.049346,4.719105,8.713025,-1.8858951,4.5384283
1766-31-4.wav,Car_Sound,537.8504327236543,0.008546333092485548,0.049534164,-391.30084,168.07007,13.157248,40.397186,24.761705,24.96133,16.15426,12.445872,3.0179887,11.012989,11.061605,2.5765476,1.3088828,5.7811556,5.7162757,2.5152862,0.96013314,-1.0522557,-2.300035,4.753477
1766-313-4.wav,Car_Sound,2576.4212963199857,0.08145829570086706,0.2142186,-53.27977,75.65724,32.578236,38.195866,0.329011,23.065714,9.18433,6.042598,16.33008,4.894025,-3.490802,7.9426723,-0.41583234,6.4206715,1.7563963,2.8107107,2.187117,3.4055645,-0.6416669,2.0762255
1766-315-4.wav,Car_Sound,839.9503519282177,0.023829818460982657,0.048174284,-300.60022,151.3976,26.97944,27.703259,7.533189,21.588913,15.774728,16.732239,10.302383,10.133185,-1.7599295,7.976485,0.8924809,9.564835,0.3645734,3.4354467,-3.337648,-8.955198,-8.699348,-7.432246
1766-317-4.wav,Car_Sound,2723.9215766446346,0.09485639450867052,0.035210274,-187.71375,82.03712,-4.8033466,-1.8066177,-0.68102306,-1.0359691,7.1677656,11.639527,11.056912,20.838509,0.61978555,21.704742,-1.6227744,5.555532,5.437076,6.750247,4.7717757,7.523329,2.5912688,8.238258
1766-318-4.wav,Car_Sound,1525.1025388428286,0.06321407604768786,0.36488995,-6.9297805,159.31313,-30.55021,39.82735,-43.231163,32.072857,-39.399223,-1.3747813,-23.132042,-0.41220883,0.82428473,0.08858106,6.862649,-3.525718,3.704526,-6.9358377,6.8530993,-5.7856197,-0.45491067,-1.776055
1766-32-4.wav,Car_Sound,2584.430106869399,0.08295983110549134,0.21382605,-52.60275,74.92568,31.860905,38.972897,0.48458,22.24806,9.144093,6.725692,15.8681555,6.890154,-3.4308977,8.100994,-1.0237703,5.3821325,1.3708556,3.1274223,1.5982003,3.227989,-0.87520355,1.7027013
1766-320-4.wav,Car_Sound,766.4312951905415,0.013496884031791908,0.29227757,-159.3548,162.46512,-3.7806795,33.181843,16.941835,1.7622658,-9.671022,13.635945,7.264932,6.9814963,4.4147186,11.622065,10.627646,10.59515,-0.16167524,12.030194,6.200409,7.835489,9.176361,3.2896566
1766-322-4.wav,Car_Sound,1014.2970146574406,0.029302519869942197,0.016992351,-359.93512,154.3926,12.633137,17.959654,3.1435134,20.886993,11.259417,14.845785,6.3515863,15.19325,-0.43270734,8.274984,-0.359746,8.3487,-2.7314596,2.396758,-3.603979,-4.1329994,-3.4324884,-5.3674607
1766-324-4.wav,Car_Sound,1241.5596415900466,0.03600260416666667,0.018507708,-342.587,138.90604,14.0289755,20.878662,1.9148141,18.352875,6.0002813,12.209535,8.915518,12.834734,1.1926156,5.9890876,3.3653674,8.136211,-3.7477298,4.2741656,0.63620156,-1.3704965,-2.5312958,-5.0395117
1766-325-4.wav,Car_Sound,1447.2060658725093,0.035325596098265896,0.027014147,-283.66537,131.29819,-21.173386,25.206184,10.732038,10.058811,9.58162,14.891263,-0.2135651,13.633086,2.21131,3.813773,11.685376,5.5885863,3.4959393,7.556867,-2.4455225,9.078539,-0.4158453,0.67057747
1766-326-4.wav,Car_Sound,1959.1111634643735,0.08481417088150289,0.11149868,-80.16159,117.581215,-21.278593,45.436516,-17.983868,1.368776,13.402041,5.733773,5.2490854,1.7836136,-5.2369885,9.812264,1.7269739,5.0593443,-1.8882587,4.2079954,-9.820913,-0.33816785,-3.7184353,5.0684433
1766-33-4.wav,Car_Sound,840.9260484395139,0.023832640895953758,0.048347335,-300.37427,151.31879,27.19066,27.540504,7.457851,21.754675,15.539065,16.887213,10.201714,10.429081,-1.8022982,7.8789134,0.9500429,9.736508,0.48735753,3.3923974,-3.227337,-8.848683,-8.771521,-7.491009
1766-333-4.wav,Car_Sound,2456.1384397241254,0.11179947164017341,0.42452157,57.1286,106.36787,-13.866587,49.187557,-27.925858,20.12687,-35.92222,6.9732857,-24.646496,-8.733499,8.770408,-14.079391,3.993739,3.5993357,-3.0826461,-7.5407124,7.4503236,-0.07387641,-4.8336368,-0.47620136
1766-334-4.wav,Car_Sound,2036.4472104753177,0.10083995664739884,0.038050856,-163.4825,116.03057,-13.366454,2.4310439,2.5799422,5.919582,-3.8504412,7.2348146,-5.3810687,0.45044425,-7.0447807,-3.8601847,-10.411144,-3.3321998,-3.096029,4.550037,1.0216165,2.890709,-4.417516,-2.8352678
1766-338-4.wav,Car_Sound,1233.0785427969556,0.032616058526011564,0.008894966,-413.77194,133.47736,-16.715036,32.00268,4.1987624,27.238565,16.345808,21.890476,12.304314,11.538578,1.6254213,7.88313,-1.3194873,1.3861164,-7.444955,-0.99594337,-6.238764,0.21932578,-7.7253404,-3.8226151
1766-339-4.wav,Car_Sound,2899.264440121867,0.17394384483381503,0.050713044,-97.81705,79.42131,-8.168574,11.791029,-14.33088,7.9727592,-6.7578225,1.061326,-0.975449,3.2855833,1.1441795,8.649974,-12.115664,-1.5564001,-1.9004192,3.2913275,-0.2847299,2.0025408,1.058185,-1.6222932
1766-34-4.wav,Car_Sound,2757.0631144744275,0.08812770953757225,0.035744026,-193.58847,78.4649,-1.7008839,1.9163483,-0.9847534,1.4877945,5.8108835,10.658021,12.743483,20.806068,2.5359771,22.453335,-2.9163857,1.8139082,4.1851773,5.242168,6.643741,9.315407,3.4997566,8.205978
1766-341-4.wav,Car_Sound,1292.0846818018758,0.023335892341040464,0.04483809,-295.19257,120.51711,-13.403346,66.62721,0.55322087,19.966633,16.786734,16.976992,4.4720283,13.007025,0.38155246,7.763981,-4.071272,5.264273,-3.6936579,0.9270941,-1.9961525,-7.231323,-2.4788303,-1.654487
1766-343-4.wav,Car_Sound,2527.2883988630606,0.13470353143063585,0.36272237,53.458454,108.47499,-35.652718,43.463787,-33.57495,27.224062,-34.063667,4.049347,-24.027473,-0.93579686,4.215481,-9.973498,11.614894,-3.7487235,0.42346236,-3.0946007,3.544099,-4.3555837,-4.6790285,1.676017
1766-345-4.wav,Car_Sound,2291.7399029545904,0.11088933171452703,0.38328218,49.092945,118.01845,-33.602333,42.30595,-36.481762,26.690788,-33.721375,3.5589912,-25.373169,-4.763775,2.9417362,-7.5191607,9.050242,-3.1125786,0.528245,-4.941274,3.8534343,-2.3165636,-2.9572003,0.20624444
1766-346-4.wav,Car_Sound,2357.727320737774,0.10551673139450866,0.41896316,53.119717,110.68301,-18.55176,51.48173,-27.29915,19.579306,-39.04378,5.9325824,-23.125517,-6.3338327,6.444696,-14.093815,4.8493047,4.0209723,-2.5767388,-7.962392,7.06267,0.921096,-4.927806,-0.99358964
1766-347-4.wav,Car_Sound,1555.6963940430537,0.07912131954479769,0.06928718,-138.03282,138.18144,-40.912296,6.4929085,0.3841484,17.594078,-1.7645136,4.533971,-17.09377,-5.1270475,-10.6271305,-6.66726,-9.582276,-8.263495,-6.549243,-2.7237859,-10.15515,-6.904175,-13.055221,-5.838297
1766-35-4.wav,Car_Sound,2346.46650605885,0.06629053016618497,0.0427139,-183.11395,101.22303,15.424487,6.15326,1.269214,12.757404,2.6938381,13.325469,0.15853979,5.903496,-1.0933902,2.533421,-2.8258395,-3.6095245,-4.862424,-2.779064,-6.918814,1.6017628,-1.4185704,1.5398545
1766-353-4.wav,Car_Sound,1221.3586930600388,0.02747358200867052,0.011411437,-437.04944,123.34784,-11.14361,71.55881,9.456168,14.365963,7.1414814,15.883475,12.78092,3.992642,1.2013896,10.948759,3.0399458,0.23052022,-0.45400608,2.39146,-1.3804067,-4.4653273,0.768776,2.5517585
1766-358-4.wav,Car_Sound,2495.8438821900554,0.11463037391618497,0.4132107,60.34463,104.16501,-18.486708,48.232384,-25.186625,20.515265,-38.72104,5.4091983,-20.848167,-7.1604757,6.134029,-14.318388,5.641953,3.61386,-3.3439088,-8.181136,5.634011,1.5041093,-4.975871,-0.90231097
1766-359-4.wav,Car_Sound,2216.6788175155675,0.05645998916184971,0.033742137,-251.6161,84.44955,2.4308887,34.58037,11.446086,27.415846,29.857264,12.859748,6.242062,0.16920851,4.5953727,-4.112688,-3.3824272,-0.47091186,-2.3496702,1.5038823,-6.372619,0.28757507,-6.291298,-0.5997271
1766-362-4.wav,Car_Sound,609.8764430226297,0.006632722182080925,0.08912295,-334.3681,134.49075,33.566322,11.845394,11.857573,31.158428,26.271795,29.473284,21.32357,24.314583,17.286255,20.927374,8.97464,14.32271,4.0104527,0.23721235,-4.424853,3.366985,4.8967347,2.7664113
1766-363-4.wav,Car_Sound,1190.750484993904,0.0820284275650289,0.031088939,-297.2383,189.75673,-113.03003,-25.697046,-53.27347,-44.081642,-36.549324,-22.540684,-40.034863,-14.690309,-30.319788,-25.230263,-20.576721,-12.669332,-25.16675,-14.967384,-18.887136,-23.216936,-9.386224,-15.695253
1766-365-4.wav,Car_Sound,1941.9159762537104,0.04324534862716763,0.20155498,-66.47335,110.3426,36.052452,13.64312,5.2535195,14.587485,10.355007,12.386474,-4.150341,5.592587,-2.3022957,3.320808,0.95427436,5.751776,-0.8980262,-1.6968828,-4.548862,2.5963168,1.0824486,6.1194735
1766-37-4.wav,Car_Sound,2331.579440760628,0.11177971459537572,0.049738757,-125.35486,102.44447,-12.903543,5.967439,-6.5774827,-7.4732347,7.390697,-5.9796233,-1.224494,3.6073372,-2.1240935,5.5130954,0.09372824,5.622723,-3.7779577,5.40125,0.09371532,2.1059775,-3.6287146,-1.5589455
1766-370-4.wav,Car_Sound,2425.3062977512673,0.12638017070086704,0.345507,40.658417,113.80856,-35.3661,42.921757,-31.373571,28.733675,-36.304096,1.0608226,-28.256481,-0.20038548,8.744327,-13.44205,11.3966675,-3.8369846,0.05764325,-1.422204,4.416751,-5.189482,-3.3432977,0.9475283
1766-371-4.wav,Car_Sound,1300.044374890875,0.0335333498916185,0.02069706,-365.29138,121.371475,-0.45897573,71.970406,2.4373484,15.825004,11.861493,8.8889475,9.888735,2.726164,-8.4582405,7.3882527,-1.4103742,0.85311407,-4.779176,1.8352348,-0.24200264,-4.2011747,-2.48732,0.4882671
1766-377-4.wav,Car_Sound,1135.801531683028,0.05268639360549133,0.034345195,-283.80948,189.27559,-43.100292,51.984306,-24.391918,4.0430603,12.114801,-26.217297,0.0986972,-1.654916,-15.994194,9.861313,-9.189508,3.5048215,-8.532287,-10.374084,-2.5472252,-17.11578,-13.280803,-6.7511587
1766-38-4.wav,Car_Sound,1957.0909498881144,0.04417110729768786,0.20266226,-65.91581,109.98774,36.482124,13.415347,4.766068,14.632851,10.439389,12.559508,-3.8747964,5.8922033,-2.5012555,3.5402596,1.0224062,6.224907,-1.2934072,-2.1008282,-4.8826756,2.3339047,1.6736248,6.8054185
1766-381-4.wav,Car_Sound,2184.6001937053925,0.04171276643786127,0.033129737,-263.9634,85.62132,27.333313,45.159134,-12.491403,18.282148,25.999142,20.845432,5.037184,8.669386,-1.0486968,5.250284,5.463633,-10.86722,0.2767792,7.1819735,-3.816747,2.146408,1.3531357,-1.9729463
1766-383-4.wav,Car_Sound,2228.400461055343,0.06018842575867052,0.07749595,-164.93231,85.78946,2.9847324,31.780691,13.333858,26.594332,31.651402,12.875854,5.4678617,-1.5029252,5.320968,-4.7331553,-3.8290002,-1.6715949,-2.7049055,3.102273,-4.499394,0.9633471,-6.3846655,-0.98386866
1766-385-4.wav,Car_Sound,2494.0880741203982,0.11065074060693642,0.4080735,51.642094,106.42032,-11.7342205,49.919224,-29.921444,20.169405,-37.66894,7.2688975,-23.807383,-6.4516687,8.3775,-14.821016,5.9939866,3.153543,-3.2874823,-7.140224,5.427034,1.2717087,-5.0136685,-0.8905076
1766-388-4.wav,Car_Sound,1236.6571716247677,0.0859431448699422,0.026038654,-306.64856,187.14767,-118.00946,-19.083157,-47.174908,-43.543564,-41.197517,-24.54202,-41.82137,-13.289189,-30.926474,-24.304993,-23.460562,-12.398868,-24.35149,-14.97538,-20.014256,-24.1379,-9.045881,-14.899914
1766-389-4.wav,Car_Sound,1904.9257348994474,0.027064328937861273,0.11495898,-199.35129,78.76195,31.036652,21.53951,15.008701,30.132914,16.649134,39.56817,9.630762,9.850056,21.60301,17.293722,-7.355486,16.647675,4.1254416,-6.4350953,-18.68708,14.511195,1.1907156,-1.3473448
1766-39-4.wav,Car_Sound,844.3579853298307,0.023965295339595377,0.048138365,-300.33902,151.28249,27.107897,27.611876,7.6521306,21.448011,15.589482,16.62883,10.286944,10.1037655,-1.7553421,7.992429,0.9699825,9.5757885,0.48015362,3.4835734,-3.4522133,-8.95354,-8.67463,-7.356585
1766-392-4.wav,Car_Sound,2676.0872260005194,0.131147263367052,0.015829768,-225.79898,90.01926,-8.4351,-1.7881814,-0.772433,7.910059,-3.4761498,1.8321228,-13.08691,-7.901363,-4.5049853,0.1175747,-5.1419926,11.316886,-2.0969656,0.8013824,0.6964188,-2.8432236,1.2525461,3.4640582
1766-394-4.wav,Car_Sound,807.6628590918828,0.007168984826589595,0.057421274,-367.8608,106.48584,19.597239,42.485527,6.0740743,13.809082,25.230429,28.819754,13.306973,14.132728,3.5129783,12.942545,9.890905,6.8402686,6.2797556,5.09187,2.0407465,2.1385324,0.104282975,5.005826
1766-395-4.wav,Car_Sound,2186.224641483756,0.061777456647398844,0.14585268,-61.383503,100.297,-10.836805,5.820182,-1.4937631,25.779858,5.1948805,5.292579,10.654749,7.118876,5.3069997,7.5285983,6.672006,1.7265604,-1.8718036,5.373646,1.6088563,0.63965464,-0.5896843,4.736218
1766-397-4.wav,Car_Sound,2830.7463006011753,0.07547755599710983,0.05557035,-196.16348,79.23423,49.27993,17.800476,11.558481,0.17382984,8.112478,28.007265,-2.2938395,12.595918,11.615558,7.9325757,2.1273966,-7.013253,-2.2471046,-3.9153533,-12.813426,-0.8242906,-10.19195,-1.3686861
1766-398-4.wav,Car_Sound,2457.3378903951457,0.11205913565751445,0.41222695,57.91691,105.96826,-17.900114,49.690514,-25.765497,21.477495,-40.53401,5.477493,-19.622686,-6.7760596,5.231034,-12.795075,3.7807362,4.6089525,-1.6095666,-9.112494,6.402801,1.4216777,-5.1686707,-0.5308753
1766-40-4.wav,Car_Sound,1882.9887366251464,0.07669402546965318,0.10619173,-91.45131,121.50923,-19.784262,44.472847,-13.418065,2.7825131,16.329931,1.0431415,4.64201,5.7256217,-9.133266,11.783107,0.36421773,4.198955,-1.4787928,4.7472067,-5.5742745,2.9257028,-2.92721,1.8605474
1766-401-4.wav,Car_Sound,1141.4724205986945,0.08851156069364162,0.04144095,-288.4855,205.58223,-118.324265,-45.91877,-50.279804,-25.574677,-39.32258,-19.738287,-40.75856,-15.727156,-28.19397,-24.319817,-19.381046,-12.534558,-22.2432,-18.598072,-18.756523,-21.708027,-7.3554673,-18.442001
1766-402-4.wav,Car_Sound,931.0663627558304,0.016889450867052024,0.099334076,-245.53082,137.50279,-8.757462,34.003597,14.804143,12.28278,-1.803272,1.7145478,2.4801285,17.141382,2.1610982,16.099863,12.248027,8.798254,2.4690442,11.196325,8.832111,13.479239,5.395387,8.6004095
1766-403-4.wav,Car_Sound,1678.8911507608775,0.021975478684971097,0.12828724,-150.96422,104.14111,-13.087529,11.785537,7.240281,18.999647,9.565906,29.55953,13.443678,7.8615665,1.4253429,11.867704,12.739072,5.2414365,-1.1717488,4.6223855,7.092306,0.27944872,-7.9672112,9.096399
1766-405-4.wav,Car_Sound,1121.3355020051042,0.0865894824783237,0.0412211,-288.00967,209.28522,-114.9468,-41.73248,-49.20494,-26.050735,-38.30944,-16.684013,-39.589046,-17.051788,-26.961197,-22.658987,-18.745213,-12.29252,-22.31124,-19.28309,-17.510418,-23.10237,-8.536377,-19.138609
1766-408-4.wav,Car_Sound,931.6098827180443,0.01354204299132948,0.03591943,-334.63364,158.55328,-0.25575048,3.1852555,25.182554,7.710427,4.9946012,17.35088,-7.645937,5.726267,3.8481543,18.65347,9.460025,9.158382,-3.6215415,5.099644,3.7756636,5.883346,3.7985606,10.5841
1766-409-4.wav,Car_Sound,2899.856575566424,0.16932351878612717,0.009854101,-270.18225,72.55598,-33.60253,6.7943687,-10.788853,26.413734,-1.1770432,19.646729,-6.9901834,-2.8965023,-1.5409472,12.115552,-6.859697,12.60686,-5.814085,-3.114032,2.9458346,-1.9779391,-0.12972687,2.3614593
1766-410-4.wav,Car_Sound,2729.2837053821145,0.08755475523843931,0.034716308,-197.2516,78.81288,-5.539534,1.477778,0.37611952,-1.3156292,4.789322,10.290144,11.866338,22.976202,3.4002154,23.22059,-0.41387832,3.8924532,4.533883,6.583299,6.4546857,8.663669,3.7455392,8.793272
1766-411-4.wav,Car_Sound,2569.268993158365,0.08027851788294797,0.21239719,-54.44588,75.58272,31.618116,38.9793,-0.5674567,22.625166,9.634857,6.2038093,15.241578,6.7741394,-3.4299684,9.36938,-0.48306495,5.8489313,2.0461755,3.7353477,1.7360008,3.0776756,-1.2583137,2.0167391
1766-412-4.wav,Car_Sound,1914.7771620642875,0.02699941293352601,0.11181034,-199.93091,77.87952,30.141638,21.625582,15.051857,30.537346,17.382147,39.893387,9.921496,10.784005,21.072367,15.603124,-7.2878904,17.156149,4.495553,-6.0997334,-19.324654,12.24459,3.5267243,-2.576455
1766-413-4.wav,Car_Sound,3765.050419829228,0.18957731213872833,0.006261339,-323.41965,49.266857,9.305438,10.176234,12.903018,20.567142,-3.476464,-2.8778892,0.9934983,3.0929058,-1.7799511,3.555281,-0.084295526,10.7150345,4.350028,1.368167,2.0359833,4.269361,1.5969797,4.1748943
1766-414-4.wav,Car_Sound,1151.8572869530954,0.08878815932080925,0.03639884,-293.53754,199.80482,-112.2218,-49.00826,-49.067734,-24.583166,-39.60043,-22.648144,-36.89916,-15.956154,-28.51252,-24.7526,-23.090824,-11.578305,-25.883987,-17.221321,-17.398008,-23.424643,-9.710849,-17.051575
1766-415-4.wav,Car_Sound,1100.9387332509405,0.08580484555635838,0.03953295,-289.94696,214.02199,-112.278496,-41.226925,-45.568794,-23.5137,-39.75891,-18.878193,-39.277805,-15.945278,-29.180319,-24.288614,-20.830841,-14.879595,-25.857912,-20.323376,-19.715414,-25.30994,-9.797902,-16.995201
1766-416-4.wav,Car_Sound,2442.1546683178235,0.10194917359104046,0.41933683,55.32188,110.53911,-12.0247965,37.48768,-28.536726,35.068867,-32.351215,2.7850833,-20.823896,-8.408645,8.860378,-12.67113,1.3560399,2.2188635,-1.1495245,-3.5164723,3.1808712,-2.9025068,-0.6226797,-3.4327025
1766-417-4.wav,Car_Sound,2438.607109110387,0.1095499909682081,0.41559517,52.16719,107.91002,-11.2674675,49.994614,-28.741274,18.77158,-36.08398,6.649184,-24.946312,-6.2332854,9.482776,-14.921496,6.3719134,2.6373732,-3.5070963,-7.411782,4.1354685,0.774271,-5.5875688,-0.4504711
1766-421-4.wav,Car_Sound,2456.4846122786544,0.11019350614161849,0.40825224,48.809273,107.884514,-9.868091,50.253376,-29.707273,20.180494,-36.634235,5.8325086,-24.54467,-6.795722,10.295067,-14.99099,6.2869034,2.8720064,-3.8558435,-7.2075415,3.3809712,0.47071376,-5.525794,0.06389082
1766-423-4.wav,Car_Sound,2815.170760490295,0.07137091311416185,0.059913713,-192.29594,79.65995,49.363598,17.331734,11.466315,-1.0469816,9.796561,29.808395,-1.2262549,12.080484,10.841864,7.3104296,2.5204058,-5.7015615,-2.8061252,-5.0182943,-13.568365,-2.2966242,-9.65515,-2.6146343
1766-425-4.wav,Car_Sound,1279.6191057985232,0.06187906430635838,0.4072002,-4.6556087,175.76611,-34.61921,23.89885,-32.4972,36.00045,-31.877937,-5.9106627,-31.24987,-0.12546495,4.169804,-0.88058686,2.9954133,-6.11175,2.7335792,-3.584956,0.43448126,-6.649572,-0.5963454,-7.0822926
1766-426-4.wav,Car_Sound,3620.0307889057667,0.1633681809971098,0.0065745837,-329.61014,51.730904,9.244462,11.5885,14.39852,21.085136,-2.4252503,-3.3206022,1.2850603,4.070381,0.36248192,3.7179453,-1.3371645,11.201703,5.8005705,4.62755,3.2869952,3.454587,0.58920753,4.8978167
1766-427-4.wav,Car_Sound,2424.171504524941,0.11064227330202313,0.40881887,53.00419,108.223854,-18.711922,50.278767,-26.660292,20.16864,-39.451492,5.6972966,-22.784143,-5.957915,6.8594117,-15.672675,4.8492303,4.3584275,-1.6575046,-7.389173,7.162533,1.1479329,-4.920111,-0.57970953
1766-43-4.wav,Car_Sound,1098.836560593392,0.02890737897398844,0.012672408,-395.90585,135.3842,-13.558185,34.15757,5.440775,28.06399,17.048462,21.859535,15.497129,12.554897,4.4397383,7.129886,-2.9169495,1.8445755,-3.726013,-0.24370714,-2.425826,-0.11381976,-4.35164,-1.4039518
1766-430-4.wav,Car_Sound,865.9116140596427,0.033745032514450865,0.09979991,-205.20827,170.44572,5.9142947,56.264862,12.437555,11.102571,-1.0613183,-10.110143,-31.390482,-3.3710423,4.658305,11.186454,-4.0296884,8.4583025,-1.97801,4.739876,4.8989534,7.6449194,-4.475902,-3.2978897
1766-431-4.wav,Car_Sound,1341.2258323183457,0.06616634302745665,0.4138826,2.9031107,173.27567,-36.819332,21.025963,-35.97328,36.511776,-32.099857,-3.9858406,-29.55664,-0.6832505,4.2895665,-1.8958673,3.1078107,-6.4672856,2.415101,-2.2425265,1.2280643,-7.209161,-1.373328,-6.0537915
1766-433-4.wav,Car_Sound,2946.715134158466,0.17976935061416185,0.050135057,-97.004524,77.759514,-7.3873143,12.237673,-14.0293255,7.679639,-7.4477425,0.71093947,-1.7943884,1.9740347,2.9544036,6.9578905,-11.645333,-1.4253999,-1.4499689,4.309262,-2.2357554,0.22295223,0.9913099,-2.3136604
1766-434-4.wav,Car_Sound,433.71848350687,0.00727623735549133,0.047698654,-413.41846,181.9377,20.377695,37.244892,27.491993,20.017097,18.656343,10.463166,3.168263,8.653683,10.220977,2.3460479,1.3045537,6.21372,4.208663,2.0103328,2.0077884,-1.7576747,-0.7080931,6.465082
1766-437-4.wav,Car_Sound,1914.9000564452908,0.0787826273482659,0.10040803,-92.546196,120.487335,-18.748577,43.363987,-13.5697155,2.073127,15.436215,1.285646,4.3833313,4.544807,-9.220971,11.536457,-1.6930112,3.1556044,-1.8912294,4.6883235,-6.7417026,3.4285085,-1.6336571,1.9729999
1766-440-4.wav,Car_Sound,2565.612794497372,0.11991679461705203,0.081876725,-66.16701,85.8412,-24.418058,16.033735,-10.560809,-0.052933797,2.2870696,4.7052674,1.0245919,6.7979093,4.17745,7.928015,1.3554578,8.521484,-0.019529266,7.566093,1.3803706,4.9092855,4.3967023,9.591003
1766-441-4.wav,Car_Sound,2873.682767073074,0.17245924403901733,0.05321514,-94.1509,80.41314,-7.2908916,13.283812,-14.207576,8.483837,-7.0009513,1.3764037,-2.1097534,3.9053638,3.2681317,7.6955876,-10.961391,-0.4713471,0.5150851,5.198188,-0.94403255,2.0878181,1.2463908,-2.14164
1766-444-4.wav,Car_Sound,436.8944639363265,0.01251749909682081,0.14334744,-299.21686,173.0007,39.759937,33.852894,23.44207,34.303898,6.6868014,11.51417,8.895096,7.8906474,-4.366621,7.022852,1.362119,1.2063974,-4.01821,-0.9646851,-6.679751,-9.270181,-6.736468,-4.481466
1766-447-4.wav,Car_Sound,1324.2701240285128,0.02854892973265896,0.03419859,-310.8839,123.110695,-6.218825,59.737152,-3.6281877,21.955832,16.115911,11.829143,7.7480764,7.7619457,1.6195722,5.4106817,-3.6400309,2.7564628,-2.402812,3.086491,0.25519046,-3.048217,0.6686878,-0.91422594
1766-448-4.wav,Car_Sound,2402.3066148829053,0.07522918171965318,0.06940402,-146.59178,85.85576,-9.354721,32.205452,14.499445,31.198524,21.492268,-0.02491262,-11.315006,2.17497,18.88249,13.60609,-15.598989,-5.7842064,-8.534354,-0.807197,3.567826,0.64540493,-5.8523436,4.45588
1766-45-4.wav,Car_Sound,1455.889355769993,0.03888468659682081,0.029594162,-270.6405,131.97607,-27.210184,30.659067,7.8424363,10.285124,9.609113,12.420073,-1.4189707,15.917139,2.8295217,3.4668217,11.576271,4.2541375,2.5102148,6.6085606,-1.2339855,8.571964,1.6387111,0.5849081
1766-454-4.wav,Car_Sound,2604.162925087576,0.08291749458092486,0.21322854,-53.126884,74.447334,31.832472,38.522167,-0.38434216,21.936422,9.459799,6.763316,17.020554,6.9785028,-2.9616625,8.446138,-0.8411062,6.0390167,1.4305625,3.479599,2.1348546,2.8625822,-1.4148741,1.6030365
1766-456-4.wav,Car_Sound,372.6395460556413,0.0118796287933526,0.23123169,-264.86633,178.16911,40.831905,42.540688,22.614006,37.23607,7.0745897,20.714205,4.705731,10.449723,2.0918338,5.181186,-0.54154634,-3.3363638,-1.1548082,-5.04323,-5.374259,-6.9262447,-5.1572027,-5.024055
1766-461-4.wav,Car_Sound,1948.1489477219145,0.060493248735549135,0.02620855,-250.99915,99.00835,-6.6462154,28.11971,22.92459,15.954988,13.003788,8.135989,5.358341,7.7192593,1.3913431,8.693572,-1.5758163,6.4081903,-1.354177,8.595279,2.608332,3.885498,1.101368,0.84930426
1766-466-4.wav,Car_Sound,409.67170156554806,0.007770163475433526,0.10657239,-347.51947,220.87346,27.693436,1.3091449,4.4528666,16.30493,23.3432,16.305058,10.321227,1.4607763,-0.66526854,-6.2376184,-6.356526,4.699898,8.449932,5.796635,4.4736238,4.38977,-1.4902155,-5.366286
1766-467-4.wav,Car_Sound,1085.310470773446,0.05391415281791907,0.055835336,-366.17725,131.2317,32.251163,31.495518,19.972784,13.210861,0.24921899,13.882215,19.151922,9.909392,-1.5560169,8.676975,15.097556,5.8563213,-0.619095,9.475196,12.899081,11.5737505,-0.64060915,8.05827
1766-468-4.wav,Car_Sound,2782.3184627022943,0.09607004154624277,0.03365232,-192.60384,78.30373,-5.4426465,0.8213154,-0.3263363,-0.9475131,4.1294317,9.647297,12.317521,21.218899,1.5985972,23.267656,-1.0987587,4.7976246,5.0563726,6.9675264,5.1037493,7.117012,4.392964,9.175081
1766-47-4.wav,Car_Sound,1291.1020044283962,0.09102635025289017,0.018082846,-347.34317,174.38347,-110.40481,-20.766512,-39.239902,-39.371048,-35.97482,-25.737106,-43.873257,-17.569096,-26.02962,-20.028793,-20.879969,-13.892341,-22.907387,-14.268967,-21.83861,-21.990868,-10.242303,-12.532627
1766-471-4.wav,Car_Sound,2291.343576734634,0.10047586253612717,0.4234859,47.391857,113.868004,-11.734512,49.244774,-29.3687,22.078299,-37.491943,6.26477,-25.655502,-8.701436,7.3637443,-12.606819,3.7191973,2.4344246,-3.7451806,-7.704394,6.585407,-0.16847678,-3.920852,-0.30304974
1766-473-4.wav,Car_Sound,2752.6587842592603,0.06909603052745665,0.05837123,-195.53075,81.639786,48.32875,16.489641,11.755036,-0.3351832,9.594809,29.906887,-1.8750559,11.78708,11.4001045,7.2078457,3.2854645,-6.935747,-2.682865,-7.005326,-11.59653,-1.7139848,-9.32981,-1.4486499
1766-474-4.wav,Car_Sound,524.06249141556,0.011975591582369943,0.16748106,-265.92496,164.75456,41.307655,30.262794,22.935707,26.459284,11.3570385,9.921879,10.160011,5.3244433,-1.8314506,5.82954,3.6303563,-0.020977262,-2.4037902,-3.751872,-3.9709022,-7.9721947,-5.4893036,-3.2314336
1766-476-4.wav,Car_Sound,1878.1701638402187,0.057690570809248554,0.0683295,-189.95303,95.47802,-29.008114,12.490319,9.968627,7.2204194,5.4572678,17.840775,13.096918,14.697477,11.111592,26.364399,13.457237,11.33774,7.0970845,10.34572,0.16776973,8.910835,7.3901954,7.2525516
1766-478-4.wav,Car_Sound,3981.0866575553614,0.2319279488800578,0.006484605,-311.49097,44.130592,7.8074865,2.930364,11.28069,24.472515,-1.2042564,-2.5351279,-4.1753182,-0.1719344,-3.3938832,7.9871325,2.0690873,10.486235,0.848925,-2.3893354,4.0438466,6.8287497,4.1405597,2.8831189
1766-479-4.wav,Car_Sound,502.01342103916096,0.008295136380057803,0.045028873,-404.99942,176.11908,19.202986,39.418674,26.426605,21.474644,17.007788,9.72125,3.183622,8.864576,9.825428,1.9205925,0.95861393,6.3345194,4.2808394,2.297186,1.6900399,-1.6400617,-1.0505403,6.166969
1766-48-4.wav,Car_Sound,2562.1894894086886,0.08502867593930635,0.21366431,-54.180195,75.73024,31.385685,38.33557,-0.7234358,22.804258,10.52142,6.1995316,15.4359,7.1779737,-3.9546914,9.2688465,-1.136409,5.006342,1.590033,4.145656,1.9224747,3.730805,-0.1281059,1.8621154
1766-481-4.wav,Car_Sound,607.306832470104,0.007101246387283237,0.08854759,-335.1008,134.91777,33.467255,10.962177,12.073133,31.192188,27.00183,30.40851,21.022594,24.677906,17.185287,20.320686,9.319171,14.255851,4.3698235,0.11369174,-4.531734,3.4017665,4.771888,2.2241085
1766-484-4.wav,Car_Sound,357.15113601789676,0.011546581466763005,0.09367382,-361.18912,174.15776,43.323692,46.858315,25.35621,36.997753,6.549097,21.643526,4.0858846,9.17594,3.9392352,5.9538264,-0.4079178,-4.235617,-1.9961044,-6.001925,-6.102477,-6.5222464,-5.393497,-5.1427526
1766-485-4.wav,Car_Sound,934.3045801727711,0.05227149566473988,0.07108684,-209.07658,189.42099,-18.472773,14.961777,-5.4370117,9.005648,-6.2852707,5.325664,0.25740004,13.275506,1.0486822,4.412418,-0.11821209,10.722724,2.9673777,2.368809,-4.7929916,-2.773913,-3.51908,1.5753725
1766-488-4.wav,Car_Sound,2611.1580605552804,0.10175637637867647,0.0575946,-130.68054,84.06273,-11.849644,19.63216,-0.7925168,13.76052,8.328317,10.936583,6.132416,-1.9129217,7.010989,10.8616905,5.7364135,7.3859067,-2.1162343,8.187256,2.138578,3.5604274,1.8798864,7.2254195
1766-489-4.wav,Car_Sound,1553.60938745679,0.07883343117774566,0.06909647,-138.29971,138.2612,-40.93819,6.7808385,0.52701855,17.656137,-2.0111349,4.36205,-17.324507,-5.014644,-10.3867445,-6.2882333,-9.624833,-8.15739,-6.6116543,-2.8030064,-10.076966,-6.8587337,-13.225185,-5.8281937
1766-490-4.wav,Car_Sound,1689.598030963066,0.02461163294797688,0.12202952,-151.00795,105.25031,-14.735063,12.364131,7.446992,19.729347,7.793326,27.369135,13.178525,8.258016,0.48656783,11.740266,11.3973675,4.1758785,-1.5883448,4.770699,7.841173,1.5484207,-6.725702,9.467377
1766-494-4.wav,Car_Sound,2740.7040461327288,0.1269587698699422,0.10228143,-63.46735,80.817604,-5.510481,15.569397,-1.8765148,15.675002,0.19587849,-4.4696646,1.8727025,2.890978,8.034373,0.9926599,-3.6246681,1.957534,-5.8517966,6.041277,-0.031914167,11.128195,2.0819776,-1.9918922
1766-495-4.wav,Car_Sound,2945.036475834288,0.1541642205563584,0.074588,-70.42385,75.80019,-8.001436,15.318033,-3.2095137,14.147037,-0.86850363,-4.834437,3.498461,2.921353,8.1585245,-0.4985666,-4.1173415,1.3639694,-7.7736106,5.8874497,-0.9411638,9.828731,1.4503345,-2.0471191
1766-497-4.wav,Car_Sound,504.2858899233922,0.012726359284682081,0.13041496,-286.12982,168.76556,35.59781,33.4353,22.436531,32.499176,6.0326653,13.594151,8.524612,6.534252,-3.1455925,6.801271,1.0887016,3.1959314,-5.918216,-4.9315457,-6.717078,-7.9201436,-6.9938455,-4.784936
1766-500-4.wav,Car_Sound,2490.8637883100264,0.08315035423136646,0.031204265,-216.2007,86.98221,-2.4440482,32.11692,8.600137,15.081021,11.161035,9.286009,4.396748,8.080468,2.6214826,6.2676344,-8.077339,3.0924973,-3.7424521,5.269188,-0.958419,3.2799664,-7.1204343,5.8848133
1766-501-4.wav,Car_Sound,2826.482612140762,0.13994197073699421,0.014693754,-229.55205,83.996155,-6.973525,-0.51366276,-0.6446366,8.874402,-3.6790133,4.651979,-13.630306,-9.018972,-5.488659,-1.774157,-5.4738827,8.005086,-1.278595,-0.86442727,-0.068734,-2.12289,1.4839872,2.7816865
1766-502-4.wav,Car_Sound,2595.905571113726,0.0631491600433526,0.19819017,-61.00811,68.15687,-0.5999239,24.223543,14.949125,17.19717,16.373978,13.416898,7.822524,9.817361,5.7164073,6.3643975,2.5113,14.681635,4.5032034,2.501606,-1.8048819,-1.836761,-5.5133324,-5.0005827
1766-507-4.wav,Car_Sound,1994.980724234648,0.03598322344653179,0.03488066,-272.65002,90.90782,27.97371,43.729294,-10.480313,20.915031,26.447556,18.731335,7.698988,5.5365944,0.4331348,6.075851,3.141222,-9.451271,-0.8654454,5.255483,-2.6575103,2.8192363,0.6027805,-1.7076207
1766-508-4.wav,Car_Sound,1922.9135830657506,0.08037165823699421,0.0034977521,-428.87943,107.17232,-37.6825,11.62414,-3.189094,29.507647,25.105963,24.67424,-2.3614864,5.1889873,1.7830142,13.339147,-0.17706789,6.6976523,-4.057282,7.2800436,-0.28824964,8.916977,0.17433779,5.5902743
1766-510-4.wav,Car_Sound,1097.4209522997912,0.08329852330202313,0.04182609,-280.32816,214.65187,-109.83212,-34.24187,-41.28639,-22.154692,-36.122856,-19.04314,-33.54216,-17.128708,-26.916664,-23.694782,-19.087591,-16.544046,-23.16334,-21.516827,-17.752195,-25.959665,-9.624633,-19.37425
1766-517-4.wav,Car_Sound,1642.34526178337,0.02288148031069364,0.12586445,-152.40749,107.23478,-11.068606,11.79261,8.103848,17.49607,8.189215,27.742256,12.711405,7.644392,1.474165,11.204051,12.687779,4.7323265,-0.11083685,5.3867893,6.5374885,2.0693157,-4.2513943,11.241753
1766-518-4.wav,Car_Sound,741.1705981511417,0.017719246748554913,0.2119923,-177.39061,160.02318,26.586315,30.328453,7.9732814,22.95706,8.323036,13.432773,3.7913268,9.076493,-1.5909375,9.156541,1.6896075,7.8156033,-3.5321913,2.301353,-5.3497906,-8.500182,-7.6080203,-9.534683
1766-519-4.wav,Car_Sound,2866.428439282368,0.16996421152456648,0.051934496,-96.76822,80.352905,-8.39107,12.161319,-12.829998,9.273711,-5.9509883,1.5668645,-1.8784889,3.5654128,2.0186372,9.00974,-11.474324,-0.6849,-0.28743052,3.9825742,0.95771605,1.9123752,1.7896614,-1.6922858
1766-52-4.wav,Car_Sound,957.9973060531246,0.030188764450867052,0.019145967,-363.18518,152.66257,18.850056,22.532524,4.651221,22.081242,12.922196,14.123244,6.548144,10.080325,-1.7894728,9.209572,1.1484262,8.735723,-1.5906651,3.250837,-3.3353493,-5.703246,-6.0040264,-5.215068
1766-528-4.wav,Car_Sound,932.0003358155549,0.05213884122109826,0.072059214,-208.02611,189.73103,-18.688046,15.285797,-5.454842,8.819768,-5.53396,5.452876,-0.17298554,12.984146,0.9561764,4.0450144,0.1994929,10.409704,3.1569238,2.32801,-4.922609,-3.171598,-3.541448,1.8135902
1766-529-4.wav,Car_Sound,2896.196333933094,0.16904974259393063,0.009851723,-270.14172,72.650856,-33.731277,7.1567974,-10.938491,26.846357,-0.9967802,19.884773,-6.8066235,-2.942652,-2.154508,11.528408,-7.1815434,12.628977,-5.3820596,-2.7059398,3.0606263,-1.9426054,-0.20594788,2.3808908
1766-53-4.wav,Car_Sound,2609.5281772161425,0.08123814577312138,0.21315059,-53.56257,74.01954,31.959879,38.70276,-0.07423899,22.264032,9.715032,6.561472,16.77202,5.761917,-2.7262442,7.7022643,-1.1942673,5.5771837,1.5871663,4.0235577,2.9292474,3.3444772,-0.53649354,2.194874
1766-530-4.wav,Car_Sound,2439.901855888467,0.12624469382225434,0.3361244,38.472652,113.25059,-36.4729,42.656113,-31.733946,28.862785,-36.183815,1.6165892,-28.249971,0.025752228,8.461408,-12.220288,11.626608,-4.2811766,-0.42867267,-1.8921436,4.947767,-4.8881965,-2.6289563,1.6429484
1766-532-4.wav,Car_Sound,2725.6019602900155,0.0874051661849711,0.03597717,-194.35506,78.84347,-3.668976,1.7089664,-0.7912278,0.67159396,5.732881,11.440133,13.298142,21.519413,2.6294878,22.81637,-1.7056606,2.9276824,4.964878,5.8349657,6.277819,8.515534,3.736616,8.124259
1766-534-4.wav,Car_Sound,3972.64390951337,0.23078486271676302,0.006541831,-310.40326,44.179737,7.881239,3.1530247,11.200814,24.556807,-2.0255344,-3.0836115,-5.1145434,0.026346207,-3.1423988,8.901275,2.022782,9.879958,-0.088200055,-2.517956,5.1518655,7.543035,4.584696,2.56006
1766-547-4.wav,Car_Sound,2724.870508945354,0.13625869309971098,0.015466658,-226.25542,87.435356,-10.247075,-2.250717,-0.74049675,8.809196,-2.481466,4.2422643,-12.983501,-9.885546,-5.343403,-1.7205015,-4.0195155,10.867585,-1.2040529,0.50747997,-0.9547518,-3.8713768,0.13293621,1.7554469
1766-548-4.wav,Car_Sound,2522.6154025170395,0.1084040823699422,0.03805081,-165.65709,91.54982,-8.6064005,-0.48936373,1.4119842,0.28829807,9.154599,9.87222,7.0605025,15.75345,-0.7552999,20.719296,-1.0113739,5.867054,4.3854585,4.3211994,2.369204,6.5807176,4.1824512,9.248675
1766-549-4.wav,Car_Sound,1161.218803163997,0.013728323699421965,0.05731985,-276.94424,132.36328,7.214191,16.34053,6.4870505,20.917494,4.2275643,15.352931,9.582737,12.182109,8.367008,6.056316,4.837863,11.421264,5.022703,6.0861945,-0.15268539,8.89131,1.2217101,8.442883
1766-552-4.wav,Car_Sound,1485.6628186235494,0.03910201408959538,0.028901849,-272.40646,130.24646,-28.985592,29.786064,6.717476,9.171083,8.952437,11.992511,-1.1156127,16.50283,3.7654734,4.327358,12.130206,5.305501,2.6677601,5.8395348,-1.3088942,8.946039,0.8575296,1.1968527
1766-553-4.wav,Car_Sound,952.5059563550718,0.014171445989884393,0.2747201,-120.39458,156.99731,-27.947338,22.53289,11.347585,17.19772,7.0527534,15.8330555,4.474824,14.282003,0.50691456,11.164913,4.65358,2.7521453,1.3893241,7.117471,-1.0883305,4.7310133,3.008044,4.919932
1766-557-4.wav,Car_Sound,1242.7391370178718,0.042599011018786125,0.20059296,-71.69439,145.15277,-3.1586666,38.548496,8.534658,6.583249,-9.141877,10.62913,4.4455385,-0.43458664,-1.9617246,11.268998,1.3240534,4.150321,-1.7558863,3.102233,-2.4434917,5.7966056,3.0388741,1.750011
1766-561-4.wav,Car_Sound,1131.2147894509922,0.05342587156791907,0.039051197,-277.60892,192.2738,-45.30856,56.69494,-26.147072,2.5498476,16.394777,-30.678427,-3.2806468,-3.8238556,-17.209204,9.38168,-13.350115,8.1936455,-4.318657,-8.582546,-1.8249066,-23.789694,-13.451198,-6.802637
1766-563-4.wav,Car_Sound,1680.0797781634176,0.020835214956647398,0.12848648,-150.18379,105.50529,-12.042517,11.227543,6.675159,18.046938,8.196166,28.404234,13.083058,7.582261,1.403666,10.523475,12.315288,4.306558,-0.5624917,4.7479205,7.5736933,1.3096576,-4.793486,10.556923
1766-564-4.wav,Car_Sound,2788.589040161899,0.07480581647398844,0.05368074,-199.55078,80.79484,48.400436,16.937643,12.503017,1.5634723,7.9727817,26.76987,-2.1026826,11.456797,11.789205,8.000776,0.7970322,-8.270213,-1.8633238,-4.2959757,-12.770124,0.14140335,-8.188704,0.9372739
1766-565-4.wav,Car_Sound,1243.4340575899466,0.03094235458815029,0.021508474,-318.2045,138.6538,-17.775526,30.88983,12.811965,13.607428,6.4046955,18.002771,0.58438325,12.925984,2.1074839,4.701023,8.819224,4.8173833,4.8899517,6.928309,-1.7034612,9.683441,-2.3437266,0.9316031
1766-566-4.wav,Car_Sound,1925.4146825684581,0.029014631502890173,0.11141524,-201.92024,76.81356,31.217213,22.398779,16.377,29.212473,16.964125,40.705357,9.615542,9.704567,22.639637,14.899204,-6.5098453,17.321507,4.366884,-7.5402093,-18.89722,12.7997055,2.388594,-2.2576373
1766-568-4.wav,Car_Sound,1675.1171593094234,0.02089730852601156,0.12865469,-152.21474,104.73549,-13.121125,11.106121,6.1794963,18.425686,8.838321,28.854458,13.464455,8.28979,2.391575,10.793854,12.838005,4.0739317,-0.78984636,4.283638,6.976729,2.0539167,-4.886547,10.470026
1766-57-4.wav,Car_Sound,2159.7085442165353,0.06257056087427745,0.1491111,-59.12473,101.12191,-12.187482,6.0872626,-0.43043637,25.509405,5.4592814,5.5348573,10.769228,8.134406,4.823833,8.622481,7.3494515,1.1464438,-2.1445062,5.584121,1.3241699,-0.32401907,-0.673768,5.0402813
1766-570-4.wav,Car_Sound,2629.2778475351083,0.09680951950867052,0.2291468,-5.1392193,79.04782,4.16249,28.587242,6.7408214,6.393383,-8.383813,-1.6035495,-8.267964,-0.9749952,-0.39832103,-2.1923788,-2.105905,-0.623145,-3.1449888,1.2067674,-4.6279645,1.0087522,-1.0450932,2.7684634
1766-571-4.wav,Car_Sound,2016.330792834418,0.10340272760115607,0.04713859,-138.00626,115.35763,-24.567524,14.614931,-12.93072,-6.893655,7.27184,-5.038698,-6.133864,-0.40492982,-5.225912,1.0232865,3.93628,8.440323,-2.8686154,2.3072598,3.4136617,0.13929603,-2.5184064,-4.960143
1766-573-4.wav,Car_Sound,1697.5513838029256,0.020809813041907516,0.13178413,-150.15706,103.33287,-12.199293,10.510529,6.3370905,18.179451,9.918765,29.360481,12.283053,8.19764,2.1047378,10.748938,12.083523,3.9618363,-1.6036983,3.7516913,6.686223,1.6158109,-5.314455,10.139559
1766-574-4.wav,Car_Sound,456.1796856625775,0.013045294436416185,0.13528638,-294.61496,176.11276,37.45304,31.692177,20.171906,31.147348,7.7491627,13.686526,10.581886,8.361255,-3.9961379,6.4467688,0.30612156,0.3560061,-4.5785694,-1.8829473,-4.728746,-8.022495,-6.7936354,-3.6063337
1766-579-4.wav,Car_Sound,2930.5471532894962,0.1790580970014451,0.0514091,-95.46369,78.46258,-7.540094,11.937311,-14.817075,7.2341504,-7.2905684,1.9333389,-1.9401778,2.8593736,3.1177914,7.0079284,-10.904005,-1.1911792,-1.9463938,4.124728,-2.041379,0.4069939,0.8755943,-1.7001351
1766-58-4.wav,Car_Sound,844.8417885684485,0.03384099530346821,0.095885925,-211.7426,172.16595,5.4004965,56.62965,13.189157,10.883966,-0.6756838,-10.291638,-31.718056,-3.671664,3.1356468,11.2996645,-3.2097309,8.843776,-1.7335452,4.470944,4.5989456,7.4998956,-4.343069,-3.6333325
1766-580-4.wav,Car_Sound,3424.9185435265804,0.14074071983381503,0.0058303257,-349.2385,58.701782,10.966505,10.971671,15.179266,21.79902,0.14934021,-2.1951704,2.2270913,6.0521255,1.0668235,2.3064613,-3.3515859,7.5148025,4.551167,7.364705,9.69751,8.48682,0.80652755,1.6226174
1766-581-4.wav,Car_Sound,2605.333877725854,0.12603583363439305,0.015975818,-226.95412,92.61111,-8.19696,-1.5929353,-1.0796334,6.2188997,-4.228158,-0.13149416,-14.670896,-6.8400216,-3.8874505,0.91020775,-4.6542435,11.705269,-1.879156,-0.058300924,2.7559266,-1.588438,1.0590154,4.2019277
1766-583-4.wav,Car_Sound,1381.3842967258743,0.01598062680635838,0.18091966,-178.67184,105.60384,17.235186,33.3261,11.446766,33.74375,7.053614,16.083754,-0.105522566,10.46232,2.1152394,8.20332,1.777974,6.919909,-2.6276886,5.4083405,-2.2042592,4.1311088,-2.8746347,1.6396304
1766-585-4.wav,Car_Sound,926.3318956925889,0.05178885928468208,0.07241,-208.55884,190.03839,-18.645224,15.29211,-5.773144,8.980106,-5.658356,5.364492,0.24243371,12.701062,1.1503059,4.0817547,0.49009228,10.776107,3.3335984,1.8312638,-4.7771792,-3.1183736,-3.524544,1.6237054
1766-586-4.wav,Car_Sound,2612.248302723997,0.1303541591401734,0.014599191,-235.92445,91.68822,-8.624299,-0.79780775,-0.76848847,5.9668984,-3.9596932,1.4789735,-14.241752,-7.860353,-4.0337505,0.21972273,-0.32228282,12.546209,1.6800288,2.2413917,4.771082,-2.7089398,-3.1225848,0.583455
1766-59-4.wav,Car_Sound,1602.8386071133114,0.05577978233381503,0.23853487,-33.438286,128.40024,-22.959822,19.504543,3.8446693,19.347649,5.5180397,8.94281,8.624933,15.250545,7.431086,10.390493,0.49255013,4.181235,2.710027,5.4213715,-0.31414002,1.5045857,-9.626983,-5.4747825
1766-591-4.wav,Car_Sound,1426.710337819923,0.0318991600433526,0.039874475,-279.69656,119.53854,-14.898206,61.495914,-2.357042,21.803394,15.897408,14.727755,3.3394997,10.077455,3.0942757,3.4199352,-4.745244,5.4550667,-2.9839175,1.452225,-0.7193459,-7.7383165,-1.91746,-2.4976633
1766-592-4.wav,Car_Sound,917.472232169453,0.04318325505780347,0.043569285,-247.67923,192.10341,-19.04737,3.6387415,2.5420983,5.849995,8.129267,10.52492,0.3148988,4.4556575,1.2023877,3.8272367,2.4319346,7.759594,7.660059,4.1401706,1.6766181,5.363361,-2.7119117,-2.5461802
1766-6-4.wav,Car_Sound,2753.095007622526,0.0911477149566474,0.036062274,-191.38493,78.92813,-4.408721,0.92816347,-0.5973609,-0.7351762,4.2669997,9.801479,11.950716,21.656797,2.1259892,23.74414,-0.37254667,4.9725027,5.3533173,6.7959223,5.271076,7.502289,3.743456,8.515677
1766-602-4.wav,Car_Sound,1236.6321826331891,0.031154037210982657,0.021541849,-319.38394,138.48808,-17.280704,32.73802,11.61339,13.682996,6.137163,19.353727,0.9789252,11.892894,1.8923336,5.145133,7.779773,4.3676333,5.407019,7.326969,-2.0663688,9.738643,-2.9568412,1.2494963
1766-603-4.wav,Car_Sound,1645.3148511281008,0.022373442015895955,0.12542866,-153.04117,106.82427,-11.995443,11.823477,7.339323,17.576565,8.73903,28.074795,13.159154,8.397887,1.9439685,10.65968,11.885395,4.2855124,-0.40558237,4.7056174,6.9021115,2.1169157,-4.215303,11.1757555
1766-604-4.wav,Car_Sound,1962.7101778534686,0.08540123735549134,0.09945862,-88.448746,117.58903,-23.292612,46.338734,-12.145173,-0.43492404,13.097406,7.250143,4.122908,4.2507463,-9.550742,10.648032,-2.5763893,2.9506133,-0.3484577,6.4469504,-5.7520123,2.1900983,-2.5060165,2.3567102
1766-605-4.wav,Car_Sound,1699.690395719711,0.07890963692196531,0.038784612,-177.62044,132.05997,-11.619841,8.086823,-4.8111,10.558759,-13.323485,5.920279,-3.9684947,3.4653947,-4.7956033,-8.11644,-8.870914,0.42954198,-3.106788,0.65703887,-2.5770154,3.6210165,-2.2307513,0.6220913
1766-607-4.wav,Car_Sound,1874.6507569809364,0.07543804190751445,0.105404496,-91.61038,121.58498,-19.947159,43.346703,-12.045646,2.5480435,15.205575,1.804712,4.506508,5.6321535,-9.257207,11.799223,0.56401104,3.9999964,-1.7067254,3.9093223,-5.1658225,3.7362316,-2.9796207,1.9282075
1766-61-4.wav,Car_Sound,1384.7626740095438,0.08971956286127168,0.19551228,-132.25133,148.03827,-46.138817,-5.5248356,-13.457746,8.07349,11.596412,11.447194,1.3032138,9.69405,5.205001,2.533573,-4.116961,3.7891161,9.010848,4.582496,-2.6176193,5.7559733,0.4564461,0.4665142
1766-610-4.wav,Car_Sound,2755.7990284119896,0.1276051074783237,0.011285907,-277.2751,73.70235,-5.0635943,23.251167,19.611841,19.490257,2.4090214,-1.7938585,-3.661554,16.087473,3.7973785,4.3901267,0.34641463,10.613775,-4.2298837,1.734749,-1.5803223,2.8639393,4.5746255,4.754873
1766-613-4.wav,Car_Sound,1399.961219938663,0.07900559971098266,0.14881584,-86.46719,177.55421,-77.92998,52.87075,-15.815675,27.975372,0.5336265,4.0669756,-5.040914,-4.3259296,-0.10880059,-0.88768595,0.36368856,-0.23904972,0.9537024,-1.675197,-1.3216269,0.039536845,-4.093303,-3.8708832
1766-614-4.wav,Car_Sound,2353.841129748114,0.18621020047169812,0.12867175,-62.44404,138.0813,-122.66748,69.611725,-64.91368,29.993298,-37.229774,21.408546,-9.34138,3.8204591,-9.167354,-6.460891,10.687705,-17.358297,5.8426642,-14.368036,3.4828517,-8.054366,3.404773,-0.9748286
1766-616-4.wav,Car_Sound,1335.5253047824306,0.07268364995503597,0.05697061,-189.21254,169.33955,-56.91274,36.868614,-13.092356,8.920544,-1.1099349,2.6752083,2.1027596,3.9949987,7.6247873,0.7962931,-0.876049,1.8598541,-3.2741354,1.2236404,-1.9537734,2.4274476,-1.8031236,-0.43474343
1766-619-4.wav,Car_Sound,924.4083058901253,0.05147556900289017,0.07125576,-210.98654,189.09978,-17.955072,16.457333,-5.1396503,9.037491,-6.43485,5.061956,0.07486932,13.502109,1.373975,4.5357566,0.21730879,10.971519,2.8976455,1.9227144,-4.670751,-3.0338988,-3.9277923,1.5002314
1766-621-4.wav,Car_Sound,2461.3376507085522,0.07852296333092486,0.06921935,-144.24632,84.781715,-8.152932,30.421638,14.354958,31.778633,21.599968,-0.95200187,-10.92111,1.4475757,19.149014,12.971483,-15.265399,-5.485398,-8.9375725,-0.50717074,3.6700425,0.62921697,-5.5771995,4.6113677
1766-622-4.wav,Car_Sound,2450.1062652139804,0.09166139812138728,0.06984906,-143.67323,84.481224,-10.5341835,31.035557,15.703196,30.90038,21.99943,0.36671633,-12.193692,1.141067,19.697702,14.313927,-14.084879,-6.5312085,-9.38249,-0.79773384,4.8165917,1.0377995,-4.2732797,3.7744617
1766-623-4.wav,Car_Sound,1601.5206620250424,0.03318901282514451,0.051632293,-269.73587,121.69231,6.309328,17.174385,5.8513923,20.778397,2.6060133,16.316162,6.082706,11.409895,5.58937,7.461188,5.314506,9.902521,7.1667337,3.4692686,1.9318242,6.562521,4.0146327,8.274138
1766-63-4.wav,Car_Sound,2046.5169361596347,0.10504820718930635,0.050075006,-132.02623,113.28012,-25.199253,14.923413,-13.031688,-6.8867626,6.2784233,-5.9479895,-5.7355165,-0.3863918,-5.022045,1.3574523,4.399351,8.116962,-2.0100148,2.50833,2.641625,0.31785414,-2.678027,-5.11897
1766-632-4.wav,Car_Sound,367.71154580646504,0.011656656430635837,0.23288657,-265.53452,179.51492,41.60009,43.441055,21.88212,34.910152,7.1300044,21.324009,3.3646042,9.672219,3.282578,5.7938113,0.064068854,-2.0459664,-1.8842901,-5.8193884,-5.8691754,-7.8142085,-4.655713,-4.608832
1766-637-4.wav,Car_Sound,844.7786349000241,0.0335277050216763,0.09924077,-208.83258,172.02594,6.1902814,57.421738,12.800916,10.701406,-0.92536056,-10.195912,-32.361496,-4.4404345,3.7869725,11.263995,-3.3442142,8.124568,-1.7576379,5.395601,5.235203,7.43193,-5.4672546,-3.8124251
1766-639-4.wav,Car_Sound,364.6949452854467,0.006669413836705202,0.090062425,-404.10635,149.10924,29.784796,53.76807,44.340576,42.360435,15.266128,10.090567,11.563153,16.281448,2.9984865,-3.870582,6.723792,6.8289084,4.6937447,-0.2474669,0.35266018,0.33165047,-1.0652316,-7.6981196
1766-640-4.wav,Car_Sound,1189.9534658332618,0.02586479407514451,0.026849952,-307.224,138.33664,-17.27299,36.38383,14.136343,11.478186,7.785908,18.76208,3.3394976,13.981787,3.051149,5.644914,6.4076967,6.6478405,5.861169,10.023287,-3.2406507,8.913454,0.020071283,2.8841596
1766-641-4.wav,Car_Sound,1199.5884534409033,0.03658440209537572,0.050196398,-233.18942,160.6617,-35.429478,32.31182,-24.35525,31.226845,7.3768983,14.056632,22.376245,15.040919,-7.0130568,4.5672874,8.936431,10.20018,0.20277138,6.1547265,6.228739,11.117284,-0.23633747,0.5694295
1766-642-4.wav,Car_Sound,2084.2363377193356,0.106617481033237,0.052930646,-126.77574,111.15882,-25.473726,14.473276,-12.878189,-8.321968,6.892287,-6.3610325,-5.602128,0.3154622,-4.061385,1.7305651,3.3156457,7.860138,-0.86241466,3.615216,3.1046755,-0.11292064,-3.2427113,-5.4632654
1766-644-4.wav,Car_Sound,1889.416030804842,0.051196147940751446,0.041763216,-214.6693,99.636505,-11.6228695,33.484737,17.03601,18.866768,10.039741,13.369423,4.0889425,7.9704294,0.01576954,8.022075,-2.2456725,9.389489,0.17819673,10.447969,0.17427328,5.958049,1.6792246,0.9673903
1766-646-4.wav,Car_Sound,505.4861711915351,0.013144079660404625,0.105270356,-317.09515,166.06137,36.65683,34.611103,24.161028,33.0132,6.9418435,12.745144,9.323015,7.0157914,-2.5909529,6.937181,0.75557274,2.3815894,-4.7984695,-5.591941,-5.8792377,-9.257624,-6.566881,-5.0886083
1766-650-4.wav,Car_Sound,1839.5595465852564,0.026700234826589595,0.09002175,-232.16904,74.878265,31.204796,23.694912,19.694857,33.737045,18.522257,36.280533,11.572128,12.763339,20.216145,18.250284,-5.1732326,14.14644,1.9798168,-8.231371,-16.352243,10.882203,0.5493555,-2.194914
1766-653-4.wav,Car_Sound,1138.1114204435758,0.08922563674132948,0.04178141,-284.21802,208.75493,-114.1211,-44.30385,-44.697765,-22.036812,-37.35213,-18.408867,-38.78278,-14.807611,-27.973852,-23.655865,-19.69638,-12.562274,-22.819525,-18.800869,-18.656744,-22.443493,-8.064259,-18.197334
1766-654-4.wav,Car_Sound,1154.2376124764305,0.03077583092485549,0.010737101,-400.97626,135.12021,-14.198151,33.694424,4.7388344,27.990534,16.396975,21.096527,14.473932,12.389305,2.6207395,6.4857764,-3.769513,2.7995508,-5.0077844,-1.376506,-4.366757,-0.021937817,-5.681199,-1.6408129
1766-655-4.wav,Car_Sound,839.6565516778451,0.023838285765895955,0.04836261,-300.52844,151.40013,27.253736,27.601631,7.40876,21.728474,15.50011,16.895224,10.201488,10.448906,-1.8125823,7.8753657,0.9281061,9.774305,0.46162036,3.385265,-3.2480228,-8.869002,-8.776843,-7.4538026
1766-657-4.wav,Car_Sound,384.77839159992635,0.012246545339595375,0.08772267,-354.71594,177.87372,43.168007,41.10925,15.33274,35.340023,4.558078,25.141502,7.640646,10.9303255,2.6388173,4.268134,-1.7878636,-2.5090823,-2.64145,-2.6440175,-8.39555,-9.8006,-3.628496,-4.9638896
1766-658-4.wav,Car_Sound,3007.70044198274,0.14971888547687862,0.077507235,-67.20449,74.53662,-6.0524945,14.749152,-4.348842,12.955454,-1.3025886,-2.6663754,4.2217565,1.2015518,5.400192,0.3240473,-1.3152779,2.3250778,-8.195312,7.0985284,-1.8268892,8.395512,2.7492924,0.95392245
1766-659-4.wav,Car_Sound,2978.867347697432,0.14776011560693642,0.07973797,-67.83755,74.85672,-6.556861,15.290444,-4.154081,13.135098,-1.2559047,-2.5423744,3.900629,0.81449443,5.6543403,0.87387526,-0.61113626,2.1371675,-8.516855,7.612567,-1.1895672,8.618404,2.615163,0.8718456
1766-660-4.wav,Car_Sound,2084.660464611745,0.10558446983381503,0.052736215,-128.50037,110.868225,-25.41465,13.634171,-12.35493,-9.231054,6.7921762,-5.7818103,-5.2764816,1.1472203,-2.609389,2.2745187,2.7134507,7.976383,0.7889329,5.112589,2.852283,-0.43565828,-3.4837632,-5.011033
1766-664-4.wav,Car_Sound,1471.3153024588723,0.06869242232658959,0.058110222,-161.27141,144.80637,-32.0685,24.410173,5.582497,27.796705,0.6357411,-1.0607207,-10.755315,2.8562322,-3.5314052,7.2177043,-7.4720707,0.99498653,-1.7689583,9.15337,-1.1736296,1.8959044,-4.226051,-2.5013459
1766-665-4.wav,Car_Sound,1516.2862280628551,0.039056855130057806,0.02851072,-272.23392,127.33354,-26.392391,29.310017,7.913279,9.622009,10.213632,13.719752,-0.3234039,15.85055,2.8120928,4.253453,11.815122,6.2234197,3.3140566,7.293145,-2.3547916,8.526729,0.4959657,0.8846594
1766-668-4.wav,Car_Sound,1233.4749312347174,0.03244106755780347,0.027882421,-297.22635,142.50278,-26.546091,26.137802,12.925072,13.502388,9.496736,17.981012,-0.2957582,13.816095,0.6797827,4.096909,15.224519,8.221302,3.4050808,7.4318757,0.02863837,10.624556,-1.3349701,1.196157
1766-669-4.wav,Car_Sound,2564.6824043582938,0.08441620755057803,0.21474585,-55.646088,74.93549,32.431637,38.93176,0.33583108,22.43411,9.124966,5.9664044,17.214903,5.905626,-2.9804769,9.089879,-1.2368222,5.8017836,1.4644322,3.4440145,2.3089578,3.3852532,-0.5112219,1.6252325
1766-67-4.wav,Car_Sound,1084.8065355260717,0.013671875,0.052822687,-287.31036,138.89268,6.37018,15.019857,6.014067,22.382235,1.8072157,14.234704,8.791402,12.2709465,6.996311,7.292067,4.2181334,11.135767,5.5984287,5.6953845,-0.40223345,7.7782273,2.719244,9.695417
1766-670-4.wav,Car_Sound,1162.7345437875201,0.029598875541907516,0.019132785,-337.20612,152.40038,-28.65068,25.058487,1.5493323,19.913015,10.238096,15.306731,12.483558,11.337175,0.525659,4.984772,-6.3632812,-3.5227623,-5.2270613,0.32336196,-2.1170115,-0.08239739,-7.240733,-4.4659743
1766-673-4.wav,Car_Sound,2207.7589901119245,0.13396405346820808,0.09806515,-58.003185,100.38455,-53.627964,10.360999,12.3047085,7.282413,6.5670505,0.58467615,8.197959,5.380869,3.4979439,3.9744484,-0.4257694,0.9641538,2.0894113,3.0950935,1.4197441,6.1576138,0.9589309,3.915595
1766-675-4.wav,Car_Sound,407.82982811947943,0.008058051842485548,0.10307561,-348.9233,221.57545,27.24247,3.3478835,5.925799,16.754276,22.621498,16.790226,9.873753,0.07165902,-0.52350473,-5.665882,-4.78259,4.498115,7.611299,6.265078,4.543161,4.371823,-2.1372583,-5.944254
1766-677-4.wav,Car_Sound,837.671308997807,0.034236136199421965,0.10161668,-208.3475,172.5658,6.264626,57.96948,12.737993,10.435015,-1.0552205,-11.0037565,-32.345573,-4.5209765,3.9447777,11.62735,-3.3917117,7.8377204,-1.5288501,5.0968475,4.85108,7.738911,-3.8569949,-3.635407
1766-678-4.wav,Car_Sound,2615.3838105426526,0.08127765986271676,0.21414348,-52.158318,74.306694,31.6816,38.062256,0.43791622,22.613165,8.585019,6.6312943,16.978724,6.1822476,-1.8506194,7.8790727,-0.42108816,6.840114,0.7411566,2.9186656,1.9865619,2.7285311,-1.1420453,2.084286
1766-679-4.wav,Car_Sound,1253.5890448327737,0.02745664739884393,0.026545715,-309.20276,134.34138,-12.630653,33.394447,17.413967,9.181749,10.432902,16.83295,5.2889752,11.3187895,4.4022875,3.4591293,8.063495,4.9578342,6.8963165,8.949663,-2.847638,7.679765,0.27261585,1.9649475
1766-68-4.wav,Car_Sound,1986.7640108172627,0.08899072853915663,0.15578665,-38.070812,112.82709,-33.89487,5.429884,-16.409319,5.5270553,7.5340486,14.442225,15.353516,5.6959205,2.442237,6.5953884,7.856341,-5.235306,8.604626,6.361355,-2.4786296,1.7774147,1.7524204,5.97318
1766-681-4.wav,Car_Sound,2554.8430959920743,0.0778145321531792,0.21417172,-53.808994,76.181244,32.10689,38.55985,-0.061092872,23.1243,9.154367,6.332259,16.00456,5.4920907,-3.2320316,8.100045,-0.17746882,6.195421,1.2598971,2.9857714,1.8429075,2.3821156,-0.8581258,2.6434283
1766-684-4.wav,Car_Sound,374.86851271320626,0.011749796784682081,0.09002321,-360.53442,172.45625,46.43606,45.680614,20.774332,36.662483,2.3048036,23.83842,7.3469152,10.145417,2.1620607,5.024913,-1.0430456,-3.6781309,-3.74197,-1.8872187,-8.306032,-9.390182,-3.2115786,-4.925216
1766-690-4.wav,Car_Sound,1195.750979709949,0.037719020953757225,0.0512094,-232.88033,162.05437,-37.138283,29.962456,-24.476568,29.765926,4.7133656,12.155752,23.934254,16.846691,-6.4250135,5.4634066,11.442591,11.502627,1.2565367,7.603717,7.571904,11.171016,-0.8144967,-0.44323617
1766-694-4.wav,Car_Sound,2791.8286815905335,0.13938030617774566,0.015075138,-227.69093,85.18495,-8.406636,-1.6923748,-0.48912692,9.514206,-2.8692427,5.151807,-13.09668,-9.544201,-6.32062,-2.4071758,-4.4785686,8.9414215,-1.3201996,-0.7866571,-0.6040527,-3.3325005,0.35815918,2.1208405
1766-695-4.wav,Car_Sound,2383.9525395255646,0.05016031430635838,0.21686682,-67.01619,72.43113,1.5474178,26.191175,19.588583,21.015682,15.695623,13.164376,8.612846,12.981677,6.7745113,5.426719,2.8375547,15.020823,5.403998,4.952287,0.21501055,0.95038635,-4.6330814,-4.496273
1766-696-4.wav,Car_Sound,1922.823573865892,0.09501727330202313,0.04516108,-149.52734,120.20319,-15.944513,4.611178,-2.993304,8.087507,-10.680247,9.200974,-0.80000347,2.858049,-3.5787354,-5.9150796,-10.382633,-1.6389104,-3.3582435,0.54800457,-2.2203336,6.977905,-0.697989,-0.8450203
1766-697-4.wav,Car_Sound,1643.8379813167296,0.06981010657514451,0.04586121,-177.05814,132.49017,-9.393797,2.5996904,4.815402,8.546386,-0.82425326,8.970295,-4.202555,1.4214082,-2.967388,0.85316724,-9.077814,-2.3637166,1.4394876,5.9784718,3.6393478,5.412523,-2.00066,-0.25565696
1766-698-4.wav,Car_Sound,1088.3934453622633,0.030900018063583817,0.02086474,-329.66037,154.68994,-24.708725,28.167845,2.3951237,20.463861,11.119345,17.814323,14.867292,12.502117,0.7824599,4.8325157,-7.0989814,-1.3800875,-4.554366,-1.1364508,-2.1911042,1.1195881,-5.967875,-3.9244869
1766-699-4.wav,Car_Sound,838.2172525658132,0.033987761921965315,0.10540873,-206.40823,173.46753,5.948895,54.621445,11.366608,11.800814,-0.9863699,-11.690334,-32.47129,-4.6637864,3.7970977,11.050872,-3.4813292,9.169379,0.18882033,5.9103494,5.2320237,7.273086,-4.1024055,-4.5358706
1766-704-4.wav,Car_Sound,1869.8829466799796,0.036925916726878616,0.098821916,-203.76846,104.16322,8.655467,18.974773,-0.58769864,12.476371,0.5536501,9.352036,1.0554379,8.037418,3.4022598,5.751269,7.854395,9.763583,9.278899,2.315685,3.813322,4.5511537,5.1958356,10.784553
1766-705-4.wav,Car_Sound,2153.229265701907,0.06435716221098266,0.20997003,-21.504345,98.1834,6.418417,29.28497,8.948589,15.463974,4.538851,2.4126,2.600713,5.941733,-2.369653,-1.5543926,-2.6050093,0.82197595,-3.1701066,-2.9806893,-4.7487135,2.5512702,-3.9640768,0.7697907
1766-706-4.wav,Car_Sound,2562.1716248535995,0.08823175299657535,0.036160704,-188.93936,85.62765,1.9672172,26.097765,13.638886,15.42801,9.903348,9.364812,4.722243,3.6968634,1.2638875,4.625395,-10.575115,2.4976141,-3.4218807,5.962231,0.5753774,2.5638483,-5.555333,2.8314087
1766-709-4.wav,Car_Sound,1077.068294873512,0.013152546965317919,0.052175157,-288.15268,139.74586,6.4873624,14.994516,5.948382,21.631182,2.1532738,15.106886,7.704022,11.041372,6.1950197,7.79009,4.35269,11.116556,5.129945,5.252748,-0.87187654,8.708858,3.8929393,9.834459
1766-711-4.wav,Car_Sound,2237.42391679339,0.05570357658959538,0.051013015,-214.44437,84.5046,2.687027,33.27518,12.125647,26.829391,29.817385,12.269704,5.1006145,0.06676719,6.1828127,-3.8903005,-3.4535384,-1.1631902,-2.21681,1.5745729,-6.0084386,1.0978853,-6.2320127,-0.88456655
1766-712-4.wav,Car_Sound,2237.4611124968587,0.05874051661849711,0.07225386,-173.23634,84.798225,3.135404,31.318619,12.610643,28.227457,31.372768,12.647837,4.9541388,-0.30633482,5.4445767,-4.5276685,-4.1148386,-1.4260653,-2.9443793,1.610643,-6.06544,1.219764,-6.224474,-0.7927237
1766-713-4.wav,Car_Sound,530.2549349581623,0.008571735007225434,0.05044237,-394.80923,171.5081,16.471727,38.061855,25.957668,22.917479,17.989256,11.537953,2.2298818,10.401394,10.56244,3.2104652,1.3311329,6.3900485,4.8106537,2.784011,1.3924317,-1.36826,-1.7386647,5.82183
1766-717-4.wav,Car_Sound,1897.5420883358913,0.034185332369942194,0.048044894,-260.6817,93.736534,31.309372,44.520683,-6.4247537,17.576382,24.785858,17.045927,6.42852,4.8705935,-1.49105,4.8829103,3.0157602,-10.113342,-0.75668836,4.209176,-3.5243075,0.66601694,-0.7807593,-2.3021786
1766-719-4.wav,Car_Sound,1195.6951936774449,0.03180884212427745,0.008523649,-412.24362,138.006,-17.436922,33.561478,2.1672955,26.018543,16.236206,22.704977,13.335249,12.43279,0.35060242,5.647757,-5.0824575,2.1723108,-5.850828,-0.94664717,-5.6706104,-0.63779074,-8.330984,-2.5197408
1766-72-4.wav,Car_Sound,2628.5243922982836,0.13062511289739884,0.015329028,-231.26912,90.89632,-8.492222,-0.7811029,-2.4641025,5.784381,-4.846724,0.05006918,-15.301266,-8.7588415,-4.9584565,-0.7530783,-1.1758204,11.861308,0.21558294,0.48498765,3.9843545,-1.9444941,-1.7751778,1.4737298
1766-721-4.wav,Car_Sound,1657.077046155266,0.021978301119942197,0.1283601,-150.12042,106.89641,-11.575577,11.463382,6.9765806,17.810781,8.593889,28.043144,12.7599125,7.1709733,1.0037135,10.258269,12.103533,4.5500784,0.14144179,5.3350105,7.665204,0.7344546,-5.3060446,9.874231
1766-725-4.wav,Car_Sound,2889.362141557296,0.16954084627890173,0.0096873725,-271.4714,72.53342,-33.51395,8.24587,-9.935236,27.182522,-0.7703434,19.086058,-6.1572485,-3.0042796,-1.969724,12.280313,-6.252731,12.6812935,-4.2214336,-2.3511376,2.854242,-2.531484,-1.5471525,0.81485295
1766-728-4.wav,Car_Sound,1606.858886406897,0.07562714505057803,0.04612697,-179.93901,137.90462,-11.517195,2.775248,-4.2286615,2.528465,-7.2984385,5.0683236,-5.5502653,-0.084591545,-5.256188,-3.0261316,-10.642301,-3.621604,-2.2074218,2.078952,-1.9753178,2.3353343,-3.4736643,-1.4641824
1766-73-4.wav,Car_Sound,2200.089270853093,0.09433142160404624,0.43152234,43.332195,117.53301,-10.855671,50.49061,-30.04897,21.39638,-38.133167,6.6323752,-27.876547,-9.537586,7.368133,-12.125333,3.2473998,1.0971355,-3.8882756,-7.455227,5.5703835,-0.3660338,-3.8896034,0.6286899
1766-731-4.wav,Car_Sound,1283.5330843213321,0.065087890625,0.06747884,-173.04794,173.55246,-57.973854,44.608597,-5.903033,15.339346,0.10357485,-2.6609752,-3.2255187,-3.939311,5.7575026,-0.5361427,-2.49,-0.3424818,-3.6284258,1.421014,1.5163045,3.6253157,-1.2970768,0.5212534
1766-734-4.wav,Car_Sound,1253.0946659871029,0.032345104768786125,0.008393518,-413.14233,133.64165,-17.798544,32.717194,3.6208997,26.382917,14.877701,21.645206,12.387399,10.906886,1.5400715,7.679383,-1.670602,1.6099395,-7.1834245,-0.5446026,-6.6116977,0.007597995,-7.6776075,-2.6739569
1766-739-4.wav,Car_Sound,3771.434750990488,0.1764050081286127,0.006539095,-329.11734,47.37028,10.674746,11.228977,15.180102,22.227894,-1.7043968,-2.8946395,1.9187111,5.142963,-0.445129,3.702166,-3.237353,12.01113,4.878967,5.735732,4.2473984,2.2165022,0.9129295,4.597118
1766-741-4.wav,Car_Sound,387.71181981684873,0.012489274747109827,0.14581661,-300.35458,180.2075,37.108185,41.959126,14.6779995,37.623207,8.970894,26.651018,6.306552,5.14972,3.0166488,6.302465,-9.610849,-1.6199422,-4.2698426,-5.5768175,-6.3444467,-12.0193615,-6.363393,-4.641931
1766-747-4.wav,Car_Sound,2816.3103229952235,0.16826510567196531,0.054700688,-92.482956,81.58987,-9.822994,14.220815,-11.324211,8.58953,-7.4646683,1.3045039,-0.6993349,3.4558988,2.3346148,7.3799634,-10.014963,0.581587,-0.7658158,3.5817745,-0.19719736,2.6776886,1.4323956,0.26130816
1766-75-4.wav,Car_Sound,844.8292513314223,0.02407254786849711,0.048103232,-299.95856,151.44136,26.952341,27.344563,7.3733835,21.541386,15.413947,16.696953,10.198278,10.453784,-1.7286935,7.8505535,1.2441907,9.843255,0.41042155,3.5006473,-3.4624302,-8.799957,-8.7431135,-7.492626
1766-751-4.wav,Car_Sound,1639.3224718096617,0.01889620213150289,0.14416504,-148.65277,104.55205,-13.044956,11.961905,7.2034364,19.650675,10.578,28.480558,11.722357,8.535953,1.7683539,10.828218,11.701596,4.2952514,-1.6393481,3.5376852,5.318469,2.6383052,-4.7391458,10.178978
1766-754-4.wav,Car_Sound,2175.758316292984,0.0636374412933526,0.1479258,-57.55226,100.35533,-14.19678,6.764146,0.7766214,22.068571,5.8947735,5.378037,11.186382,9.596956,2.8451662,10.941915,4.8381834,1.9809129,-3.9899952,6.5779357,1.8072637,0.18544775,-1.5093759,6.133436
1766-755-4.wav,Car_Sound,1640.0197290599265,0.02062070989884393,0.1325856,-149.94917,106.41237,-11.49943,12.264609,7.5542965,18.46298,8.471538,28.63937,12.857498,8.266358,1.4110707,10.483929,11.896287,5.941855,0.1034513,6.257292,6.3660555,0.28568238,-6.824735,9.569226
1766-757-4.wav,Car_Sound,1661.1700791781616,0.022108133128612716,0.12776645,-149.53517,106.77447,-11.11098,10.864479,6.110744,17.891865,9.199424,27.921198,13.008639,8.237263,0.9455428,9.55043,12.030115,5.164821,-1.0559059,4.7237463,8.296452,1.4034802,-5.4959044,9.295502
1766-759-4.wav,Car_Sound,2519.4571864242016,0.12413069002890173,0.015413089,-234.25662,94.40548,-10.923954,-0.2859194,-0.77900475,5.3707,-1.334537,3.6584282,-14.152682,-6.734121,-1.1980301,0.7284972,-5.044092,11.313677,3.525843,3.4759471,8.335529,2.4515448,-2.0925322,-0.46588972
1766-764-4.wav,Car_Sound,2091.4643056197187,0.107737987716763,0.3396486,34.676025,125.18795,-55.925816,36.609,-20.230314,32.69984,-39.921383,-2.0794907,-19.524874,-2.4550316,-0.35107577,-6.825561,11.149369,-1.8304323,-2.263051,-5.115154,6.985312,-1.9514796,-3.032869,-1.2767135
1766-767-4.wav,Car_Sound,1950.9430188531207,0.08238123193641618,0.100250706,-88.973785,117.594475,-22.782356,46.51142,-11.528485,-0.97492373,12.784665,7.775752,3.963565,5.282822,-9.250971,8.975497,-0.90674734,2.5774322,-1.4328315,7.1413026,-4.042643,1.7800488,-1.912744,1.7175691
1766-768-4.wav,Car_Sound,2006.6716874401136,0.09962630960982659,0.08460743,-83.22097,116.16166,-21.290085,19.952953,-7.092868,-7.7919154,7.922238,-6.9342628,-0.6948935,4.369357,-0.30825981,3.0415075,0.29679337,4.8872495,-2.5206487,4.8833776,3.5908835,-0.44319576,-1.7931393,-2.6217966
1766-769-4.wav,Car_Sound,357.0085915972672,0.006579095917630058,0.08717678,-406.56177,150.7218,30.685175,53.884956,41.56627,42.123398,16.472292,9.695648,11.955576,15.497183,3.6601715,-2.9856822,4.6231866,5.9322085,5.880212,-0.3577243,-0.9680698,0.60420984,-0.9185109,-7.7604837
1766-770-4.wav,Car_Sound,3708.010188317746,0.17962258399566475,0.006232441,-327.00195,49.822445,7.7005215,10.487218,13.453325,20.449318,-2.762794,-1.7547214,2.1073618,3.292273,-1.5936925,3.4479122,-0.5793625,10.637878,5.369826,2.2945619,1.9489919,3.4826999,0.95794713,4.313472
1766-775-4.wav,Car_Sound,1242.305479122423,0.009263231575144509,0.011733764,-462.18234,103.075584,17.641418,31.529202,20.959625,13.711944,14.824678,23.846455,5.6985683,7.4678826,12.812441,12.198442,10.519805,7.322927,6.044586,5.976305,7.0334616,8.976743,-2.7031152,4.580304
1766-777-4.wav,Car_Sound,384.1777386504381,0.011888096098265896,0.0904416,-357.843,172.29457,45.468327,46.071148,20.636898,36.459393,2.2253895,23.680635,6.7590404,10.209343,2.931222,5.0677166,-2.2292373,-3.8129876,-3.427919,-2.3256574,-8.924246,-9.4891,-2.976214,-4.3522964
1766-778-4.wav,Car_Sound,393.6546558423741,0.012517051091269842,0.14824648,-294.08398,184.41388,36.930897,32.626907,21.821018,34.845634,11.904232,17.296091,9.006585,7.9667087,1.5666268,2.2280073,-3.8338473,-2.8501797,-2.9051104,-5.8714085,-3.9667757,-11.604145,-5.039842,-4.856336
1766-779-4.wav,Car_Sound,360.48286340991245,0.0118796287933526,0.2363852,-267.58743,179.27019,42.38618,44.00748,22.673185,36.62599,6.610062,20.39849,3.119982,10.550112,3.7237682,5.8528624,-0.6226025,-2.8128664,-1.5797874,-5.702716,-5.8703685,-7.818686,-5.24224,-4.7540464
1766-78-4.wav,Car_Sound,860.7562992938736,0.03431516437861272,0.10244473,-204.87332,170.93184,5.9880896,56.19372,12.312089,11.5715475,-1.1465001,-11.084966,-32.22553,-4.4177656,4.1525598,11.560839,-3.9678645,8.784754,-0.8245897,5.2048116,4.7012024,7.913142,-4.075241,-3.6599586
1766-780-4.wav,Car_Sound,366.13948749193406,0.006666591401734104,0.08792488,-404.92413,150.45346,30.228493,53.590305,43.50387,42.1198,15.291356,9.823593,11.798775,15.695127,3.0686202,-3.8080518,5.5413737,6.946438,4.8961096,-0.71686196,-0.104892135,0.21020085,-1.1960012,-7.754048
1766-783-4.wav,Car_Sound,1212.6038113875913,0.05709785946531792,0.0701831,-180.73033,164.17247,-37.193768,8.348554,-5.338414,16.015602,7.6579366,21.918638,-6.3655686,3.8401225,4.00285,4.1567106,3.9203873,4.108584,12.839232,1.7907486,5.610401,6.9609256,-4.4480023,3.0072634
1766-784-4.wav,Car_Sound,2463.403302518637,0.10922541094653179,0.41726205,56.283546,106.42881,-14.347175,48.9707,-27.35992,20.78276,-38.400284,5.445859,-21.624916,-7.32844,8.079689,-13.619492,4.2605615,3.3085387,-2.6582856,-8.318632,4.135625,2.1444921,-4.1991982,-1.041423
1766-785-4.wav,Car_Sound,2807.149292675756,0.1606529985549133,0.05971026,-87.40241,81.389465,-7.0414557,14.007565,-11.4528055,6.736844,-6.1913824,1.9215702,-0.845547,4.6623774,2.3562884,7.802624,-9.703259,0.7455418,0.25902367,5.343754,-0.56542236,1.5401118,2.4539015,0.15782782
1766-787-4.wav,Car_Sound,2438.9404595571896,0.0919718659682081,0.071368456,-141.87614,85.06955,-11.743963,31.121704,15.853356,30.977215,22.085161,-0.1022665,-11.130417,0.032732803,19.460718,14.172139,-12.071659,-6.170756,-9.625726,-0.66864157,4.1205263,1.0495598,-4.359715,3.8331115
1766-788-4.wav,Car_Sound,839.5715223133811,0.023731033236994218,0.048211567,-300.6294,151.4642,27.102634,27.667803,7.611729,21.57888,15.642499,16.66262,10.286384,10.18101,-1.767992,8.036251,1.0084603,9.600904,0.44639057,3.5055263,-3.477592,-8.96309,-8.724563,-7.367004
1766-791-4.wav,Car_Sound,830.9554771326689,0.03278540462427745,0.10872889,-205.54814,173.69691,5.934322,54.305138,11.6493635,11.718914,-1.0217271,-12.322904,-31.773088,-4.2459655,3.7714942,10.942439,-3.142988,9.463961,1.0675038,7.037022,5.5773787,6.3399096,-4.1077776,-4.1547494
1766-792-4.wav,Car_Sound,1185.477485280327,0.03071655979046243,0.008610575,-414.63998,135.36626,-16.262205,34.90479,4.4201226,25.656462,15.41728,23.06509,14.575015,13.356848,1.0372194,5.574776,-4.880353,1.9578242,-5.0163803,0.380931,-5.417025,-0.3771182,-8.661161,-1.8858081
1766-793-4.wav,Car_Sound,2498.194426801233,0.12375248374277456,0.015545417,-233.51186,95.247536,-9.875688,0.46330032,-0.18709211,6.6838746,-0.630975,4.1713767,-14.333443,-5.828681,-1.1609882,1.4252397,-4.1687336,11.348721,2.262124,3.836128,7.4690466,1.7065526,-3.095067,-0.07463248
1766-795-4.wav,Car_Sound,2740.787071569033,0.12232150921242775,0.011691588,-277.16904,74.432945,-4.1155634,22.886082,20.891302,17.827133,3.2112083,-0.9555509,-3.8975618,16.712278,3.892508,4.2946424,0.68949616,11.060093,-5.3416886,1.2588366,-2.2108536,2.7953827,4.1493287,4.9651465
1766-796-4.wav,Car_Sound,1921.3710038654117,0.07914107658959538,0.10064938,-91.746216,120.399635,-19.185877,43.52243,-13.979868,2.2765737,14.908144,1.897909,4.3308887,4.7885504,-9.261833,11.331925,-2.2186477,2.6456058,-1.6567397,5.533929,-7.0974035,3.2940772,-2.2003436,1.7941333
1766-797-4.wav,Car_Sound,849.4441061503842,0.018612132352941176,0.028613715,-355.301,149.34326,32.06107,58.396854,2.5478337,6.9634223,-3.9125195,7.428326,-0.5514002,5.347992,6.511664,5.559167,0.92305034,0.3160017,-4.752447,-2.4290934,-8.319348,-3.0149803,-4.7572947,0.93897605
1766-8-4.wav,Car_Sound,841.2683693695473,0.023736678106936415,0.048114847,-300.5382,151.4054,26.900675,27.69913,7.5093226,21.558924,15.686521,16.692425,10.268833,10.154879,-1.7325543,8.018387,0.9403129,9.594929,0.38648254,3.520112,-3.3872204,-8.971195,-8.73856,-7.4074636
1766-80-4.wav,Car_Sound,1079.1261527568338,0.029305342304913294,0.020227477,-335.12408,156.13057,-25.106869,26.325947,2.2021623,20.45654,11.049152,17.873236,14.497351,11.783491,1.1031358,4.7848854,-5.8488135,-1.2828842,-4.492123,-1.3200717,-2.166276,0.72560316,-6.6284533,-3.7063475
1766-800-4.wav,Car_Sound,1350.4166544667742,0.07685208182803469,0.08638577,-143.7212,176.54018,-65.99833,44.305725,-11.809724,13.9454775,-2.056704,-1.2019175,-2.5522857,-0.8006862,7.728183,0.15061827,-0.3511939,-0.9173562,-4.2565374,0.018834021,1.0778173,0.56556726,-4.4747567,-3.359285
1766-803-4.wav,Car_Sound,3956.3207605827856,0.19158688583815028,0.0062765577,-330.62393,43.68885,14.244828,10.10958,16.616089,22.030842,-1.6206555,-2.8996742,0.5344815,3.28147,0.6005413,4.1431093,-2.7441769,9.910453,6.151339,5.479888,6.6424117,4.247552,-0.7646629,3.3225825
1766-81-4.wav,Car_Sound,2855.4366062039867,0.14880159411127167,0.079064436,-64.63641,79.16574,-8.591605,14.675064,-3.0662518,14.1346445,-2.000408,-7.046729,2.8838446,2.9644077,6.3431487,-1.0636541,-5.32926,1.674545,-5.9627023,5.4733887,-1.6047559,9.287771,1.526503,-1.6538681
1766-811-4.wav,Car_Sound,769.5025450535232,0.015435896856936417,0.01644644,-427.40192,166.95744,-24.76081,34.654236,-4.7986274,21.100887,12.534473,8.290993,17.17124,14.5550375,3.1356282,5.9894595,7.016085,7.903347,3.0197635,5.7081685,3.2320018,7.58622,7.45948,1.4500511
1766-812-4.wav,Car_Sound,2484.327365296848,0.10941733652456648,0.42530963,59.343876,104.95674,-13.770087,48.50494,-26.824709,20.944496,-39.86044,5.003171,-20.90035,-6.858153,7.0086174,-13.721475,4.528389,4.3359976,-1.9140058,-8.545419,3.7546034,2.016846,-3.7561255,-1.2673331
1766-819-4.wav,Car_Sound,2310.0319750249355,0.09173195899566473,0.4502021,54.246365,113.804855,-10.100682,40.951687,-26.430864,34.873245,-32.936874,0.67285204,-21.295815,-8.635344,9.088834,-13.08997,1.2877594,0.43780288,-1.5735703,-4.1506567,1.2335695,-3.0054386,-0.704617,-3.5592563
1766-82-4.wav,Car_Sound,369.48254148383757,0.006838759934971099,0.07916135,-403.89938,154.60397,31.112474,53.878487,42.35337,44.103935,16.312563,5.724612,7.746198,14.595418,2.4184844,-4.015277,7.5649486,7.6765814,3.0097456,-3.2611303,-1.1473325,-0.13713528,1.5650084,-7.5072966
1766-820-4.wav,Car_Sound,2929.0575164900015,0.1761340543713873,0.050806727,-97.32422,77.93129,-6.4521327,13.240675,-12.578997,7.724361,-6.2859325,1.9571596,-0.69621414,3.6646616,3.6332817,8.304966,-10.748226,-0.5403104,-0.14971797,5.6534896,-1.3000733,-0.019851685,1.7148783,-2.3272607
1766-821-4.wav,Car_Sound,848.6225413152645,0.03358133128612717,0.09713798,-209.7867,171.70815,5.860357,57.05929,12.748838,10.884197,-0.34514943,-10.293199,-32.470592,-3.5010529,3.6013508,11.07505,-3.558199,8.728115,-1.8408394,5.202217,4.679162,7.230338,-5.3641305,-3.744139
1766-824-4.wav,Car_Sound,2936.699285199124,0.17850207731213874,0.051053174,-96.26391,77.84076,-7.015056,13.045976,-13.300026,7.738823,-6.488202,2.2354918,-1.3418803,3.114572,3.6570973,7.5376215,-10.738394,-1.1049635,-1.0332752,4.4024134,-2.2923503,0.6183223,1.3843778,-1.7018692
1766-826-4.wav,Car_Sound,947.9931728856852,0.04348243316473988,0.048802193,-235.08282,186.51027,-20.372463,3.2732248,2.1192467,9.340412,7.3754754,13.532688,1.4005293,5.817179,0.50055516,3.004338,0.96793306,7.5353503,6.9713326,3.0231693,0.37461,4.3071814,-2.7804456,-1.3744397
1766-827-4.wav,Car_Sound,1898.104987002102,0.030897195628612716,0.048200507,-254.60419,91.51282,27.900703,45.98795,-6.3464665,16.61163,25.868792,19.33919,6.5296836,6.1428385,-2.1659317,4.132154,4.500096,-10.932763,0.2843454,6.240571,-4.9323425,1.2902321,-0.8334147,-2.4643822
1766-829-4.wav,Car_Sound,2611.315244324703,0.1043284862716763,0.03444798,-177.41629,88.45193,-7.7465835,-2.2028584,1.0873519,-0.7243281,8.074834,11.555421,9.598475,18.282597,-0.46249682,18.24881,-2.7923408,5.7566876,5.5346828,4.849521,2.984384,7.1907473,2.546294,9.314537
1766-830-4.wav,Car_Sound,1939.701902797585,0.09376975704479769,0.037304364,-169.56178,120.97988,-11.780565,-0.02848686,2.7759626,6.673357,-5.6454496,7.188519,-4.503968,-0.4191796,-5.130306,-2.9088979,-10.189273,-3.4013486,-2.695491,3.8808036,0.7210855,3.1975243,-4.749167,-0.93965626
1766-833-4.wav,Car_Sound,3534.274529761087,0.15829626535404626,0.0062083453,-331.0335,54.569748,7.126692,11.558951,13.070088,19.722198,-2.2715545,-2.0938852,1.9653398,3.319923,-0.52617836,2.743084,-1.5007505,9.043618,5.160106,3.6151931,2.3737993,3.651552,0.7934712,4.8427277
1766-834-4.wav,Car_Sound,1376.6681653368134,0.028848107839595377,0.02745033,-320.72256,123.13857,0.11441856,15.311964,8.756921,-2.17887,5.607224,6.597312,2.696875,17.122818,6.1257267,9.469663,4.030225,-2.4890718,-1.3583233,-0.021526778,-6.8091397,6.8298354,6.3671184,11.899805
1766-84-4.wav,Car_Sound,835.9249544975427,0.01521856936416185,0.23177585,-158.75653,171.03899,-27.58626,30.859951,5.423204,15.005948,10.536533,10.291427,8.649603,7.9281287,2.297119,7.9129863,4.0823545,4.556765,4.3611836,4.443508,3.5686214,3.716499,2.0127256,4.528681
1766-840-4.wav,Car_Sound,2206.611130543359,0.1059654985549133,0.04263915,-141.28769,107.21708,-11.681455,9.343762,-9.52205,-5.3928733,6.1850104,-2.7393959,-3.7890544,1.3733152,-7.2536182,4.8586817,-0.8885077,7.0759377,-1.4915867,6.1525803,1.6691517,-2.268481,-4.087415,-1.2872131
1766-841-4.wav,Car_Sound,2200.1334031621413,0.13336005238439305,0.09797468,-58.875668,100.48711,-54.084652,10.1090765,12.43873,8.240652,6.881174,0.40637034,7.686395,4.808711,3.3078303,3.7121985,-0.33856735,0.6783409,2.1095455,2.910106,1.3924377,7.135008,1.7611647,4.278923
1766-842-4.wav,Car_Sound,1044.5561192830846,0.013138434790462427,0.051535115,-292.7783,142.76535,4.8358474,14.755158,5.656309,22.357595,1.8427646,15.274152,6.5474973,10.570994,5.380156,8.348595,5.030736,11.406776,5.787036,5.077621,-0.62828,8.322021,4.1193233,9.494093
1766-843-4.wav,Car_Sound,2103.27886510445,0.10332652185693642,0.053262237,-140.13446,113.26784,-6.6863112,2.2104657,-5.7021527,5.4721184,-6.140334,6.9032817,-5.6757374,-0.99987,-6.4312468,-4.43431,-10.131274,-5.4637947,-3.6448925,4.1915193,-1.3122268,0.83044124,-5.3768725,-1.2671372
1766-844-4.wav,Car_Sound,1100.2421980096542,0.013877912752890173,0.05595875,-281.50604,137.39153,6.340588,14.788848,6.2117114,22.697582,2.478268,14.512382,9.304234,12.1904745,7.4493437,7.712399,4.548694,11.033057,5.7433276,5.633761,-0.5096656,8.035903,2.5734966,9.369805
1766-845-4.wav,Car_Sound,2431.4907875461304,0.08989737626445087,0.07155544,-143.14684,84.75737,-11.782871,31.840822,15.631692,31.554852,21.780159,-0.11822318,-11.5854435,0.23252313,18.927141,14.776911,-12.893219,-6.1948805,-9.822227,-0.3272446,4.055515,1.2196743,-4.32646,3.665787
1766-846-4.wav,Car_Sound,1818.3170691043867,0.08912120664739884,0.041960347,-160.22737,125.6706,-13.097521,3.971298,-0.9744099,7.401985,-8.037132,6.741189,-3.6838408,5.1899543,-3.8723445,-8.733758,-4.602109,2.0139909,-1.4655379,2.0301442,-2.5331683,6.228424,-0.50569487,0.93061733
1766-847-4.wav,Car_Sound,1171.389875490387,0.031441925578034685,0.019899562,-326.84613,147.53882,-22.354422,24.82926,2.0446985,19.651201,11.110426,17.780693,12.812946,12.035266,3.0468404,6.239797,-4.5576124,-1.5087005,-5.190391,0.290066,-0.6059787,2.8917866,-4.157246,-2.4008176
1766-85-4.wav,Car_Sound,2040.9854027032072,0.08505972272398844,0.11291476,-74.50376,112.42776,-20.135317,43.790276,-15.131921,0.52164185,11.579602,7.5975504,5.1086407,2.5484774,-4.7479453,9.463097,-0.22977729,5.9576254,-1.982812,4.2491775,-6.081818,-0.12819092,-2.5576572,3.2984626
1766-851-4.wav,Car_Sound,1207.7313983851402,0.03800126445086705,0.05029945,-230.21333,160.29095,-35.280117,31.13659,-23.86561,30.501682,6.95609,13.700259,22.843071,15.502095,-6.241792,4.3810625,9.263921,9.341144,-0.20495905,6.581694,5.9718122,11.2701645,-0.98662245,0.5194062
1766-853-4.wav,Car_Sound,753.5391014408998,0.0059835621387283235,0.26489174,-233.23514,114.73367,30.312048,23.195648,24.9591,43.760925,14.182559,22.940897,16.915634,19.344969,9.8345585,15.4461565,0.21512035,4.322122,16.564465,2.163057,4.9076486,11.080641,-0.7617073,-3.8582742
1766-855-4.wav,Car_Sound,760.7860709006188,0.027956218388728325,0.06437683,-394.49033,142.3565,33.958286,29.792704,26.379414,15.342951,1.8407862,19.191816,22.713448,10.611736,-0.683882,9.154312,16.370884,6.5242887,-0.3457976,9.142455,13.17996,11.773743,-1.57338,6.957926
1766-860-4.wav,Car_Sound,1313.154960690798,0.029773866510115606,0.08416234,-200.1936,127.01522,-12.773847,27.523985,11.538562,13.06037,-2.272597,-0.17800523,-3.0389137,18.556395,8.94007,14.9778385,6.5663357,9.06267,4.547168,11.286577,5.5761523,6.339323,4.0862775,9.043693
1766-861-4.wav,Car_Sound,810.6552942590805,0.0067117503612716765,0.058090013,-366.9828,107.135666,19.925703,41.48494,5.873032,14.762433,25.193718,27.424635,13.608216,13.789884,2.2432685,12.414916,9.286041,6.3182826,5.7340407,3.597755,1.2317996,1.6326698,0.14748482,5.4515676
1766-863-4.wav,Car_Sound,1850.8699782570484,0.03152659862716763,0.047718212,-257.15973,94.06276,28.176628,45.042904,-6.821576,18.063395,25.36571,18.355051,6.4754715,6.18103,-2.2071292,3.0201285,3.5881276,-10.047009,0.55530506,6.4659853,-4.3736763,1.570056,-0.6733145,-2.816728
1766-865-4.wav,Car_Sound,1682.8902870416143,0.02526079299132948,0.12114032,-150.74612,106.18628,-14.667297,11.861675,7.4841323,19.203949,8.310918,27.105633,12.856095,7.37535,0.29275402,11.631403,11.774372,4.604892,-1.7465273,4.8108377,7.446964,1.3283683,-6.7827473,9.756715
1766-866-4.wav,Car_Sound,409.776754472511,0.014369016437861272,0.054912552,-409.2864,153.02821,59.593018,56.937485,27.797745,36.433655,10.156371,19.853542,5.5027575,8.93348,4.0275865,3.252421,2.2376754,3.5704625,-6.3868303,0.30350617,-5.332796,-0.45473555,-2.3823683,-6.271816
1766-869-4.wav,Car_Sound,3056.5098939529953,0.16313956376445088,0.07131528,-69.58841,73.10912,-6.7396817,14.365135,-4.5184755,13.838214,-1.8239545,-3.7473278,1.1216707,-0.45636305,5.7742443,0.74333465,-1.0181106,0.81736773,-8.628861,5.830377,-1.4159071,7.7768626,2.6469302,-0.26441458
1766-874-4.wav,Car_Sound,1202.4971387977675,0.024783801481213872,0.023051457,-326.18768,135.26573,-14.647009,39.282646,12.365067,11.939959,7.578459,19.628937,2.4541867,11.237542,4.352043,6.6234126,7.316168,5.7162457,6.619822,8.184909,-3.3131866,8.395922,-0.4810075,1.5773429
1766-875-4.wav,Car_Sound,1815.3620150841818,0.02786307803468208,0.054112,-242.81941,95.16474,27.35653,43.647938,-3.1309695,16.83326,23.527563,18.820375,6.1044216,4.0229096,-3.0381372,4.3540387,1.3278275,-10.561088,-0.1493032,5.0500164,-3.5499895,0.509055,-1.3360199,-3.31956
1766-877-4.wav,Car_Sound,986.8629296377599,0.016006028721098266,0.3181421,-100.06846,159.8531,-34.458565,26.791727,6.231941,18.033827,10.881975,11.661244,9.10649,14.203997,-2.8737073,11.736319,2.9126434,2.8296864,0.938398,3.7731595,-1.487022,3.615174,4.5628824,4.8960295
1766-88-4.wav,Car_Sound,1137.5411859331286,0.027024814848265896,0.04836464,-299.11633,122.382996,29.549889,36.2101,21.72827,16.547794,7.245823,15.234858,3.917285,10.780551,7.55532,11.220344,6.444596,8.064014,1.2050353,-1.8730377,-4.813814,-4.103247,-5.4806128,-1.2742796
1766-880-4.wav,Car_Sound,2747.94101153068,0.1383190706286127,0.0148661565,-228.15337,87.70279,-6.7855654,0.58936226,-1.5940652,7.284368,-4.5140824,4.4242563,-12.656511,-5.0677376,-0.6860175,2.3362498,-3.281119,11.174978,-2.5090375,0.6724625,0.2335543,-2.8734617,1.0497954,4.256265
1766-881-4.wav,Car_Sound,2450.700362344844,0.12138416564542484,0.39464557,62.348114,108.152626,-32.1568,42.4712,-30.559301,23.47498,-33.220493,3.658382,-23.567066,-2.9104793,2.7072558,-9.265291,11.783241,-2.89811,-1.5238446,-3.333161,3.5247252,-1.3262893,-4.3722143,1.3773559
1766-882-4.wav,Car_Sound,736.3728584474145,0.01759788204479769,0.21269283,-177.8294,160.3925,26.714025,30.034143,7.769046,23.020473,8.5133295,13.480919,3.7895613,8.957342,-1.7915766,8.938413,1.5882608,7.869983,-3.4742982,2.4985657,-5.4089193,-8.302747,-7.75677,-9.68526
1766-887-4.wav,Car_Sound,1058.8183139730415,0.04918939667630058,0.049187902,-217.50168,177.13475,-22.83746,4.1886306,0.49784428,10.343065,4.3001714,17.263397,-0.65111625,5.1601386,0.71059257,4.520151,2.5121796,6.742062,8.8097,3.1335406,1.5438398,5.855632,-1.9745224,0.14164507
1766-89-4.wav,Car_Sound,1975.3775515857087,0.08386583273121387,0.100077525,-87.07629,117.19282,-22.524069,45.595005,-12.964251,0.3567068,13.147814,5.7158675,4.6005025,4.3258367,-9.511277,11.72511,-2.9686031,2.8384268,0.5535746,5.3479943,-6.150364,2.8106143,-2.4784636,2.1524186
1766-890-4.wav,Car_Sound,1340.9197217365434,0.02532288656069364,0.029534863,-320.47177,122.58104,0.63004255,16.548223,9.5574,-1.6736648,6.070589,6.3465796,2.9771235,18.359226,6.2255936,9.433565,4.5248346,-2.6323247,-1.2333536,0.9915051,-5.7277174,7.4483876,6.795073,12.405644
1766-891-4.wav,Car_Sound,1127.516602867577,0.026779263005780346,0.009673162,-417.71854,131.75215,-11.10704,35.811996,8.762358,25.942236,15.454885,21.92804,15.690062,14.078122,3.9942415,7.0477943,-1.6446676,3.2821612,-4.3817444,1.8778844,-4.214424,0.4470068,-7.2382007,-1.3282032
1766-892-4.wav,Car_Sound,2802.952743547928,0.1658519237716763,0.057104066,-89.82933,82.02581,-9.237485,14.605543,-12.661418,6.741376,-7.9889574,0.06401631,-1.3289009,4.615079,2.9234755,7.830109,-10.77972,0.34068102,-2.1521182,1.6877321,-2.1063573,1.9764793,0.9451619,0.11453909
1766-893-4.wav,Car_Sound,1874.0817919077488,0.028066293352601156,0.10346219,-211.16957,78.44153,30.167646,21.274296,15.792503,29.708267,18.755726,39.49967,10.801372,11.579354,20.667852,15.852706,-7.4906816,15.921528,4.8004236,-6.7647357,-18.632711,11.875206,2.0898864,-2.0331635
1766-896-4.wav,Car_Sound,1200.13230981747,0.03171852420520231,0.027925296,-301.61313,144.7172,-26.279963,25.40518,13.195524,14.111825,9.188992,16.635319,-0.9438815,14.188183,1.1390088,5.1667423,16.010883,8.069275,4.446617,6.746939,-0.8290654,11.049644,-2.0449243,-0.22854015
1766-901-4.wav,Car_Sound,1092.6799432668834,0.0283203125,0.019724488,-338.0779,156.15627,-26.533762,24.876276,1.3997167,20.179245,11.518754,16.77363,13.162544,11.452696,1.6908826,4.411097,-5.801079,-1.2500068,-4.320717,-0.4480692,-2.6650724,0.46554613,-6.1118546,-3.5985792
1766-902-4.wav,Car_Sound,1948.159360119964,0.0830106349349711,0.10203107,-89.25993,118.91108,-19.302511,44.6374,-14.351716,2.3494554,14.798666,2.967408,4.4618654,4.4794965,-9.276271,12.234293,-1.2764262,2.425233,-1.3297498,4.6833997,-6.5964813,4.106488,-2.509264,2.0979788
1766-906-4.wav,Car_Sound,2203.443941372746,0.06415112445809248,0.07626083,-167.94832,85.944496,1.9269928,31.785744,12.362907,28.151695,31.579136,12.815901,5.8921657,-0.9570483,4.6180644,-4.714195,-4.3216424,-1.0524158,-2.7810333,2.862244,-5.121397,0.02620966,-6.4689207,-0.9345688
1766-910-4.wav,Car_Sound,1847.7721593755134,0.07776655075867052,0.10530309,-92.00541,123.203545,-21.639797,42.719078,-11.499757,1.4720159,14.898131,3.1966474,4.8676934,5.747021,-9.128069,11.035763,-1.0235645,4.203469,-0.9706675,6.3566275,-5.726319,2.2633054,-1.7172965,0.07194354
1766-912-4.wav,Car_Sound,2887.179407726908,0.17438696712427745,0.0531277,-95.53768,79.805916,-6.068238,13.212996,-13.049193,9.017012,-5.954407,1.983073,-0.81178707,2.7375052,3.3053727,7.7148867,-11.860332,-0.4451997,-0.7194254,5.698954,-2.0954828,-0.11869661,-1.414578,-3.0862663
1766-917-4.wav,Car_Sound,1127.8385263280923,0.02906543533236994,0.018709138,-340.0542,153.92195,-27.715097,25.31187,1.4526019,19.49574,11.47521,15.783035,12.149185,11.342585,1.944697,4.93197,-6.366757,-2.0521295,-4.3642273,0.3187707,-2.6908274,0.5610725,-6.158631,-4.21768
1766-920-4.wav,Car_Sound,1113.0370342232675,0.08710881051300579,0.04152798,-283.60062,211.88602,-111.89945,-43.141167,-43.630753,-22.196484,-41.22656,-17.511967,-39.185734,-15.05751,-30.794062,-24.330662,-22.868217,-14.356048,-26.107117,-20.686493,-19.486345,-24.182962,-8.967895,-16.865068
1766-926-4.wav,Car_Sound,2017.1748611013045,0.06103515625,0.025405288,-277.5725,96.51492,20.355886,20.07699,16.31756,14.904977,8.73762,21.200283,7.054173,7.3243394,3.7231123,9.091818,8.946632,6.4538107,-4.1195054,-0.7838797,0.017249,1.0317641,-6.1904645,-4.134532
1766-928-4.wav,Car_Sound,1416.109925404652,0.083323925216763,0.13841312,-85.104614,178.4826,-74.47437,49.99026,-19.860516,14.251423,-7.26604,4.6677933,-1.8488554,0.046934906,4.853774,-0.43575808,-0.9280204,-1.7125762,-3.979395,-1.4220003,-1.2754929,0.15500563,-3.1696205,-2.351027
1766-929-4.wav,Car_Sound,2198.2677591143424,0.06552282785404624,0.1446208,-60.470325,100.65924,-10.178747,4.5127172,-1.0877626,25.829224,4.8311706,5.1369514,10.61985,7.4980235,5.0607824,6.9535327,6.3212366,1.1619583,-1.5904335,5.3239703,0.76508206,0.77774084,-0.83571965,5.9328513
1766-93-4.wav,Car_Sound,1152.5584159323807,0.03131209356936416,0.020689903,-327.44034,147.14458,-22.330585,26.567179,2.2895377,21.987339,12.5242195,18.021671,13.087905,13.389589,4.1396003,7.944402,-3.4097054,-0.030467987,-3.9140675,0.9369454,0.6911956,4.125538,-3.5968475,-1.7637156
1766-930-4.wav,Car_Sound,600.2783465635282,0.007016573338150289,0.08960382,-334.97467,135.93279,33.9481,9.960244,11.450666,31.72127,27.534733,29.85241,21.435766,24.304264,18.198982,20.193768,9.181511,14.3686,3.8176749,0.16888647,-3.5190983,3.0869029,3.7565904,2.0352755
1766-931-4.wav,Car_Sound,1383.7971964459582,0.03691462698699422,0.023906445,-320.31448,124.38035,2.3821306,67.041435,-1.4246237,15.062843,13.039509,2.2631805,3.7783635,1.8434385,-14.115895,3.7834306,-3.490875,1.3346208,-9.169768,4.67343,-1.5175594,-7.0490212,-1.326712,-2.7789369
1766-936-4.wav,Car_Sound,2895.553847967362,0.16998679100433525,0.009862299,-269.73007,72.4491,-34.55768,6.6093144,-11.059618,26.774002,-1.4673091,19.324461,-6.1462727,-2.9722989,-1.7514943,11.460591,-6.52347,12.866874,-4.9886103,-2.8592236,2.9231348,-1.7027264,-0.4790188,3.097508
1766-937-4.wav,Car_Sound,1111.7827433076013,0.028749322615606938,0.019226903,-339.11108,153.56267,-26.35881,24.447067,3.9975595,19.374378,10.667354,15.978634,14.089685,13.603719,1.0091344,4.4890795,-4.788068,0.42006078,-4.4925175,-1.0106921,-1.7485803,1.8098431,-7.2519107,-4.051395
1766-939-4.wav,Car_Sound,1090.0456256992213,0.014606100975433526,0.052167114,-286.71576,139.3383,6.314085,14.1142435,6.1707425,22.303595,3.5056314,14.464732,8.634518,10.489255,5.3363914,7.46296,4.1381702,11.107442,4.8904185,5.192929,0.29556686,8.652961,3.3684201,9.620711
1766-94-4.wav,Car_Sound,1634.765416439481,0.05668157762096774,0.028590962,-234.57288,126.76632,0.8126411,28.71335,-3.299964,12.215867,1.7891314,6.5166364,-10.529108,1.467936,-2.4738722,8.879555,0.91495275,2.8658273,-3.902811,0.116567895,0.3464169,5.9153185,0.37153745,5.112719
1766-940-4.wav,Car_Sound,1993.7260392358685,0.08943449692919075,0.025538236,-219.77687,105.084785,-24.035414,29.488876,16.562681,14.548622,6.0005836,9.82719,2.7403114,2.8784428,-3.0417075,4.34373,1.500088,8.12495,1.9367484,6.2339926,0.6420579,4.3759704,-0.3692152,5.1186213
1766-941-4.wav,Car_Sound,992.8426073883301,0.048418871929190754,0.04119666,-240.13705,187.54616,-20.690079,4.572186,1.3299037,6.390803,6.7075167,11.886327,0.32320452,3.4493473,-0.057727437,4.222986,2.1345928,7.449779,6.6492124,3.4330144,0.8388402,4.614481,-3.8584573,-1.7811449
1766-942-4.wav,Car_Sound,1420.9858775811604,0.054365742413294796,0.04651211,-245.6595,138.48613,-11.082757,15.257745,-3.8998442,9.341856,2.730176,6.4987855,-2.504957,7.679562,4.057658,6.172122,-1.2183453,5.4053555,4.3436627,9.072438,5.4292912,4.1139016,-2.492823,2.7247775
1766-944-4.wav,Car_Sound,1261.237050285666,0.03260194635115607,0.0080725625,-414.83676,132.56767,-16.760769,34.260143,4.8896465,26.079937,15.11347,22.631554,12.945002,10.891972,1.4628903,6.463333,-3.5451643,1.5370705,-5.782814,0.66988176,-6.2714553,0.12859693,-8.026233,-2.578498
1766-945-4.wav,Car_Sound,1325.7052899578487,0.007750406430635838,0.0113073625,-455.62933,99.25577,17.145468,33.232365,20.883179,14.052101,17.496965,24.567223,8.002852,9.855588,13.422939,12.942197,8.715507,7.7179003,5.249391,5.012698,4.871892,7.8403306,-2.1061459,4.564425
1766-947-4.wav,Car_Sound,1288.5170315385856,0.060848875541907516,0.15715687,-194.59312,144.33669,-19.532326,3.324883,-11.730972,3.1549714,4.926398,7.6281366,0.5077026,9.456085,6.863074,4.5954123,-1.1283947,4.0322785,7.920952,8.723176,4.879984,3.3656092,-3.511246,-0.008754356
1766-95-4.wav,Car_Sound,439.38842183945724,0.012692490065028901,0.13670614,-300.14212,174.66492,38.796738,34.812527,22.682013,32.922977,6.8976274,11.955467,9.249068,7.3511167,-4.3802576,7.202388,1.5025511,1.1033595,-5.2590957,-1.3438295,-6.45455,-9.497012,-7.623769,-3.2552176
1766-953-4.wav,Car_Sound,1150.0510801383825,0.027611881322254336,0.027039032,-317.6399,142.69777,7.319558,48.020462,-2.7273822,7.4072704,4.9668965,11.1352215,3.6470048,-0.9233797,-3.6545854,0.81844914,-2.8025963,-5.7458506,-4.8300877,1.2008446,1.9792576,-3.7621152,0.28680807,1.4358404
1766-955-4.wav,Car_Sound,841.7824748057091,0.023889089595375723,0.04825668,-300.30585,151.34016,27.208284,27.578402,7.4371805,21.647133,15.440023,16.855797,10.119062,10.359872,-1.7064477,7.8845553,0.9650009,9.828471,0.55049837,3.45442,-3.2162056,-8.8330345,-8.769967,-7.4293094
1766-960-4.wav,Car_Sound,881.905317820609,0.035678400469653176,0.10092593,-207.55017,167.49516,5.922163,59.200058,13.565542,8.96444,1.2824887,-8.431435,-31.905619,-5.5923247,2.7599688,10.585617,-2.7147791,10.164772,-0.6120027,4.5975146,6.066203,9.690976,-5.5708704,-5.758315
1766-963-4.wav,Car_Sound,2141.6304187433184,0.040183006683526014,0.033491936,-265.85046,86.57886,27.143759,45.33569,-13.301064,18.671297,27.907333,21.654926,5.4901986,7.8327947,-0.7270039,4.8932014,4.256842,-10.676235,0.805951,6.858019,-4.2267084,2.552439,1.9042577,-1.9820493
1766-964-4.wav,Car_Sound,2141.66245024172,0.025901485729768785,0.05748642,-224.86786,85.175026,1.634933,14.351171,13.253038,18.769573,8.112583,8.29803,4.7809176,22.53752,5.415669,12.330557,8.352168,12.356095,-3.2651126,4.383966,-2.6563697,6.0478373,4.1664095,6.799431
1766-966-4.wav,Car_Sound,2366.5710560305774,0.04894384483381503,0.21305966,-69.60758,72.823006,2.0862153,27.105932,21.096134,20.912292,15.839979,12.827411,7.3813195,13.112643,7.006211,6.069129,2.8976843,15.045968,5.3915577,5.4166307,0.35403627,0.93380296,-4.9074283,-4.7101593
1766-968-4.wav,Car_Sound,2430.1509232073013,0.12665676932803469,0.34186423,42.349728,113.76289,-37.836693,42.495,-31.004105,29.033987,-35.911575,2.0443923,-28.155622,0.3005244,8.146479,-13.753356,11.153398,-3.619535,0.29107088,-1.2883929,4.7387385,-4.7988286,-3.345818,0.9516276
1766-973-4.wav,Car_Sound,1116.1837497935578,0.052257383489884394,0.03834929,-279.86664,192.07423,-43.21141,56.026936,-27.10535,2.9407141,13.573301,-30.646843,-2.1959796,-7.119664,-15.862758,10.208249,-13.655209,7.9867806,-6.7473316,-10.001477,-1.7914834,-20.399788,-12.951287,-8.126273
1766-974-4.wav,Car_Sound,840.1678565289614,0.02406972543352601,0.04807925,-300.37518,151.6801,26.960804,27.374514,7.2895494,21.60621,15.424288,16.762735,10.230752,10.480195,-1.7623086,7.929852,1.2154464,9.872049,0.39484578,3.525606,-3.5160356,-8.866018,-8.827636,-7.4693975
1766-975-4.wav,Car_Sound,2235.4184583197834,0.13177102149566475,0.011322852,-268.58902,104.77916,-37.087006,9.159976,-20.274342,5.460184,-5.1787014,1.8746686,-8.816014,-1.5716144,-8.875636,-2.8380845,-6.3161845,-2.984085,-5.1313806,0.11830439,-10.414452,-0.6705003,-3.52916,-0.6356524
1766-976-4.wav,Car_Sound,1138.7444670476443,0.028165078576589595,0.012364604,-408.14288,130.71408,-12.320918,32.66911,7.8399405,27.901646,17.702278,22.731812,14.3816805,12.470366,4.437522,8.704176,0.713496,2.6028385,-4.753497,-0.6584919,-3.6512818,0.16437517,-6.3642035,-3.5059183
1766-978-4.wav,Car_Sound,1253.6817217387443,0.0320685061416185,0.008351002,-412.52078,133.61455,-17.764908,33.45224,3.9499762,26.036911,14.963917,22.457384,13.03462,10.683305,1.5798447,7.3845763,-2.2605495,1.9293187,-6.0669956,0.38893276,-6.7029853,-0.7112066,-8.179888,-2.2261763
1766-98-4.wav,Car_Sound,2890.5431350767844,0.1751349123916185,0.05334014,-93.378746,80.146614,-7.469891,12.200924,-14.223892,7.623179,-7.4934196,1.631704,-3.049167,3.8334699,2.1475656,7.2621846,-10.727439,0.18537793,0.4950023,4.071764,-1.1589062,2.9714684,1.6141386,-0.79104525
1766-981-4.wav,Car_Sound,402.3477522941315,0.014380306177745664,0.055016655,-409.8768,153.29854,59.510815,58.072357,27.866674,35.25654,8.765693,19.77086,6.835446,10.638,5.13797,2.0482717,1.6843978,3.3405833,-6.4164624,0.39446938,-5.709455,-0.04664801,-3.2562544,-6.5201015
1766-984-4.wav,Car_Sound,1349.2036224709443,0.01585079479768786,0.1853647,-175.30597,107.10625,21.073765,36.270557,9.878829,30.708378,3.507947,14.879183,2.4365718,11.5883045,2.7660723,9.718648,3.792337,7.387854,-3.665361,5.779517,-1.3559666,4.1334357,-2.8703468,2.1868222
1766-986-4.wav,Car_Sound,1972.4211349060504,0.08963206737716763,0.111371234,-77.812164,116.21253,-20.91068,45.460434,-14.682403,-1.0960116,12.529844,6.3407426,6.1039786,2.6787758,-7.090457,9.703032,1.6078547,4.209804,-2.4429135,4.853179,-9.31143,-0.3919889,-2.7799227,5.039538
1766-987-4.wav,Car_Sound,2881.0578577240403,0.17072062409682082,0.009988305,-268.42365,72.62746,-35.932888,6.4317026,-10.5179,26.259884,-1.3999484,18.842564,-6.0086637,-3.34869,-0.5721847,11.376307,-6.726252,13.23226,-5.3774943,-3.5602417,3.3163693,-2.1661031,-0.4726215,3.0848875
1766-988-4.wav,Car_Sound,1798.6178754514365,0.030462540643063585,0.046989743,-256.39774,96.965454,26.173357,43.49484,-5.7411256,18.232414,25.448505,18.975674,5.092411,5.3657994,-1.3705777,2.8020675,3.0296478,-9.908244,0.9999647,5.39033,-5.416079,1.904715,-0.44167435,-3.0662231
1766-989-4.wav,Car_Sound,2530.665284314805,0.12469799945809248,0.015549343,-233.03683,94.878746,-8.947677,-1.1777596,0.6742588,6.039548,-2.3854887,1.0785618,-16.095068,-8.844742,-4.788975,1.5501403,-1.7423258,12.282283,1.4721881,0.67694926,4.9172745,-1.8584884,-2.738069,0.50025564
1766-99-4.wav,Car_Sound,2909.8682995907207,0.1715334853684971,0.009516256,-272.5081,71.94211,-33.27724,8.177885,-9.784064,27.091526,-0.90990543,19.254414,-6.0512624,-2.6671853,-2.0267768,11.539874,-6.4269814,12.512048,-5.037902,-2.4956095,2.5213056,-2.4852412,-0.756685,2.0361686
1766-991-4.wav,Car_Sound,1947.0445845434879,0.09524024566473989,0.04202326,-156.42108,117.37347,-14.473133,12.092244,-8.540996,7.37673,-3.9207993,8.348107,5.840342,-1.5325089,-2.1183414,-3.2965155,-10.64784,-0.8520874,-3.4595287,4.9858255,-1.2147118,5.992831,-2.2840607,0.2763943
1766-992-4.wav,Car_Sound,1559.288569091836,0.05339764721820809,0.24001497,-35.47762,130.55032,-24.406057,20.862993,2.17481,19.049265,5.7688746,10.844906,8.717498,14.978637,6.8575435,10.167536,0.73118705,4.572394,0.9788986,6.12745,0.40593323,2.2420595,-9.31228,-5.7126403
1766-994-4.wav,Car_Sound,739.4347269656636,0.057250270953757225,0.03875061,-390.12997,175.91492,-1.7540472,33.53043,27.09305,22.056335,11.05506,5.3878846,6.2940054,19.887934,17.953579,0.4286797,-8.719359,-3.1396222,9.368717,8.950837,-8.147211,-10.771996,4.9390078,17.712433
1766-998-4.wav,Car_Sound,918.6995370647008,0.013765015354046242,0.036756106,-334.5662,159.47742,-0.39426127,3.0278223,25.847574,7.385185,4.944926,17.391449,-7.4424353,6.1716247,3.579127,18.411251,9.30196,9.311871,-3.7109509,5.514973,3.9089253,6.0877123,3.850188,10.733468
15_11501.wav,Gunshot,2424.4798134415887,0.06096959997106482,0.01596239,-516.4312,24.920097,-6.0650005,7.325573,5.6862254,4.1958036,2.7123952,3.4068396,1.6845422,2.8635774,1.7326579,1.8727499,2.2836165,2.4975467,1.1078775,1.9693992,1.0095588,2.327455,1.1436691,1.4980232
15_11502.wav,Gunshot,1509.3287816722745,0.07621708622685185,0.030562142,-383.17035,62.10808,-8.474208,-15.421099,-12.671304,-10.840151,-9.005147,-2.6268952,-0.48240584,1.3990393,3.0397482,3.3503768,1.8398033,2.0171993,0.89592236,1.7771513,1.4966515,0.5363423,0.4751083,0.757623
15_11503.wav,Gunshot,1420.1686181141688,0.05278184678819445,0.00480312,-573.2983,105.951225,-2.795917,9.776428,-3.3646636,-0.5046394,-3.811651,1.2340025,-0.38705134,3.2575574,6.3674107,9.917121,10.847271,9.601524,6.736311,6.096396,4.1461034,6.497354,5.6211004,4.1754794
15_11504.wav,Gunshot,2573.467072073607,0.11832230179398148,0.013756001,-576.0656,54.17864,19.341196,14.73758,11.530158,4.216858,4.977389,6.105656,4.729134,4.819657,3.9645252,2.0144117,1.4568193,0.540466,-0.3291457,1.1334323,2.7252767,2.569351,2.2337122,2.3060696
15_11505.wav,Gunshot,677.3127578005553,0.014992042824074073,0.0035844566,-676.7814,102.80646,31.46641,23.101122,13.196294,12.114565,10.565538,11.67043,8.900788,10.061573,12.75929,15.590685,15.893885,14.50849,11.923641,9.815977,8.222236,8.106311,6.064346,4.656574
15_11506.wav,Gunshot,2165.850488324333,0.09446885850694445,0.0012064286,-680.8313,91.716515,-0.446358,-0.33221832,-1.7533679,-6.1514435,-6.191953,-5.7402954,-7.4897337,-3.567615,-1.0330671,1.659436,1.9680964,0.9901146,-2.0888662,-2.1843567,-1.9838936,0.07933373,-0.801564,-1.5883735
15_11507.wav,Gunshot,1577.0951594127519,0.051947699652777776,0.2738404,-121.80899,130.66945,27.020437,8.94243,-2.219105,-2.1139014,-0.992262,-5.4586005,-4.403023,-1.5971533,-1.1552097,1.7710959,2.9083576,7.5351768,5.7128057,3.6129184,0.9522523,6.3939304,0.86005867,4.5816884
15_11508.wav,Gunshot,3263.677205093236,0.1401028103298611,0.0026303437,-685.7382,39.47548,-10.650665,6.983857,6.994553,5.4925275,4.4698486,5.603194,1.5932246,2.8291242,1.3414661,2.776846,2.0170195,1.8124369,0.44624647,1.9360808,1.4702337,2.4174714,1.1319449,2.2118127
15_11509.wav,Gunshot,2059.9241872646153,0.07349310980902778,0.010058035,-373.9179,100.71473,-14.3583145,15.066088,1.1110154,24.451717,18.070738,11.84062,6.7268543,10.985286,10.384935,8.346329,6.105044,7.06912,5.293834,4.444061,-2.5273225,1.6283097,1.2842337,0.2056515
15_11510.wav,Gunshot,1300.6760770890517,0.06690583405671297,0.03335832,-351.88644,112.24926,-7.2314305,-7.8481755,0.6976174,0.32585964,-2.403856,1.1725781,2.7235458,3.2905252,2.3781598,3.9534206,4.5513616,4.197086,4.1878967,4.7352204,3.9352093,3.8603044,4.335731,3.585464
15_11511.wav,Gunshot,2481.78426083982,0.0824291087962963,0.016616687,-498.11188,93.160736,-0.34259033,10.615468,6.412431,5.2564235,3.3761814,7.0258527,4.7991753,5.0569744,2.4081562,3.693345,3.3051624,4.261066,1.8426799,2.7490375,1.7143,1.5701047,-0.19212243,1.1682081
15_11512.wav,Gunshot,3474.8561027184337,0.20923303674768517,0.028615784,-473.91434,49.35611,-19.62994,2.8783667,-3.4301054,5.9838495,2.8857622,5.958384,2.8544984,5.2080035,3.635011,4.7805743,3.156693,3.290754,1.3940326,1.2252473,0.7406608,1.711782,1.713385,2.1672595
15_11513.wav,Gunshot,4289.074362095485,0.35123923972800924,0.055660535,-354.16092,40.82971,-1.2018805,11.579651,-2.901462,-1.6428869,-2.8153508,0.50283027,-1.8730048,4.380086,0.20778783,1.6891607,0.51395345,1.3142015,-2.025933,1.440171,-2.2308345,0.6808407,-2.6336334,1.2102537
15_11514.wav,Gunshot,2155.572134083248,0.07512749565972222,0.13520887,-164.96014,91.7664,9.6106,16.826462,4.0045414,3.9083643,-8.363923,0.041416876,-7.49234,4.7283335,-0.50951266,4.95289,-0.9077432,-0.30061814,-3.6475744,3.73155,1.9774809,1.3176936,0.32035673,1.1756293
15_11515.wav,Gunshot,2339.8334571636947,0.13592077184606483,0.0048342855,-557.18835,62.666294,-4.685028,3.366537,0.26258227,0.45203426,-2.5834973,-1.1890161,-4.389084,1.727181,1.9691038,2.3604283,4.7021985,3.5228345,-0.21636038,1.013839,-0.5419001,-1.5779257,-0.0867181,-0.105621405
15_11516.wav,Gunshot,1334.4690603774734,0.053643120659722224,0.05175522,-305.5077,160.99538,-4.799934,2.3728213,10.343184,15.703194,1.1533544,0.89920974,-1.5677038,-0.6317615,-2.7393093,0.14269736,0.59650856,-0.7740642,0.710216,0.841378,0.9991307,0.6398216,0.20489834,0.7415181
15_11517.wav,Gunshot,1960.6444683076038,0.11052788628472222,0.023060711,-378.4556,75.83582,-9.14049,3.1518233,-5.061855,0.6504974,-5.558631,0.64643896,-2.2042954,2.510504,4.295632,7.52835,5.5221386,4.3152804,1.3378991,0.35465005,-1.0307091,-0.09668513,-1.5469804,-1.5868987
15_11518.wav,Gunshot,3132.3146422110613,0.16422752097800927,0.030319193,-405.31235,49.433178,-14.799756,-9.206896,-3.821817,-3.9433446,-2.8205538,-1.4264029,-1.9132329,0.5734089,-0.5810394,0.846332,-0.26490727,0.03378656,-1.2756027,-0.56176543,0.22570215,0.82355994,-0.76381737,0.27599788
15_11519.wav,Gunshot,3094.7199382608756,0.1642523871527778,0.023121031,-508.46326,59.153957,-5.1959577,-2.7243764,-2.3708928,-0.8984605,-2.7350054,-1.0340966,1.4341888,5.3787866,2.1578066,4.404842,3.6133373,3.902702,2.0052085,3.2824094,1.787496,1.7221702,0.3534409,0.360598
15_11520.wav,Gunshot,2413.178754634301,0.10603615089699074,0.035882577,-374.7929,66.02272,-14.983695,1.8842652,2.4031932,4.801182,-0.047762554,2.0360813,0.7571438,0.8681554,-0.061201733,2.2742326,2.1166637,4.4371243,1.0923167,1.7267998,1.4558731,3.45973,2.7920694,3.5074248
15_11521.wav,Gunshot,1791.612185876365,0.08403184678819445,0.054230437,-227.25325,129.23819,-12.316642,21.106754,5.449803,7.9895844,2.3085904,7.693448,1.4765074,5.4563556,-2.5732331,3.2991412,0.006255609,2.820166,-1.4079528,3.6983337,-0.3878304,2.8597016,-0.2819947,2.235049
15_11522.wav,Gunshot,2641.446180795756,0.14939145688657407,0.040113453,-426.95746,59.24881,4.241392,14.734918,-0.5114148,3.3732333,-2.6860583,-2.143782,-3.6618242,-3.6418488,-4.353232,0.811013,0.8197033,3.09709,0.9754348,-0.7231834,-3.797139,-2.7729344,-4.012926,-2.0378454
15_11523.wav,Gunshot,2801.216179383025,0.20036033347800927,0.034196623,-288.8393,79.948204,-61.156265,51.844234,-22.316809,24.14813,-21.236233,18.579798,-12.393462,5.472674,-8.227334,5.1969204,0.26894563,-0.81149393,4.1855335,-2.6268344,3.3052871,-5.243841,4.795919,-4.8118067
15_11524.wav,Gunshot,1470.8934124602465,0.07765932436342593,0.021872904,-369.89194,123.54546,-5.8866434,-7.638798,-18.053417,2.7412279,4.6818004,8.43771,3.374222,0.38297123,2.0282636,5.0800953,1.5645828,0.48011053,0.20324583,1.4067322,-1.1507486,0.20759098,-0.6746712,-1.1769307
15_11525.wav,Gunshot,1873.6388827079963,0.08410192418981481,0.010206982,-417.4108,108.780334,-4.151446,-12.557466,-25.237663,10.773286,-12.346067,3.2691693,-0.16795501,3.6987112,-4.6267004,-0.16334389,-4.680632,2.667455,-11.689344,1.3951231,-7.535291,-5.193984,-10.21541,-0.49802005
15_11526.wav,Gunshot,1221.2231182356884,0.060234917534722224,0.0036657094,-467.3618,168.34668,-4.6706686,-8.825997,-4.510391,-0.46457863,-8.612937,-3.2257452,-2.426302,-2.346124,-5.0216365,1.1049826,-3.599199,2.4444845,-1.6242422,0.55233043,-3.692568,-0.49338984,-3.832866,1.0429534
15_11527.wav,Gunshot,3511.4172690434693,0.12946686921296297,0.012954203,-392.35583,44.62785,15.401328,20.035372,8.649451,11.495109,4.4341974,8.591004,6.228393,11.195273,6.5713344,8.134033,2.4295397,6.4527545,2.9910624,5.1595516,0.20026323,3.866815,-0.64033824,3.192276
15_11528.wav,Gunshot,3560.132430427765,0.18250641999421297,0.0016389398,-744.98785,42.928394,16.988363,47.53462,-0.8630891,23.044516,3.6973042,9.713493,8.683199,-1.1647449,7.7508297,-5.184759,-0.19310278,-3.464627,-2.0815644,4.271674,-2.305282,6.500239,-0.74860436,3.2700357
15_11529.wav,Gunshot,1706.234023611191,0.06456163194444445,0.012198644,-526.8674,69.2944,-1.4123787,13.931246,8.984721,10.670686,3.5456452,2.4273732,-5.6447945,0.52759945,-0.61311597,2.0897582,0.5352645,0.63866735,-0.85116464,0.7338025,0.9552929,1.3519499,0.77849287,2.9983294
15_11530.wav,Gunshot,2783.130734646058,0.2148460105613426,0.07392594,-196.64374,75.26105,-14.303107,7.3941617,1.1149173,1.7731093,-8.405787,0.74307054,-1.7152121,2.9243555,-2.0050566,4.271248,-0.92851835,-1.6799607,-2.223078,4.192373,-2.3617342,-1.6059542,-2.4016223,0.75485736
15_11531.wav,Gunshot,3785.054906280487,0.3167747214988426,0.05534264,-355.37146,41.23498,-14.666119,14.238628,9.514034,7.1511207,2.3275638,7.0155663,5.81597,4.46159,2.1090624,2.2461581,1.922263,2.546699,1.1552883,1.3455976,-0.09280562,0.9740128,0.8305787,0.77111393
15_11532.wav,Gunshot,2880.866340392115,0.19590476707175927,0.02914321,-347.87543,66.04283,-7.8286386,5.939718,-13.965648,-1.2384146,-17.864986,-3.7923634,-8.641215,-5.8798347,-8.7765875,-2.1312604,-12.295819,-2.0018015,-7.9016294,-6.923887,-2.6603484,-6.375521,-2.8248186,-3.9456546
15_11533.wav,Gunshot,1750.271746451668,0.07597972728587964,0.01515559,-480.55115,51.474632,5.217257,-0.6195248,-3.464551,-1.1537719,-0.2448811,2.2488658,1.7898712,2.0483217,0.2718153,1.8905233,2.4241197,2.9250753,3.5697067,4.2745523,3.1073368,2.9145336,3.0127,3.2431934
15_11534.wav,Gunshot,1394.593127998127,0.08173511646412036,0.033550523,-302.1261,152.6044,-28.855997,-13.900792,7.075085,3.4221315,-4.2965646,0.58361787,5.28576,6.7544465,4.504553,5.696619,6.276584,4.6251264,3.6613429,2.293618,-0.6693389,-0.06370333,-1.3072937,-1.8922195
15_11535.wav,Gunshot,1113.0085329616106,0.057981137876157406,0.05870471,-333.47858,158.72044,-46.47527,2.6721754,15.45671,-21.542576,2.8808868,3.1960053,-4.0004525,-4.770465,-1.4599665,12.540312,-3.699188,2.2940378,2.3200028,3.050471,3.7432315,1.4601172,1.9029498,3.620321
15_11536.wav,Gunshot,3250.661999690724,0.2390114113136574,0.02689838,-417.68777,58.50673,-31.369438,9.702513,-10.161312,-5.380889,-6.296285,-3.609662,-8.903486,-2.5452168,-7.566213,-3.5634196,-5.264023,-4.249688,-6.7044554,-3.921362,-4.8047724,-2.7211637,-4.4543653,-2.2709093
15_11537.wav,Gunshot,2041.1209002302742,0.16270164207175927,0.0626128,-340.9259,112.23119,-50.98367,8.601148,2.430889,9.196494,-3.7317464,1.3586957,4.854839,2.1989627,1.9739391,2.8069825,2.6391132,4.5227213,1.2043295,1.761564,0.30737078,2.5727246,3.770761,3.5983145
15_11538.wav,Gunshot,4174.575622827327,0.3825208875868056,0.037591774,-425.8162,50.50718,-20.220215,0.8462954,-7.7820673,-1.6898555,-6.002186,1.6576662,-4.7703757,3.2772725,-2.6053104,2.8566697,-0.9475654,2.4798427,-1.3226787,0.32752115,1.250544,-0.19856071,1.1931367,2.1691737
15_11539.wav,Gunshot,1805.8282081926677,0.07381637008101852,0.020301513,-461.46033,91.722694,12.188351,23.794146,9.061152,11.264923,8.32384,3.4373348,2.5942607,6.196636,0.83655804,1.1700538,-0.013402303,2.908153,3.3444614,-0.7575589,-0.9189064,1.676317,0.48716807,0.6017579
15_11540.wav,Gunshot,1396.1171813379003,0.10150372540509259,0.013634806,-428.01566,86.85089,-6.406665,-13.113979,-0.6999424,-2.203616,-5.4303703,-3.0529654,-2.1176546,-2.6192079,-4.480287,-4.9029875,-5.6559825,-4.608593,0.18435653,3.9852617,1.3444612,-1.279175,0.115856916,1.8059411
15_11541.wav,Gunshot,4957.272716818207,0.47017189308449076,0.20384008,-267.10855,51.175674,-3.7801187,-6.748878,-6.3191743,-8.863415,-7.8333097,-10.127814,-9.780732,-4.269566,-6.598791,-2.9499211,-3.581456,-3.7106955,-6.16417,-0.61526644,-4.1923375,-0.22352314,-2.2831807,1.621499
15_11542.wav,Gunshot,1150.3850495757945,0.05602575231481482,0.0028621326,-554.78973,174.7095,3.6640425,-6.49201,2.1290922,-2.3016264,-6.110295,-3.905121,-5.684381,-0.8300004,-1.4879494,-0.026242575,1.525073,1.0990568,-1.6063857,0.95131844,-2.2417834,1.2064127,2.1580458,0.6869905
15_11543.wav,Gunshot,3651.911452478935,0.27207664207175924,0.08737128,-246.66582,57.51995,-20.5439,3.382381,-8.671506,-0.15930434,-11.754155,-8.729875,-13.368748,-8.81505,-13.816174,-8.29788,-11.738591,-7.837711,-9.604005,-7.161808,-8.779096,-5.988555,-8.024316,-3.3144095
15_11544.wav,Gunshot,2262.2485664404508,0.12587257667824073,0.014206164,-410.42148,110.894775,-1.9885564,-19.938818,-24.282543,8.889172,-14.166645,-5.295816,-4.04306,0.057152923,-5.52778,-1.209862,-3.2786152,1.3227099,-9.832049,-0.8941758,-5.470272,-4.28072,-8.378936,-0.7440662
15_11545.wav,Gunshot,2056.8183664673484,0.11888292100694445,0.011994357,-375.99097,120.631775,-14.506409,-10.475288,-35.52173,7.9180593,-21.79315,4.043298,-8.456144,0.6114902,-2.9051542,1.1691613,-9.807055,1.3424139,-11.296832,0.26792392,-10.603649,-5.3555484,-8.536226,-0.57824624
15_11546.wav,Gunshot,805.9303953541261,0.04095911096643518,0.034473866,-375.0173,146.83223,40.932365,14.494839,4.4186716,-0.048843667,-0.24443124,-0.059328645,-2.6284227,-1.228536,-3.4453046,-2.148122,-3.1155984,-2.7799747,-3.2834988,-3.1946504,-3.2225204,-3.6292098,-2.20375,-1.3870053
15_11547.wav,Gunshot,1330.812080146545,0.07056116174768519,0.03573531,-363.2006,81.81701,-5.6341496,-2.1456017,-8.639672,-3.8392384,-3.6962912,0.27947992,2.0237994,2.672713,2.0522668,3.4313452,0.42079318,1.9433551,2.4290013,1.241217,1.5894057,2.297325,2.6702585,2.554841
15_11548.wav,Gunshot,1262.2532758061297,0.08117223668981481,0.01247114,-480.14685,84.73394,-5.6829457,-24.782263,-14.144744,1.7648522,3.107644,1.1994746,-1.3876054,-1.0259204,-1.739321,-1.574958,-2.4649923,-1.8992416,-2.2195287,-0.7672051,-0.87352675,-1.6288068,-2.4345815,-2.9562898
15_11549.wav,Gunshot,989.1784765549754,0.03406213831018518,0.017417215,-440.1755,84.994576,25.537687,19.891994,11.807714,11.332104,7.9334464,9.5548315,6.8364925,7.308044,6.167223,5.132878,2.2088335,2.0840278,0.7983393,0.97785676,-0.22104397,-0.9477468,-1.6996073,-0.80985045
15_11550.wav,Gunshot,2696.9162586064567,0.16463442201967593,0.026828088,-339.79318,67.254265,-22.163624,-6.7718806,-3.9100933,-1.1019937,-7.064137,-7.957596,-11.615691,-9.614131,-9.36334,-6.681864,-9.017478,-6.0203576,-6.6572113,-5.019555,-2.685077,-0.39178118,-2.6314483,-0.9361622
15_11551.wav,Gunshot,2509.3761452450426,0.1405097113715278,0.019601632,-361.15915,79.93277,-26.254318,-11.8666,-8.937224,-3.395048,-6.230013,-4.8261027,-8.118473,-8.264692,-8.523609,-7.213537,-9.973219,-8.489253,-7.4501824,-4.409934,-4.1817503,-2.7960515,-3.3077917,-1.0409551
15_11552.wav,Gunshot,916.278118996975,0.02216706452546296,0.048292574,-377.2783,134.31839,-0.775767,-21.886162,0.9970979,10.84739,15.635871,22.09239,10.503762,15.921446,1.3759223,7.518145,7.2200785,8.531378,4.7051935,3.2910168,5.6868024,4.5868526,5.1474338,7.0362062
15_11553.wav,Gunshot,2208.8708002902354,0.0795604564525463,0.17845437,-180.61162,56.628475,12.545489,35.629765,16.00481,22.77125,11.821484,16.430548,7.155603,18.563622,2.5033615,19.126295,5.4851933,11.311632,6.4797206,7.112794,3.886183,3.7301364,1.8938658,5.9611025
15_11554.wav,Gunshot,3212.9319880197227,0.16867856626157407,0.11469545,-224.40471,16.230343,-13.704643,28.93698,9.250773,13.378417,-0.093324274,7.2608294,7.8925376,16.700064,0.57273275,-2.590624,9.220091,5.8543396,1.4714499,1.7435232,-0.3889789,2.8358004,6.215002,2.071054
15_11555.wav,Gunshot,1417.154820743065,0.04899314597800926,0.08717429,-300.3732,84.73795,14.76154,23.499144,13.424406,12.675395,9.561829,11.369719,8.13335,13.094464,9.939135,11.831193,9.249341,8.033415,4.4282937,6.9800653,0.5887235,2.1467636,-0.10367662,4.9886737
15_11556.wav,Gunshot,2359.446267926903,0.09614393446180555,0.0778492,-191.39383,83.835144,6.439812,24.743309,-3.6226656,18.125608,0.9633713,10.333991,2.130113,9.103981,4.8542004,10.385663,4.3508244,3.2569406,-2.9949353,-2.5347245,-0.6512653,0.4875214,-3.4944453,-0.66135544
15_11557.wav,Gunshot,3434.8729429217346,0.16702835648148148,0.09189004,-250.60858,37.75034,13.157951,27.022524,9.803945,20.192667,8.553163,10.205365,7.620868,11.14612,3.1201417,9.3923645,3.1597776,4.8986716,1.123708,2.7386825,-2.461995,-1.4435667,-3.4748929,0.3024141
15_11558.wav,Gunshot,3493.6953832541485,0.24229600694444445,0.061983198,-348.2162,45.2179,-10.724256,17.814009,-3.1300888,9.989595,3.6801074,6.409107,6.155257,8.312998,6.6453886,10.243892,6.9659524,5.8352294,6.5372186,6.2021203,3.3610413,2.470108,0.9568012,2.8962758
15_11559.wav,Gunshot,3601.582614666275,0.20290346498842593,0.07983815,-270.48257,25.905169,5.183132,25.099825,-5.8864493,22.845066,2.6912718,9.566985,7.336715,6.970093,2.5753384,8.81675,-0.056473397,6.143025,2.5109723,5.793915,0.9978429,2.1648462,0.24757746,3.8361804
15_11560.wav,Gunshot,3409.6413659567393,0.20903636791087962,0.09137784,-330.57913,15.14845,10.641628,38.258938,21.20463,-2.9754827,13.791323,25.838339,9.697295,2.1932049,15.942267,22.154057,0.110974774,5.4340844,11.252771,9.558513,2.3667853,-3.6604764,11.509042,10.220122
15_11561.wav,Gunshot,2939.762122031762,0.11662235966435185,0.0060178046,-606.46484,20.403713,-5.530085,-1.7317789,-0.06652783,3.9807117,4.3780403,3.1111126,1.6623408,3.0991516,4.238006,4.8399563,3.1608691,2.646703,3.200242,3.6647563,2.371519,1.4436349,1.2764013,1.8565606
15_11562.wav,Gunshot,832.0577868467083,0.024393717447916668,0.09883157,-327.62775,125.68159,24.232336,22.041393,10.89109,12.8638935,7.3818645,8.545672,7.503387,8.999767,5.7729716,9.548872,6.326298,6.839498,4.9203887,4.177569,4.8547497,3.7196577,2.1077528,1.5482596
15_11563.wav,Gunshot,2452.156495176444,0.13194896556712962,0.020254206,-306.22693,91.7312,9.097622,-0.34875628,-25.886076,-16.95247,-19.61018,-14.950371,-15.791547,-13.632415,-16.947592,-12.270183,-17.64958,-9.667415,-16.742645,-13.232557,-11.245687,-10.322444,-16.441492,-9.11112
15_11564.wav,Gunshot,2674.044811219904,0.1662529839409722,0.039285846,-408.09396,33.495552,-3.3551624,4.432552,-0.25676835,2.002338,-1.7057192,-1.1842012,-1.7557479,-0.0012965202,-1.221836,-1.0945745,-1.7493341,-0.2945359,-0.33261102,0.51342684,-0.31247267,0.0071365214,-0.5753387,0.34987435
15_11565.wav,Gunshot,3550.5663884786513,0.3177806712962963,0.04435596,-386.7463,78.61219,-18.1992,16.853256,3.0551844,4.916149,0.63306046,2.9304037,-0.04879962,0.63479036,2.393365,1.8213885,0.28324667,2.5893555,-2.0452824,-1.2965914,-1.1606472,-2.0635881,-1.0571338,-1.1926768
15_11566.wav,Gunshot,2844.249595433214,0.24094419126157407,0.0149482265,-466.2129,87.96758,-19.022621,-24.294579,-27.285454,-1.7003589,-13.16843,-1.3105251,-0.29100797,-0.04082136,-0.160799,-0.7165943,-0.93797785,-1.6880655,-4.32536,-1.1864251,-2.9501953,-5.3115716,-3.0318782,-2.212869
15_11567.wav,Gunshot,4048.715419861528,0.3489515516493056,0.10512352,-334.1683,51.718716,6.815441,18.822031,4.6833835,7.609668,4.6202116,4.8134084,1.948359,3.464629,2.624972,2.9634027,1.5493983,3.2085235,1.6292659,2.773422,0.81790006,1.946494,1.0857717,1.7327089
15_11568.wav,Gunshot,602.5332317093498,0.02751781322337963,0.04006693,-368.73343,125.681046,43.569035,15.745281,5.6828694,5.6968274,2.4585168,1.02161,-1.2367175,-1.2327185,-2.762978,-1.993491,-2.2359202,-0.88445634,-1.8353286,-2.5962145,-3.3577547,-1.3136628,-1.2910014,-1.4332163
15_11569.wav,Gunshot,3481.087719779928,0.2720043041087963,0.010007125,-430.39337,81.48876,-10.189097,-15.903212,-23.129166,3.1987054,-19.073305,4.2919006,-1.9629287,1.7511404,-1.3080804,7.079991,-5.9361296,2.8728032,-14.254328,-3.0880663,-7.9244437,-2.9876697,-10.400057,-1.1203166
15_11570.wav,Gunshot,3526.364740208632,0.3319046585648148,0.02192392,-415.68875,98.86289,-74.541756,7.309415,-2.5764494,-14.524046,-6.264063,-5.5180173,-8.917113,-1.979225,-5.925012,0.96527237,-4.3832498,-1.5239158,-4.533522,-2.9995718,-4.7656617,-2.3066657,-3.7319238,-1.8343275
15_11571.wav,Gunshot,2311.5374844950616,0.11574074074074074,0.08030019,-308.77887,62.39954,-27.119596,1.347734,-2.9878795,1.5678468,-1.0220746,1.6808062,-0.65900844,1.5580249,-0.2494112,-0.35012034,-1.3240765,0.80197835,-1.0862406,-0.85695505,-1.3072418,-0.6122315,-1.5119718,-0.0039834003
15_11572.wav,Gunshot,1721.2195018653133,0.09641972294560185,0.063516274,-234.59784,138.65164,-40.565193,-9.812779,-23.723145,-9.924379,-8.7273,-5.3348536,-14.898767,-5.420193,-2.4708552,-5.000251,-9.997392,-1.4624457,-4.056434,-5.3267407,-4.8773003,-2.485296,-5.7071476,-2.4657214
15_11573.wav,Gunshot,1234.5426655510437,0.11003508391203703,0.05023415,-390.24838,201.18248,-18.856344,-39.683235,-25.851494,-45.459152,-37.170902,-35.06946,-36.87878,-17.823938,-12.908486,-16.98397,-9.152962,-1.2228614,-0.36988223,-9.331535,-14.890007,-3.2269773,-0.8761122,-13.021981
15_11574.wav,Gunshot,6005.916505008537,0.5613312897858797,0.007983608,-580.2048,20.292305,-1.2209038,2.5344923,-5.1445518,-0.4456902,1.5946956,3.1267638,3.753867,4.784023,1.7424302,4.151221,0.9139573,1.0189133,-0.3062059,1.1597112,-1.1071553,1.2096118,-0.5343226,0.5506616
15_11575.wav,Gunshot,5184.101038301795,0.4997242115162037,0.0379491,-442.05,53.658394,7.416714,7.037714,1.9496962,2.4873505,0.40483034,-0.32614028,-1.2555796,-0.87100405,-1.2464979,-0.97198784,-1.3178931,-0.9039773,-1.3032944,-1.0091436,-1.0991668,-0.72331834,-0.82644075,-0.1573413
1766-0-3.wav,Gunshot,1427.121008126661,0.05694310011061947,0.02087847,-383.8466,128.0813,29.695759,18.477648,-6.3042073,0.6206941,-2.917826,5.958186,2.5473633,5.0510955,-1.9341486,0.71510345,2.3239386,10.807031,6.086881,7.521429,6.1013703,10.280021,6.0366445,6.358458
1766-1-3.wav,Gunshot,1490.8251344129112,0.09017764820772059,0.06546464,-231.83861,164.08502,-54.874767,-22.973333,-30.495756,-17.260267,-14.079837,-3.991483,-3.7816935,-0.037753105,-7.141178,-3.9274607,-4.5107217,-4.6384563,-6.743149,-5.5410056,-8.959418,-4.183371,-9.261249,-5.188613
1766-10-3.wav,Gunshot,2540.4299236260663,0.07863071986607142,0.048842765,-312.29608,59.76708,-23.670416,-1.9137498,-14.9205885,6.0971174,0.07441882,8.58624,3.69561,0.67687607,-0.7963382,3.998522,-0.3447122,1.5398695,-0.2751382,4.278562,-0.48238966,2.5253675,-0.28081375,1.3070546
1766-100-3.wav,Gunshot,1267.0151968897944,0.060709635416666664,0.023230221,-411.8013,131.749,3.7007551,13.405032,-11.404618,-4.514155,-12.603411,-8.657378,-8.953057,-6.969829,-5.4551,-1.833641,-4.964941,-2.5508075,-3.3067179,-0.4928065,-4.078688,-5.890228,-4.9629087,-4.3285985
1766-101-3.wav,Gunshot,1708.760324779819,0.07818103227459017,0.10277703,-209.72891,108.75515,-40.122536,15.513896,-14.1523695,15.858315,-1.178546,9.339171,-4.515136,-10.042485,-4.4545784,-3.60947,2.1058514,-2.9129803,-1.01918,4.1114383,3.4229984,2.932485,-0.22865786,7.3273025
1766-102-3.wav,Gunshot,1860.3729489039913,0.08417784492924528,0.12019867,-170.15462,108.84252,-36.974514,22.739883,-14.775303,15.848255,-9.010128,4.5501432,-11.727162,-9.143608,-2.0372791,-3.0183878,0.56578517,-0.3917093,2.4581246,4.583892,3.7655096,3.626228,-0.906252,5.0837684
1766-103-3.wav,Gunshot,1797.6489815723705,0.08408675655241936,0.10150916,-198.64613,104.06758,-41.0688,15.977378,-13.875587,14.423139,-6.279821,0.91643155,-11.187824,-11.440861,-2.2714324,2.0875988,3.6522975,1.3091753,2.5899348,3.9515016,2.667486,5.436994,0.3341966,4.14261
1766-104-3.wav,Gunshot,2118.9561627255075,0.06826171875,0.024094194,-427.2543,61.68123,0.56958133,6.8832045,-10.16429,7.5357156,2.1972835,2.1530383,-4.030713,-4.151835,-4.547231,-0.7933246,-3.019605,0.9062169,-0.8248305,1.3926796,-1.3739638,-0.9354383,-1.0912592,-0.43689474
1766-105-3.wav,Gunshot,2366.42940887648,0.122509765625,0.019058969,-417.54352,67.921616,-4.5243783,6.0406427,-12.722677,5.8107595,0.2962223,2.1777048,-6.5197883,-4.3066096,-3.4794374,-0.07187507,-5.170446,-1.5362489,-1.651825,1.1974077,-2.6171808,-1.035251,-1.768795,-0.79583216
1766-106-3.wav,Gunshot,1912.5370959411036,0.09656396766618497,0.20125782,-23.991138,136.59993,-42.775703,9.798125,-14.550169,-0.8014003,-11.373124,-3.8072877,-9.698195,-2.074838,-5.6379933,-1.8225594,-4.3961315,0.30745152,-4.426156,1.5590729,-3.0274467,0.9786315,-1.2832685,0.4760869
1766-107-3.wav,Gunshot,1733.5105157408102,0.08863292539739884,0.20123042,-34.30957,149.63214,-43.046997,12.003438,-13.904124,-1.4228446,-12.172137,-4.4716945,-10.84132,-3.9685156,-6.110729,-3.5725698,-4.7262096,0.32130003,-4.0162034,1.2772232,-2.357393,1.9019032,-0.6643578,0.91763604
1766-108-3.wav,Gunshot,1486.0508769443893,0.07477152122641509,0.22358602,-39.852604,166.3497,-40.419746,21.325485,-6.052912,1.3738623,-11.405601,-2.9938807,-6.2415886,-4.7799773,-5.4881544,-2.0360484,-4.631735,1.27202,-5.7613754,2.0608926,-1.6714296,0.91354537,-1.1951395,-0.39297226
1766-109-3.wav,Gunshot,1412.3124951211569,0.0744873046875,0.22249493,-43.926735,175.24385,-45.70394,10.545292,-17.921146,-2.623136,-10.017899,-1.7318943,-9.394285,-6.1815023,-6.183469,-1.6313187,-6.3490577,-1.1978528,-6.1806436,1.2735525,-2.8928292,0.78806794,-1.4147669,0.5692918
1766-11-3.wav,Gunshot,2684.3291055494506,0.20780304939516128,0.106723875,-123.36983,85.17085,-117.37916,54.00633,-37.14219,23.649948,-33.34758,15.207632,-20.997255,4.5147724,-14.503507,6.327281,-2.4097095,0.74877685,4.170508,-3.302242,7.115043,-10.674586,9.132276,-10.275411
1766-110-3.wav,Gunshot,1555.544712479531,0.0816416638962766,0.22327803,-29.545307,159.8201,-41.651012,13.631456,-12.092286,2.595815,-8.510074,-1.9926487,-5.2330885,-2.7642498,-4.7207413,-2.1371899,-3.8940823,1.1425412,-6.4097867,2.3436644,-3.5289547,-0.18395217,-3.0496676,-1.2887799
1766-111-3.wav,Gunshot,1901.8910182829813,0.09385718368902439,0.20985316,-18.644922,137.17007,-36.191082,10.498024,-12.384611,1.2810862,-9.613047,-2.588724,-7.323337,-2.0876775,-5.4279823,-2.326954,-3.5720425,0.8407834,-5.287963,1.8382496,-3.2574828,1.1443962,-1.2292045,0.6336104
1766-112-3.wav,Gunshot,1759.0939494106576,0.09264605978260869,0.21396342,-19.265522,143.13751,-42.611977,6.683313,-13.440481,-2.417479,-12.524581,-2.9737601,-10.785881,-3.2840948,-6.148108,-2.9087462,-6.3782096,1.7512339,-6.2333455,1.4677575,-3.4012907,0.9565914,-3.2243116,1.0102004
1766-113-3.wav,Gunshot,1997.432692676883,0.09923963601878613,0.20438515,-19.526701,132.81905,-40.113857,8.35053,-14.208458,-0.54773515,-10.639402,-2.8365803,-9.463805,-1.9165064,-5.369296,-2.250477,-3.6850092,0.17173593,-3.7654028,2.193702,-2.5928233,1.7390795,-1.2432951,1.2230272
1766-114-3.wav,Gunshot,1623.684441125814,0.08884784962871287,0.20994073,-28.83553,153.56398,-52.098156,6.500939,-20.408619,-1.3725605,-13.633509,-1.6557703,-12.241466,-4.0218205,-6.7043204,-1.8959169,-6.9649224,0.35618588,-5.561828,1.0167204,-3.4655352,1.3327116,-2.654804,0.8979533
1766-115-3.wav,Gunshot,1781.1483328387164,0.10248378537735849,0.2079843,-28.246819,145.20082,-52.9547,0.49389416,-23.519535,-0.05609695,-10.191119,-4.0879397,-12.913348,-2.5651674,-4.367553,-3.8251188,-7.650715,0.9777031,-4.971658,0.28409904,-2.247387,1.346726,-1.8374996,0.78999585
1766-116-3.wav,Gunshot,3620.3996766004802,0.21830001531862744,0.12172054,-101.32855,48.655804,8.514834,13.20593,-6.3833704,11.754987,3.312462,11.682147,-0.5429952,5.8041906,-0.58115834,4.0512176,1.3111684,4.6916943,-3.1833484,-0.77070445,-4.653564,0.2990176,-2.4695733,1.4217525
1766-117-3.wav,Gunshot,2355.0395856236946,0.17861106178977273,0.20208055,-191.9729,66.21474,-123.707855,-11.569453,-73.427704,-27.359642,-42.979088,-5.231508,-13.977719,0.59609663,-5.9596424,-4.1543126,-0.59539026,-4.525411,2.8329012,-0.3494644,6.522465,-5.8837814,3.8939567,-2.2210376
1766-118-3.wav,Gunshot,1630.9841815403618,0.03852696572580645,0.05052801,-376.0671,34.30818,-2.420201,14.352859,5.31145,-3.2051992,-5.7800007,3.4228125,-1.5310074,1.5612301,1.2527999,1.2092813,0.45189354,4.2372475,1.9557761,4.7671156,3.919621,5.735277,4.5632052,4.203876
1766-119-3.wav,Gunshot,1939.0760585609094,0.121736052852349,0.010016087,-456.81775,94.585915,-20.399807,11.700979,8.229088,6.5820837,2.0353446,7.683197,3.0856051,5.9781427,-3.254253,3.415487,2.4484942,4.628749,-1.3530996,3.069238,2.9839885,-0.55045027,-3.5557969,0.5748089
1766-12-3.wav,Gunshot,1029.0681541528486,0.007736732219827586,0.00922723,-609.1393,58.520206,-2.7306237,-14.45225,-15.857566,-6.031881,-4.7928553,6.6623144,8.881486,6.996712,3.7907596,8.552736,12.855186,9.341534,6.1495624,7.487807,7.2331324,6.360038,4.4021597,6.450778
1766-120-3.wav,Gunshot,1572.2460667770733,0.08032085440751445,0.21366993,-39.644848,160.88322,-39.604187,16.373436,-8.991744,-1.4237212,-11.574377,-4.020955,-9.436321,-4.660251,-6.0356693,-3.144259,-5.009642,1.3933465,-5.009932,1.8889282,-2.2679856,1.4997319,-0.9481012,0.68217087
1766-121-3.wav,Gunshot,2166.4114170677126,0.10310872395833333,0.010004568,-297.98,111.78586,-13.342755,-0.47639441,-4.480701,3.5661767,4.176608,4.360375,-4.096953,3.4520369,-0.7844059,2.0675383,-0.33565453,1.4151446,-2.1904047,2.0748312,-0.8637805,-0.23068798,-5.617145,3.3984764
1766-122-3.wav,Gunshot,1057.3552994028637,0.05194240663109756,0.017735222,-378.53802,183.83562,-23.620758,12.53811,12.389941,-2.4729593,-5.950537,-0.6003278,-7.8207426,-7.2114763,-3.3068767,-2.1358724,-5.703231,-1.5641958,-1.6392256,-0.16438214,3.5303943,6.7925005,5.3234925,4.964606
1766-123-3.wav,Gunshot,1957.1163587420144,0.09803185096153846,0.01645866,-342.70038,118.01757,9.163106,35.562386,-33.875523,13.940177,-16.447758,-11.255663,-8.57913,-13.669931,-3.9585872,-8.102625,-4.8743267,3.6321008,-1.3663386,0.9182054,-3.1910756,0.64487654,-10.269114,-6.815475
1766-124-3.wav,Gunshot,3728.848783401977,0.2431160348360656,0.12210597,-71.62982,48.50824,16.003323,14.764574,-4.4220166,13.422497,3.7329113,12.368216,1.1188071,6.802275,-2.924407,2.1183884,-0.4389554,5.89481,-3.6247675,-2.3310618,-5.9023213,-0.6600813,-4.5519567,0.21545202
1766-125-3.wav,Gunshot,2773.5994881542556,0.1740780784970238,0.04568394,-298.52127,73.27838,4.7450113,2.110725,-8.429614,3.6617188,0.7666914,7.6988425,1.7028284,3.2513566,-1.1515927,0.76441747,-1.1451511,1.6031011,-3.4370604,-1.5856965,-4.5008764,-1.0629933,-2.9667008,-0.6027404
1766-126-3.wav,Gunshot,1904.1685236280841,0.11362360811781609,0.19817495,-0.59300154,123.04408,-48.054756,7.414758,-9.685692,-0.573785,-9.263165,-0.13200271,-11.626567,-1.9373847,-6.061141,0.7493683,-7.179997,0.64682597,-4.612902,2.0986166,-2.987912,0.48908326,-4.367888,2.388297
1766-127-3.wav,Gunshot,1941.0443870287183,0.07140365911989796,0.08403788,-241.73279,104.69579,9.51471,15.357814,-2.1442666,9.446096,-5.146068,2.9902742,-1.5451386,2.285627,0.28340876,4.6743054,2.5776532,4.350154,1.4152579,2.0971413,-0.58874077,0.7626401,-0.935228,0.2077559
1766-128-3.wav,Gunshot,2072.4553582336416,0.12518136160714285,0.2081062,7.981638,113.07759,-44.147034,4.586175,-10.795443,-4.681318,-10.046055,-1.7523971,-13.184521,-2.670642,-7.2137213,2.8532093,-6.7433004,0.38496983,-5.1322546,3.1068964,-4.111153,-0.3715441,-3.45202,1.9692148
1766-129-3.wav,Gunshot,2402.6135584493272,0.1150173611111111,0.08304564,-271.02924,106.3623,2.8892913,-6.6389103,-9.630226,-9.278718,-1.5043467,5.546279,2.325528,6.268842,-1.0730283,1.2434838,-2.5242617,6.42184,0.6496014,0.952698,-0.89492536,3.8711336,0.39222986,1.2757266
1766-13-3.wav,Gunshot,3033.5157255268036,0.23992638221153847,0.11008383,-115.26612,75.02316,-122.68552,59.0849,-43.71053,28.603546,-39.749146,19.992092,-20.220442,3.5185027,-12.841959,3.8487988,-2.7523353,-1.7939779,3.529826,-2.066441,3.109324,-4.7164645,4.1271496,-4.82342
1766-130-3.wav,Gunshot,1529.5867494976349,0.08852713448660714,0.19862281,-38.620884,156.62009,-54.268883,6.163525,-18.365278,0.600953,-12.006514,-3.3060634,-12.339261,-4.937032,-7.210312,-2.4862008,-7.6705575,3.1041913,-6.1996965,1.3349898,-2.4079628,1.3213656,-4.119929,1.0017956
1766-131-3.wav,Gunshot,3176.193545592182,0.16952572228773585,0.11719053,-120.5903,64.878334,7.931147,8.754734,-6.790575,10.107571,4.6060376,10.212163,1.1211319,7.262707,-1.8223507,2.744726,0.5896571,4.7755575,-3.0523639,-1.5739365,-6.0233426,-0.5544819,-3.8331938,0.99180764
1766-132-3.wav,Gunshot,1673.3412629180277,0.0677020733173077,0.09140806,-220.16644,129.67604,-6.783045,-1.2525553,-6.161352,-6.520566,-0.25251678,8.3946495,2.8061388,7.632049,0.120745555,3.1723516,0.50949293,7.6655574,1.6798608,0.2510745,0.43244824,5.2391863,0.6072421,2.469418
1766-133-3.wav,Gunshot,2159.189114161391,0.10152762276785714,0.008180885,-309.77484,112.750015,-13.200398,-5.8547187,-4.95252,1.3120178,3.6280658,-0.81969357,-4.35501,7.2363043,0.30988416,0.122609444,-1.0052406,3.4593203,-0.6708528,2.1486266,-5.9379845,3.3345973,-1.6093391,0.49563044
1766-134-3.wav,Gunshot,1774.6473111726223,0.07721292747641509,0.083301224,-241.40306,122.6077,2.815815,-8.839598,-10.97408,-6.637536,-3.0233707,4.5922823,0.43554014,5.4188185,0.9364942,3.9491143,1.1115485,7.43131,4.149451,3.1171277,1.6037207,6.8994865,-0.2805614,1.5431361
1766-135-3.wav,Gunshot,1954.6360475322626,0.046171875,0.05866476,-342.72293,42.267914,-4.8277774,15.163606,2.7954407,-4.050626,-6.2876673,4.829997,-1.802129,-0.9576027,1.307362,2.0440736,-1.7094505,4.2052937,3.3638046,5.5681977,3.6842012,6.7160964,5.2154098,4.121596
1766-136-3.wav,Gunshot,2077.9554179671027,0.09699041193181818,0.01797031,-338.03604,114.08233,27.284346,34.178665,-41.898815,7.300993,-15.333312,2.8568628,-13.466721,3.0576723,1.2551436,-4.282063,-8.152966,-6.9164324,-3.9299722,-8.66498,-4.0917163,-2.0645683,-3.9424703,1.902517
1766-137-3.wav,Gunshot,3263.9130291389065,0.2248114224137931,0.06680826,-183.32098,62.51183,-0.5282935,7.7367463,-9.052482,5.630485,-0.99312353,8.193154,0.700094,4.539531,-2.660243,2.101183,-0.5001034,1.8625824,-4.5383205,-3.3090994,-4.40849,-0.13159284,-4.304473,-0.37481812
1766-138-3.wav,Gunshot,3378.2322359754453,0.20751953125,0.10327323,-157.07564,54.63367,4.298305,9.48594,-7.9347677,8.116756,1.8007946,9.920288,0.32937258,4.0001554,-3.043552,2.256648,0.29356492,4.328233,-3.463531,-1.8652242,-3.214584,0.74522376,-2.9659085,0.021033205
1766-139-3.wav,Gunshot,1568.6640610749607,0.038967993951612906,0.049696133,-375.7444,38.50627,-4.5691967,11.587722,5.4286904,-0.54706746,-6.621082,-0.57066,-2.8478518,0.9473447,3.5148993,4.1287584,0.98145574,2.3212328,3.2641947,5.9204936,2.500368,4.408685,3.9793332,3.9484613
1766-14-3.wav,Gunshot,2696.678528089177,0.20986328125,0.10149351,-135.42004,87.652435,-119.49167,49.63855,-40.067043,21.355848,-36.013683,13.149499,-16.550127,-1.543629,-9.820346,-0.73339206,0.8469541,-2.7289312,4.4413505,-4.2327633,4.3641353,-5.152243,4.578015,-4.029173
1766-140-3.wav,Gunshot,2318.911160710628,0.0561370849609375,0.11752914,-240.56726,54.643986,-2.7406871,19.035606,7.1113434,-1.2987952,-6.9220266,7.5433445,-2.0491588,0.39068818,2.452112,2.7914414,1.7238379,5.277831,1.8967651,8.936972,4.904218,8.707206,4.2655125,4.3222933
1766-141-3.wav,Gunshot,1927.7331204579516,0.11602572737068965,0.05522821,-311.66565,91.200096,-29.769424,-9.975192,-4.8969765,-3.0118372,-10.780122,-4.908623,-1.706173,4.4519825,-0.8883366,1.9777051,-0.084799774,-0.66021043,1.6160195,5.2096553,1.8020412,1.4997329,2.0982,3.1835601
1766-142-3.wav,Gunshot,1354.3944257721332,0.05980113636363636,0.26728657,-35.581142,163.35342,-17.862371,19.962147,-32.183823,-6.4225163,-6.055576,-7.2401304,-15.267985,-3.2867815,-14.788784,2.9718614,-11.960172,1.0419503,-9.624078,1.6476471,-4.433385,-0.33674753,-3.142444,0.2473156
1766-143-3.wav,Gunshot,2033.0970180064137,0.10979352678571429,0.017365698,-358.92163,109.72113,30.642517,53.56541,-37.717976,11.691859,-5.2091365,-7.203425,-8.87955,-13.337174,-9.091095,-2.7113478,-18.069647,-1.7877642,-12.455269,-10.916806,-5.0227365,-11.177957,-10.957607,-6.458506
1766-144-3.wav,Gunshot,1845.523428451609,0.10767860019329897,0.20287327,-1.7760408,126.910255,-48.02333,8.072273,-6.8278713,-1.2275797,-9.682376,1.8846661,-11.60228,-1.5410657,-7.127454,0.088353656,-6.605167,1.3140672,-3.5120728,1.4399906,-4.501992,0.9497093,-4.774641,1.0526041
1766-145-3.wav,Gunshot,1410.9581344170606,0.06296750332446809,0.25532982,-35.858635,161.49828,-24.83963,21.94025,-30.981268,-10.626512,-7.4467807,-8.690628,-14.073401,-0.07251752,-16.307999,2.7064624,-14.430319,4.0435257,-7.3104143,1.0684825,-4.8459735,-0.26161882,-3.2537782,1.9255121
1766-146-3.wav,Gunshot,1488.7280268440315,0.0794677734375,0.22570036,-30.673136,159.95317,-46.141117,9.803008,-31.665718,-2.2740848,-6.0667405,-6.2786827,-15.154457,-0.11845285,-11.586408,0.86328053,-13.336838,2.5717118,-8.785255,1.8421246,-3.8243673,0.22006679,-2.5527248,1.1375602
1766-147-3.wav,Gunshot,1534.214540463924,0.08246208639705882,0.2248387,-27.712296,156.13846,-45.49039,13.792818,-28.385347,-3.9236836,-6.2409663,-5.562425,-13.818346,0.36468926,-10.632638,2.4095106,-10.44642,3.2575192,-7.54688,3.277853,-3.5829053,1.8953383,-0.53903157,1.3770816
1766-148-3.wav,Gunshot,3149.5192759884067,0.2092790274784483,0.085262224,-199.77347,75.067566,-8.998749,5.8675284,-4.0637403,2.5525682,-6.958675,5.132144,-5.637725,-1.5453428,-7.170851,1.4235215,-2.3223984,1.9958245,1.2185048,4.846953,-0.054144472,2.043678,-3.1506343,0.65615183
1766-149-3.wav,Gunshot,1718.5374389377566,0.08884725765306123,0.2202388,-15.962411,137.91994,-34.3976,5.6627173,-27.040533,-6.4608135,-2.9812055,-5.965048,-15.580733,1.1745353,-13.000664,2.2178724,-12.311645,3.2413836,-9.037501,3.0793667,-2.684844,0.96837074,-2.5254688,1.9333154
1766-15-3.wav,Gunshot,4012.674682310948,0.3082111791237113,0.06476895,-158.89795,7.7042985,-43.80051,-11.209291,-3.5104175,4.8055496,-5.6108274,10.743933,11.733065,20.351675,21.491068,17.29542,-1.2670196,1.4087722,-3.0223386,10.19034,4.6123624,-4.308543,-9.050146,2.2009099
1766-150-3.wav,Gunshot,3210.8002910904415,0.19257948133680555,0.07473821,-227.0642,71.88658,5.032209,7.7406287,-1.8696196,2.8540852,-3.1015704,4.515006,-4.045998,-1.5491595,-6.546689,0.9782359,-4.9274607,-1.3389953,-2.1997316,3.5035677,0.3699927,1.7082751,-3.4382718,-0.65378493
1766-151-3.wav,Gunshot,1592.0947808779417,0.084755859375,0.21313778,-26.076065,149.53326,-42.13348,12.096235,-26.798874,-0.33313024,-7.047381,-4.5440784,-14.793788,0.13252735,-12.351795,3.5077598,-11.691329,4.065509,-7.4938903,4.6070557,-1.4561543,2.050338,-2.12552,2.002712
1766-152-3.wav,Gunshot,1517.8987661039919,0.07827360733695653,0.21875387,-30.82306,155.77509,-45.11455,8.892926,-30.704382,-3.944861,-6.025087,-6.49153,-14.71443,0.5998969,-10.573433,2.7159448,-12.327301,2.3968716,-6.564704,2.816118,-3.1817024,1.851734,-0.9249733,1.2861044
1766-153-3.wav,Gunshot,1782.7661878469728,0.06848514441287878,0.09186377,-248.08162,112.47471,8.471897,10.616331,5.9730353,10.121122,7.925563,10.455454,3.4010198,2.6128805,0.22818545,6.6928735,3.445129,6.844693,3.0148375,6.0017314,3.1786315,4.492944,0.7887439,2.5579982
1766-154-3.wav,Gunshot,1165.0883938713027,0.024995844414893616,0.03939857,-443.94797,34.63347,-2.2723565,4.878571,0.7457333,4.248376,1.3997129,3.9408758,0.8272638,2.9151864,1.9776074,1.6361955,0.71560866,4.572381,3.8715076,4.798473,4.1122246,5.140133,3.5601115,5.1264815
1766-155-3.wav,Gunshot,2291.1193480136267,0.1415127840909091,0.020244878,-357.52634,92.61493,-48.727486,13.079379,-17.718472,11.214411,1.5159258,8.958097,1.6502894,5.453869,-3.3254652,5.2287207,-1.1423277,-4.493101,-12.295854,-10.09631,-13.915147,-6.414345,-5.384196,-5.4670515
1766-156-3.wav,Gunshot,1852.278051054902,0.05358626994680851,0.04046028,-432.03513,34.42624,-3.0661452,4.0014634,0.9704015,3.784512,1.3177382,3.6879387,0.89555085,2.1662397,1.5142193,2.372734,1.1870455,3.8780088,4.2131085,4.986042,3.3554077,4.379682,3.1060622,4.5901217
1766-157-3.wav,Gunshot,1591.3211453680237,0.04787481398809524,0.051160723,-389.3445,34.275616,-3.2199373,1.2226808,-0.61927694,2.4580386,-0.15918024,2.3559656,-0.017562503,1.9171971,1.2556401,-0.14240697,-1.1044428,1.7220614,3.1831949,4.6068954,2.0947227,2.673598,2.421774,4.807727
1766-158-3.wav,Gunshot,1548.0264743688026,0.01880787037037037,0.097854845,-298.21902,85.130585,0.60865057,1.2168419,-17.2137,-2.6442559,6.9955406,10.021873,4.1388903,10.518786,7.8246217,9.920055,6.529767,8.610724,5.2447715,5.984804,5.342109,3.982022,3.8102663,4.4800816
1766-159-3.wav,Gunshot,1628.678024018099,0.01465404992816092,0.0894125,-319.13165,87.91294,-1.8288991,-1.3030125,-18.18606,-0.47317734,9.738977,10.032116,2.595844,7.412946,4.8369775,4.7968755,2.0923963,5.1001945,3.5300522,4.393067,3.3684537,4.2636156,2.794783,2.8104377
1766-16-3.wav,Gunshot,987.183721381824,0.003819056919642857,0.010135143,-616.9547,32.116436,1.5968559,-5.8382545,-6.5010324,-0.50773495,0.35815674,7.2866125,7.8639126,6.71052,5.467669,7.8868365,8.751493,6.655009,6.1811357,6.675168,6.476392,5.5731483,4.940649,5.9390616
1766-160-3.wav,Gunshot,1252.1835852727481,0.007646040482954545,0.15176529,-323.83176,70.44276,-3.5089743,-4.1212482,-18.417137,-1.1791271,8.326975,10.576895,7.7931476,9.34497,4.5308895,5.4503665,4.6699495,6.081352,2.5984194,4.741717,4.512924,4.617727,3.8378751,5.099577
1766-161-3.wav,Gunshot,1592.271034698914,0.0511474609375,0.061324522,-374.34848,41.188553,-4.81747,2.5868475,-0.96265113,2.185657,0.004033486,2.3413577,-0.13439554,2.4370947,1.070128,-0.17941588,-0.9703835,1.5205541,3.6512706,5.454329,2.9934773,3.5390446,2.9265664,4.8109775
1766-162-3.wav,Gunshot,1712.6110319602035,0.060717205668604654,0.047338143,-397.78247,32.741116,-4.109013,1.6631274,-0.6775088,2.9626899,-0.26654837,1.5928072,-0.75292933,1.4231912,0.49663818,0.047089953,-0.29788926,2.2209225,2.057408,3.5724802,1.8856386,2.8336217,2.2606134,3.9228747
1766-163-3.wav,Gunshot,958.938412744322,0.015240608377659575,0.0903507,-373.35428,38.122326,-1.271529,8.643372,2.8462527,5.2312627,1.9125354,4.8099847,2.2718983,3.8621123,3.3027909,3.8682392,2.1799965,5.195689,5.78587,6.4718685,3.9793973,5.200636,4.976565,6.702646
1766-164-3.wav,Gunshot,1465.022825532459,0.033056640625,0.036601175,-435.85297,34.48828,-1.4850438,2.8673835,-1.2848581,2.095401,1.1645303,4.0539393,-0.4884206,0.6002484,0.54413414,1.6633215,1.4804672,4.9647017,4.202554,4.271146,3.4807324,4.457318,3.5476434,4.065004
1766-165-3.wav,Gunshot,1721.2688668634587,0.11313682878521127,0.03192274,-268.34723,154.20082,-69.39984,12.371455,-30.104252,13.157297,-10.022216,1.1737368,10.142521,-1.1465477,10.930719,6.218742,8.872238,5.8002043,4.957483,5.302335,3.662926,5.739706,1.5665438,5.9062734
1766-166-3.wav,Gunshot,2967.4035195360184,0.18504503038194445,0.055164237,-188.09549,70.05308,-17.77367,6.881918,-6.511168,4.803179,0.3298852,12.0914345,3.916614,10.905878,5.0164356,6.589068,2.687573,4.758933,-0.11950871,2.0391073,0.78897095,3.2345438,-1.0078237,2.7734988
1766-167-3.wav,Gunshot,1448.5714899140385,0.013155955188679245,0.07985507,-334.80383,72.84653,6.720788,2.0312066,-12.652568,1.3834945,8.98847,10.018048,4.4183564,6.8137918,4.8840714,4.4418507,2.9397922,5.8262606,5.1384683,4.9504867,4.65895,5.692874,3.6522996,2.9946637
1766-168-3.wav,Gunshot,2815.2984394869413,0.16149635036496351,0.084297605,-173.76537,65.02748,4.796916,9.071207,-2.1332533,7.945865,5.4746165,13.536448,5.843504,9.937968,3.7792025,5.875171,3.3380435,5.4469976,0.8654922,3.3789227,2.769591,4.5398035,-0.025083445,2.7477062
1766-169-3.wav,Gunshot,1147.1822751652378,0.0329330119680851,0.04263642,-424.87274,33.497776,-2.1608417,4.1400294,0.87455946,3.3555017,0.6977204,4.0370417,1.1039971,2.5498405,2.2104704,2.187408,1.3273228,3.867737,3.9165666,4.555843,3.7461488,4.1103277,3.2411923,4.7113175
1766-17-3.wav,Gunshot,2620.585967223407,0.20942982456140352,0.11324603,-132.52625,100.35766,-136.16074,59.49302,-40.982784,18.623693,-29.845348,7.6845384,-13.506078,-2.5232854,-11.480484,2.6292915,-3.0713508,-1.3042408,3.8066795,-3.1253653,5.863242,-8.750394,6.606378,-7.4003553
1766-170-3.wav,Gunshot,1220.5085927709185,0.043871008831521736,0.07998636,-375.25098,39.921555,-1.7161001,6.652507,2.404864,4.4067354,1.9319245,5.30847,1.9630085,4.3410335,3.404547,2.6706474,1.5787382,5.164782,5.2242384,6.4902377,4.917085,4.9074464,4.8274384,6.188054
1766-171-3.wav,Gunshot,992.6604865418037,0.03177734375,0.07977712,-382.91214,38.239975,0.4492828,9.790801,4.19055,5.899111,3.0698733,5.6744256,2.5957575,5.0593123,3.8985238,4.6148305,2.9363167,5.3401475,5.751936,6.2360907,4.685016,5.680877,5.063783,6.1479936
1766-172-3.wav,Gunshot,1876.9190800292174,0.06040602463942308,0.033936743,-451.7692,32.446655,-1.2142513,4.6905813,1.8356609,4.0467863,2.0127268,5.3530755,2.5642014,2.6073973,2.1795256,2.7784896,1.6679167,4.6867943,4.32284,4.7107415,4.0469427,5.4003673,3.8819468,4.561475
1766-173-3.wav,Gunshot,1324.6523059423314,0.0217041015625,0.11469993,-330.87222,70.25692,4.3443394,4.4810853,-10.514385,0.51677656,8.437138,11.924627,7.92936,9.15554,4.987612,5.8432603,4.2857494,4.8325844,3.49731,5.0704145,3.702251,3.829372,4.581475,4.5885158
1766-174-3.wav,Gunshot,931.7216332479763,0.014898003472222223,0.09055315,-368.0714,39.275337,-2.7970865,6.8376822,3.029961,5.923009,2.8360765,6.2052383,1.8276359,3.9740121,3.9551318,4.610087,3.0046694,5.429271,5.858081,6.7956347,4.388481,5.53717,5.6866965,7.03179
1766-175-3.wav,Gunshot,1544.2152861871286,0.030774568256578948,0.09972847,-292.1083,79.925476,-7.286519,-6.4484553,-24.026495,-0.90372556,10.265964,10.481967,7.2402353,10.942849,6.443126,6.6287327,5.392273,7.9006443,3.785512,5.6460176,5.074488,4.2629123,4.812613,5.22062
1766-176-3.wav,Gunshot,1177.0659545339017,0.09481956845238096,0.02807614,-393.2576,178.28688,-63.251022,-29.740273,20.874975,-10.523108,-17.369995,1.8993043,5.543861,4.5820694,9.979781,8.083238,2.3769114,5.7659345,4.1218424,3.7188923,7.090719,3.2983663,1.2399755,3.4935338
1766-177-3.wav,Gunshot,1470.6929525493365,0.010390337775735295,0.15886664,-276.55502,74.124146,-9.679647,-2.7685547,-21.482315,-1.3395681,8.534676,11.34342,7.9960365,12.222292,7.153149,6.7417464,5.095867,6.792843,3.984223,6.204071,4.664955,4.1098576,4.699493,4.716423
1766-178-3.wav,Gunshot,1519.69715809914,0.004739900914634146,0.13073108,-306.51807,71.66361,-6.9918203,-6.3982925,-22.509628,-2.9310231,8.277496,8.964245,5.6992574,12.1470375,7.550038,6.424595,4.4641056,7.327293,3.1276157,3.8872998,3.0446603,2.9699712,3.2478108,4.6394925
1766-179-3.wav,Gunshot,1840.7783610437164,0.0470703125,0.08809072,-316.3468,57.063175,-7.1000037,1.8388919,-2.396084,4.166805,-1.9932268,2.004831,-0.83021194,2.545501,0.13426815,-0.58534956,-2.5325532,0.27572083,4.293353,7.117177,3.7823157,3.2747474,3.1128094,6.5794697
1766-18-3.wav,Gunshot,1804.086765450746,0.025243471746575343,0.003972475,-662.86487,54.886875,2.071376,-10.544078,-15.459581,-6.276491,-3.8726606,5.948462,8.815474,7.967505,3.659578,6.9341187,10.264193,9.40384,6.3877506,6.4630866,5.6069255,5.971986,4.743079,5.493863
1766-180-3.wav,Gunshot,1623.5666906615052,0.044744318181818184,0.04911306,-392.80878,31.885448,-3.6094728,1.3582131,-0.90682703,2.532029,-0.12212649,1.9572587,-0.18458137,2.0112534,0.8005898,0.53245485,-0.9384577,1.2534735,2.7801042,4.8970737,2.231823,2.7073686,2.6716745,3.8961947
1766-181-3.wav,Gunshot,2829.010002538059,0.16453334263392858,0.08459654,-191.68068,60.961372,-14.992196,35.306625,2.3940387,22.618895,3.7119024,13.652557,5.0068626,3.374672,-3.8197017,3.3837469,-2.4876657,2.1376643,-2.8403268,1.6862382,-1.7838402,-1.4744161,1.146191,3.0429285
1766-182-3.wav,Gunshot,2540.8660313567216,0.11734672214673914,0.11996195,-158.7767,75.962685,-25.476887,8.988884,-18.405535,14.501116,1.7853072,21.857689,5.8733582,9.088675,1.0806549,14.551601,4.3778386,9.257744,-0.59590316,9.29671,2.8039374,1.4507453,2.1424315,3.2805085
1766-183-3.wav,Gunshot,1665.6439465159415,0.037738347457627115,0.036585238,-423.22797,23.995337,-2.5212493,1.6677623,-0.0011742318,2.2427216,-0.50585335,1.6275599,0.08294739,1.4205962,0.7093582,-0.09122898,-0.22984475,1.9264582,1.8116008,2.5917797,1.8308718,2.5355158,1.9772593,3.1909945
1766-184-3.wav,Gunshot,1620.9452811248777,0.08190275493421052,0.06160628,-275.04343,80.2261,-9.419236,8.267763,6.454834,7.008684,4.5822186,8.217522,2.7262318,5.048279,2.793683,2.5948386,2.7784033,4.8445745,4.063117,5.580401,0.3212628,-2.1665304,-2.8827252,0.87644583
1766-185-3.wav,Gunshot,1711.6877306677004,0.09909986413043478,0.22231416,-18.600418,146.21834,-52.926693,1.7061218,-20.81027,-1.0059443,-16.032501,-5.186728,-16.084738,-3.3220162,-10.145292,-3.6103582,-7.266607,-1.8586159,-7.99472,0.123513825,-5.649633,0.9808235,-2.6514382,0.94069815
1766-186-3.wav,Gunshot,1729.113799555367,0.09264243521341463,0.22786228,-14.16798,144.23305,-47.72684,0.9379077,-16.594418,-1.6870731,-12.904997,-4.480931,-12.98023,-4.328024,-10.064322,-0.2677423,-5.9863167,-2.999987,-7.982906,0.04849184,-4.871617,2.4187524,-1.0852246,1.2890027
1766-187-3.wav,Gunshot,1652.31362613515,0.08998046875,0.22863448,-22.220015,154.23021,-51.729782,6.17582,-19.666384,-0.57214,-16.302109,-6.065564,-16.224874,-3.505491,-8.192812,-3.6883852,-6.692563,-2.1111476,-7.457001,0.3944288,-2.803106,1.9249288,-2.706407,0.54816896
1766-188-3.wav,Gunshot,2395.909690451508,0.10254487537202381,0.076716654,-176.10747,84.6965,-12.991275,29.78029,5.6896214,11.8871355,-2.2267735,5.3554845,-1.5756091,2.482498,0.90924764,5.959562,-0.47243038,2.111655,-2.7863398,1.1621691,-0.2730935,2.9710164,-2.2015095,-0.0038321642
1766-189-3.wav,Gunshot,2363.3040385710615,0.1112203226461039,0.08085721,-162.19865,90.46557,-18.3572,29.141756,3.1797738,11.106537,-4.2001076,5.3431854,-2.8704815,1.9381047,0.85533977,4.7994885,-0.0019520723,2.1462126,-2.705038,1.8022751,0.053371493,3.7877855,-1.4665387,-0.03397622
1766-19-3.wav,Gunshot,815.7560670437875,0.00439453125,0.01925599,-564.95197,26.761957,3.504466,-2.4977942,-4.175388,1.2478768,2.3592432,6.433927,6.9378295,6.9197655,6.010398,6.8431363,7.887428,7.3628635,6.033304,6.992136,6.3723474,5.9877267,4.75845,6.5768604
1766-190-3.wav,Gunshot,1223.6879439232903,0.06588412747524752,0.21467203,-62.641716,182.29707,-38.253445,10.787259,-16.573366,-6.755427,-13.119351,-0.17786154,-6.9739394,-5.6465726,-10.131503,-1.8889031,-4.357869,0.15962234,-8.997175,1.1837707,-2.6189244,0.16550536,-2.8779533,-0.08208458
1766-191-3.wav,Gunshot,2413.703122095182,0.11978099385245902,0.10073635,-101.47051,90.83094,-21.938448,30.698624,3.0858946,10.045716,-5.7144027,4.0351343,-4.00054,2.2896283,-2.659889,3.4339638,-1.2659112,2.5563233,-2.6857443,2.058187,-1.1313012,4.177645,-1.5317627,0.99431723
1766-192-3.wav,Gunshot,1577.8788009824398,0.08741369912790697,0.20708883,-30.793207,157.86229,-55.312138,7.09222,-21.725023,0.50020957,-17.04961,-5.1249413,-16.917112,-5.4331517,-9.779046,-2.5339067,-9.099281,-1.9191692,-6.3651776,0.51309186,-4.1694007,1.696747,-2.9939857,0.29171333
1766-193-3.wav,Gunshot,3323.5478799261,0.20688833841463414,0.062218387,-206.97427,57.732254,-27.543016,-15.454836,-5.9777875,5.602003,-3.4219353,1.9823127,2.5267057,6.7483006,-4.8105702,2.9083107,1.0270333,3.4322271,2.483058,6.9791617,0.4048533,2.7340724,-0.38505137,2.1969218
1766-194-3.wav,Gunshot,2084.974814720262,0.11272638494318182,0.18469578,-12.067657,113.982735,-42.898136,-11.4522915,-19.725359,-5.975092,-12.034427,-6.4903684,-15.402683,-1.9081882,-8.881927,-3.7209463,-4.0285945,0.20805591,-6.290655,1.4188838,-4.2971454,2.5294256,-2.5020883,-1.1173913
1766-195-3.wav,Gunshot,1695.5108618878537,0.08765490301724138,0.18322684,-89.69438,139.05795,-18.881514,-4.711146,-11.723043,-9.204326,-1.1833411,8.573108,2.2387495,8.853903,-2.3091063,4.1603637,1.2905366,7.13345,3.6331565,4.225044,1.543096,7.2948437,0.06843259,0.5326946
1766-196-3.wav,Gunshot,1592.7825049764654,0.09407244988207547,0.20755823,-35.427746,156.28897,-53.34186,2.3706398,-20.56131,-2.5722034,-12.086305,-5.418224,-13.673685,-2.3610487,-8.607083,-3.338559,-5.5157113,-0.84804124,-5.627832,1.002083,-5.0739164,-0.555394,-2.73214,-0.07647702
1766-197-3.wav,Gunshot,1064.969334068773,0.04603726256127451,0.014069295,-409.94873,164.10632,-8.5132,9.34649,19.155268,9.603224,4.1572547,7.2214165,0.8713573,-2.1743543,-3.3761477,-3.0423107,-3.9788136,-2.378249,-3.7384033,-1.7763174,1.687947,2.7357574,1.7735771,1.5154359
1766-198-3.wav,Gunshot,1659.1355078875458,0.01435546875,0.11386778,-300.94626,72.41243,7.900896,9.952027,-17.030355,3.3125947,10.555647,9.078425,13.8686695,12.58562,7.900225,16.624243,5.5402384,9.951834,8.46576,6.625893,7.0577283,5.73169,4.69938,7.3645225
1766-199-3.wav,Gunshot,2089.837030710181,0.0246875,0.37758008,-112.68406,68.6729,-24.19219,11.497396,-34.36047,0.7331744,4.223375,9.733072,-3.8817492,10.775049,8.021071,8.107984,0.97995216,11.112146,4.8880296,7.1833143,4.04923,6.5159206,4.037728,7.072553
1766-2-3.wav,Gunshot,1045.6783528029628,0.0272314453125,0.004032888,-603.9554,116.426994,-5.717782,11.46191,5.179833,5.5511107,1.6226609,6.662219,5.908919,7.4082994,10.573751,14.2564745,14.613258,14.654252,11.924337,10.617494,9.814554,11.204672,7.6854615,6.267219
1766-20-3.wav,Gunshot,1072.0312471413513,0.008405412946428572,0.012116073,-585.58655,50.75938,-0.8504371,-11.6769495,-12.91038,-4.049721,-3.2699542,7.6022644,8.815767,8.688868,3.7520442,7.5719714,12.759569,10.213312,5.664578,7.5460253,7.1687284,6.9025874,4.126368,7.2355666
1766-200-3.wav,Gunshot,1463.402507242875,0.05600314670138889,0.07821886,-346.96237,61.67183,-3.362865,11.342829,0.8529791,4.2952456,4.0106244,5.5039086,-0.98244107,0.3731642,-1.9029641,1.2020326,-0.53148603,3.2102857,4.224495,8.777964,3.9555092,3.2537453,2.0852685,5.146433
1766-201-3.wav,Gunshot,2494.968254343397,0.11241319444444445,0.06086587,-324.1441,96.35638,-4.9033265,-15.653004,-14.834925,-6.453177,1.7490964,5.6960216,0.9827263,3.416835,1.7593802,5.5258594,2.4745038,5.0018764,2.8830254,6.2725487,2.5670469,6.213234,1.1594692,2.6441154
1766-202-3.wav,Gunshot,1612.145831508787,0.09164946933962265,0.21557005,-30.59317,157.35074,-55.158897,5.1595488,-17.02289,0.36927834,-15.335764,-5.5202065,-13.101758,-3.8152263,-10.204168,-3.96263,-5.64269,-2.0729709,-8.473204,-0.72474957,-3.5456135,2.0656211,-0.9018738,1.5817168
1766-203-3.wav,Gunshot,1403.9884967776704,0.07022986778846153,0.03229927,-333.07748,144.17155,-14.196637,11.599539,-16.998175,-6.687013,-16.181946,-9.668739,-10.3399935,-8.63169,-7.2387795,-2.505989,-7.183522,-4.190884,-5.0537896,-0.82282025,-5.107363,-7.109325,-5.3993597,-4.5471416
1766-204-3.wav,Gunshot,1507.9351749882478,0.08498733108108109,0.1916411,-44.47526,161.75053,-49.365517,7.997205,-16.632055,-1.8532579,-10.24278,-3.1997106,-10.221928,-3.181995,-6.9905195,-2.950257,-5.7203717,1.0240697,-7.6804028,2.6879067,-4.2908397,0.45378503,-2.2128203,0.46571907
1766-205-3.wav,Gunshot,1542.114416352886,0.08858816964285714,0.21556893,-35.56024,163.59233,-54.95347,7.1750026,-14.188099,0.49652323,-15.122078,-6.3338456,-12.589491,-4.5740833,-8.52698,-2.5434556,-6.8558354,-3.0499475,-7.7684546,-0.20605494,-4.591028,2.1007175,-1.4848847,0.39588904
1766-206-3.wav,Gunshot,1546.858400913721,0.08881293402777778,0.211881,-37.154915,164.41927,-59.498344,6.138365,-19.097788,0.32213664,-13.293757,-4.1955442,-15.240162,-7.080684,-8.827067,-2.7753708,-6.6174617,-2.2766228,-7.2744784,1.0871967,-4.4900618,0.9659086,-1.0008922,0.79202914
1766-207-3.wav,Gunshot,1637.0145863600096,0.08942963805379747,0.19058144,-32.625202,147.89973,-38.834965,3.5792224,-11.310163,-3.19178,-10.565969,-2.1645885,-9.752745,-3.423678,-7.8156137,-1.3118867,-5.1984553,-0.4587415,-5.395041,2.0547948,-4.8686895,1.063857,-3.1043868,0.2418915
1766-208-3.wav,Gunshot,3462.2626893471765,0.21519639756944445,0.07341668,-147.7893,48.959126,-35.54136,-12.736439,-8.827198,2.27125,-6.7849445,-0.3947568,-1.60354,5.1362586,-3.2228584,5.4241276,3.55251,4.991037,2.5095668,6.5236554,-1.0661827,2.1319857,-1.2654111,5.7804384
1766-209-3.wav,Gunshot,2631.0862093924657,0.09376743861607142,0.13088743,-114.02151,73.20311,-32.716686,15.143636,-37.8031,0.91027325,2.4275432,10.760446,-3.107814,14.221619,-1.0040017,10.832329,-0.58522975,12.1926775,1.5146072,8.30621,2.3713975,3.2129066,4.486646,6.5955553
1766-21-3.wav,Gunshot,835.4577271226142,0.0034509607263513513,0.012979419,-598.81934,35.90923,2.0123358,-4.007279,-5.6799183,-1.2218479,-0.12503116,8.076637,8.325846,8.046784,4.8896365,7.288805,9.515475,8.858938,6.671757,7.3253555,6.7044034,6.3678145,5.254273,6.645667
1766-210-3.wav,Gunshot,1262.6616291554353,0.06663853913834951,0.21878561,-55.467896,176.1125,-33.6811,6.9870987,-14.016475,-8.461735,-11.8454895,0.034898367,-7.4555955,-6.169424,-10.501318,-1.4048353,-5.2743416,-0.24247903,-9.142262,0.28660563,-2.7096899,1.0861669,-2.8556995,-0.80476713
1766-211-3.wav,Gunshot,2218.4657932355512,0.01288311298076923,0.31878474,-98.44908,70.30457,-28.221907,11.570272,-32.1035,4.4088016,4.002335,7.2199044,1.243623,12.311544,3.4734015,7.0261083,2.7331796,11.305928,2.3628345,8.039008,5.9175653,4.3923984,3.189729,7.5045466
1766-212-3.wav,Gunshot,1356.8245646297541,0.027458639705882353,0.061176714,-334.11908,99.897934,-10.153631,2.7157292,-19.924545,-2.4997013,9.280115,11.504279,6.9981294,13.052951,9.964087,12.573035,8.409917,11.747676,7.951051,8.836228,8.087626,6.745859,6.8241463,6.2876716
1766-213-3.wav,Gunshot,1513.569705986118,0.045328776041666664,0.07055293,-353.78738,51.330868,-4.139467,6.2688293,-1.1179795,3.1778615,3.4392874,4.271206,-2.7493656,0.221266,-0.84053653,2.6678483,-0.25252962,2.1617932,3.618023,7.602246,3.3381362,1.926842,1.8228174,4.8464828
1766-214-3.wav,Gunshot,1752.3199090274102,0.09329176682692308,0.2122937,-19.91388,141.85709,-44.128857,2.6316516,-16.045218,-2.2539747,-12.4436035,-3.2690141,-11.1674,-3.5625777,-8.52423,-1.62248,-4.520149,-0.9938644,-6.873484,0.71909946,-5.9854765,2.064425,-2.5845075,1.2221588
1766-215-3.wav,Gunshot,2673.7507954840044,0.08984375,0.115406856,-106.18701,73.86161,-29.645794,11.251353,-41.809208,3.2462988,2.0287228,8.811481,-5.5390863,9.286635,1.3528659,7.4181294,-1.3052496,10.399611,1.1064181,8.065528,0.623623,6.2653074,0.6793595,5.0887175
1766-216-3.wav,Gunshot,2434.428212068587,0.11789703369140625,0.07135993,-281.72568,102.80353,-6.6983385,-4.6632667,-7.7360992,-6.9173026,0.18924989,4.4510527,0.61873776,3.882472,-0.92190456,2.2585568,-0.81117105,3.4201872,0.62101114,2.0966432,-1.3754013,3.6869068,-1.383476,-0.43281764
1766-217-3.wav,Gunshot,2989.8704912321177,0.18386151713709678,0.11378763,-93.85023,65.77135,-25.616562,5.5739746,12.997145,22.273876,6.8205013,12.069502,9.428199,8.829245,1.5290239,11.3027315,4.957212,4.60763,0.82774204,6.5469093,0.6694851,4.3263435,0.06339522,3.1323109
1766-218-3.wav,Gunshot,1473.0413646959628,0.08617485894097222,0.20407939,-43.38495,166.41681,-50.22562,6.702946,-15.765308,0.4920578,-10.985228,-3.5206337,-10.668449,-3.385597,-8.517873,-1.8255937,-5.7925043,-1.663674,-6.256995,1.3615844,-5.5096345,0.74233824,-3.9520493,-0.82070637
1766-219-3.wav,Gunshot,2006.2412595834016,0.010084885817307692,0.3847006,-113.810616,67.70078,-29.701412,11.852607,-31.54145,-0.15474734,3.3809588,8.345376,-2.9370503,13.055909,1.8590735,5.850072,2.1426182,12.598039,2.728606,6.2159925,4.29966,5.2715626,2.931028,6.377606
1766-22-3.wav,Gunshot,2383.435712352866,0.06823087993421052,0.03364921,-364.32,59.23182,-21.529446,-5.024705,-14.450362,3.5132065,1.8846636,10.031842,3.135509,2.4493906,3.1480691,5.0425277,0.23105915,1.179606,0.23095204,3.9861655,0.46956453,3.4974806,1.3986665,1.6558801
1766-220-3.wav,Gunshot,3883.701914505664,0.25482066761363636,0.10086794,-110.37778,35.76584,-28.343143,-12.558609,-3.7720995,5.586919,-7.422487,3.0376039,3.6380982,4.4493737,-0.9471169,5.924916,2.1519449,4.3829155,0.9948231,7.424039,-0.67667246,4.670655,-1.9962385,3.754595
1766-221-3.wav,Gunshot,1500.1636083665555,0.08722098214285715,0.205283,-39.946453,166.0371,-53.543705,5.95694,-16.47615,-1.112842,-12.19084,-3.2295697,-10.208436,-3.751335,-9.309583,-2.287504,-5.895104,-2.2100968,-6.54532,1.6982322,-4.6481223,1.5096589,-2.978193,0.43632957
1766-222-3.wav,Gunshot,1523.5750373791172,0.08787560096153846,0.21218564,-40.74234,163.4838,-54.071907,6.8303227,-18.102396,-5.484587,-11.4336195,-4.005462,-15.06811,-1.154492,-6.482091,-3.4920514,-5.9440813,-1.277887,-6.545432,2.8277745,-4.5778003,0.05888883,-3.019736,-1.1378922
1766-223-3.wav,Gunshot,1510.9847983183054,0.0620269775390625,0.07143193,-345.6326,61.948456,-4.271834,7.672234,-3.3151479,4.231956,3.377782,5.092243,-2.641121,-0.63990515,-1.3071877,1.4942126,-2.0076337,2.213861,4.898379,8.854779,3.1526036,3.017531,2.8808885,4.1729364
1766-224-3.wav,Gunshot,1883.48670265181,0.09945783943965517,0.20021695,-20.433142,131.07297,-39.17868,-6.7545485,-12.924674,-7.0876546,-10.852369,-5.5527287,-12.220575,-4.372482,-9.650529,-3.7305815,-5.6893935,-0.50124276,-4.1328516,1.8584876,-5.0638747,2.5670578,-1.1103029,-0.3397292
1766-225-3.wav,Gunshot,1417.686539204079,0.07117491883116883,0.22042257,-44.424572,164.015,-32.839306,4.9396167,-19.473782,-10.6740465,-14.957335,0.55592734,-10.558376,-6.1550393,-12.069991,-2.052667,-5.4422674,-2.0312364,-8.698692,0.24086043,-4.055085,1.8248979,-3.1760862,0.0073918616
1766-226-3.wav,Gunshot,1685.9101959081258,0.0980603448275862,0.21065094,-23.028706,149.05563,-56.773262,2.46964,-17.861889,-2.5736449,-15.690039,-5.7132716,-12.616454,-4.432871,-9.546115,-2.4856176,-7.1378274,-1.9329093,-7.2176504,0.115921676,-6.795694,1.8003454,-1.9617327,2.5902832
1766-227-3.wav,Gunshot,2381.1904013589424,0.05105251736111111,0.2910766,-105.091545,66.09802,-33.70372,14.425718,-30.676296,-2.5954711,1.6091352,10.32465,-4.2299075,13.721905,-1.2278845,8.379665,3.168059,6.0538454,2.0818095,7.4450965,5.206971,3.0952966,4.258622,6.0090094
1766-228-3.wav,Gunshot,1944.776194203946,0.11183120265151515,0.061991286,-178.3702,117.99097,-58.014862,-12.411153,-22.582472,-1.7685131,4.948469,0.85151947,-6.1747494,9.5796795,-8.216733,2.8903031,1.4241164,-1.3950349,-2.2844737,-0.055095017,-1.3069661,6.46682,-6.349314,0.84735924
1766-229-3.wav,Gunshot,3634.410451233239,0.23889723557692308,0.10316079,-121.823395,39.02048,-26.652815,-3.1451929,3.3631592,9.611445,-0.8919708,8.022506,6.7366595,8.062197,1.5502048,9.484266,4.599682,7.676081,3.9465253,6.289968,1.1380067,2.8164537,0.64646816,5.105299
1766-23-3.wav,Gunshot,2720.4544219029603,0.208369140625,0.12691931,-109.90967,89.12544,-135.25674,55.022167,-40.55299,16.484577,-30.183819,6.4890227,-15.131771,-4.557485,-13.296398,1.6369886,-1.2934701,1.9671068,2.6755273,2.1649423,0.7492562,-3.5502014,3.2464094,-4.823022
1766-230-3.wav,Gunshot,1727.9443626290117,0.09157912795608109,0.20960815,-20.307152,140.48311,-40.768276,8.948952,-13.249525,0.76678085,-10.613256,-2.5635104,-10.434715,-1.0023769,-6.75051,-1.2843399,-5.704657,1.1253029,-5.1125135,1.9423201,-5.76921,-0.043410804,-3.4313393,0.00439506
1766-231-3.wav,Gunshot,2103.918478213793,0.10205078125,0.20621096,-15.290962,128.07828,-35.312675,5.1559324,-15.673696,-3.310527,-9.870268,-2.5515316,-8.3192425,-4.64863,-6.124675,-1.096664,-3.1411543,0.15204082,-3.5117035,2.4749475,-1.5665846,2.2868116,-0.304562,1.606964
1766-232-3.wav,Gunshot,2108.2397086203605,0.10511312319364162,0.2109198,-17.048922,127.179825,-36.544384,5.569712,-15.909067,-2.4361174,-10.580489,-2.5622454,-8.38853,-3.4290571,-6.029263,-1.6515466,-3.6078665,0.5455686,-3.08294,2.818141,-0.9526717,1.8728151,-0.4804621,1.778414
1766-233-3.wav,Gunshot,2026.969209995597,0.09603899476156069,0.19778593,-23.45745,133.83717,-36.351776,8.362217,-16.50814,-3.2057993,-10.479901,-2.2880456,-8.87761,-4.553011,-6.280431,-0.9556623,-2.5978312,-0.2593722,-3.0693066,2.6525807,-0.7306016,2.0150774,-0.09929549,0.55089444
1766-234-3.wav,Gunshot,1757.0560550287694,0.08904782333815028,0.21096537,-29.749113,151.32516,-41.035538,13.204852,-13.941121,0.045457345,-9.077593,-1.7389534,-7.082468,-3.3273199,-5.526262,-1.1855723,-3.500614,0.91927534,-4.3916197,2.9582157,-1.6797382,1.3741181,-1.6214402,0.8575061
1766-235-3.wav,Gunshot,2041.1077073212455,0.1022257722182081,0.20797253,-27.252764,135.96817,-32.91868,6.5145645,-13.17174,-2.85969,-9.354528,-1.6547532,-6.9868636,-4.2543964,-5.27451,-1.2242732,-2.4910626,0.7373702,-2.9871678,3.087311,-0.94614303,2.1652882,-0.25215542,0.8851999
1766-236-3.wav,Gunshot,1763.9652106334977,0.08873453305635838,0.20335792,-41.751812,154.72299,-39.265728,10.127646,-16.754135,-3.815374,-9.636779,-2.5044262,-7.942302,-6.3019476,-5.4430213,-1.565939,-2.735384,-0.7068001,-3.6336565,2.2821832,-0.83498156,1.6939569,-0.15469876,1.4561324
1766-237-3.wav,Gunshot,1439.1942085153025,0.08053152901785714,0.22642711,-27.732628,161.57137,-48.03206,8.719308,-14.711407,0.5437476,-10.04655,0.00051324285,-10.51631,-4.4628544,-6.6310854,-1.9172418,-6.168943,1.3576493,-6.847642,3.0260966,-3.6644504,1.6617217,-2.5972056,1.7603464
1766-238-3.wav,Gunshot,1908.3751621078509,0.09649622922687862,0.2000005,-38.287148,147.10689,-38.464672,8.566274,-15.98814,-3.5425282,-9.588385,-2.6020756,-7.7849207,-4.9998226,-5.560023,-2.0723708,-2.4697683,-0.40141767,-3.3363905,3.1212173,-0.13317466,1.9265108,-0.24877194,0.020739134
1766-239-3.wav,Gunshot,1384.8812778512254,0.06484017721036585,0.22533192,-47.701347,172.49211,-35.33531,20.624706,-18.786366,-4.692845,-10.993175,-3.0215764,-9.2405405,-7.1887407,-7.4541636,-3.3523097,-5.8755064,1.086228,-6.598673,0.83322513,-3.8761415,0.10315632,-2.7699623,1.0658627
1766-24-3.wav,Gunshot,2696.3404519956916,0.21102853548728814,0.112900525,-127.28496,97.84799,-134.4176,61.124466,-46.08271,22.559698,-36.423313,4.9880576,-10.975919,-10.0131,-2.946658,-1.4369421,2.3624623,-2.436246,3.0576684,-0.78124535,-1.0680683,-0.90465945,0.8341485,-2.565455
1766-240-3.wav,Gunshot,1639.152301828116,0.08484804010115607,0.21391621,-35.561115,158.84047,-42.676266,12.707596,-14.188471,-1.131282,-8.513771,-2.5058439,-6.9607906,-4.073201,-5.6915565,-2.17636,-3.6346648,0.7106968,-4.709292,2.603666,-1.5537941,1.0009106,-1.6310155,-0.13395609
1766-241-3.wav,Gunshot,1214.7127606384893,0.06944056919642858,0.19731426,-77.713295,191.59763,-48.216305,13.060015,-22.628218,-6.0040083,-13.580693,-3.7629924,-13.0585985,-8.017942,-8.05129,-1.763243,-5.9154854,-0.50277346,-5.1485977,1.5864925,-5.0144897,1.0077515,0.020693507,1.4355276
1766-242-3.wav,Gunshot,2127.879712228778,0.10341683977601156,0.2057178,-20.491455,129.96523,-33.408955,9.974664,-14.183102,-1.9335593,-9.273165,-1.3146726,-7.84854,-4.646531,-5.3247123,-0.70307815,-2.4944522,0.31552362,-2.467307,3.096909,-0.639911,2.1615386,-0.1325087,0.705923
1766-243-3.wav,Gunshot,1944.5600979952058,0.09598563058035714,0.21232006,-22.38884,139.62602,-35.762608,9.874419,-15.639655,-1.8698188,-10.084905,-1.2942067,-8.983967,-4.606264,-6.504231,-0.8863086,-2.7866848,1.0738223,-3.6408103,1.758451,-1.3951765,2.1888628,-0.32278258,1.8791118
1766-244-3.wav,Gunshot,1963.9468972969057,0.07404606516768293,0.04028929,-350.23682,77.42127,-24.238934,40.19083,14.131401,15.150951,10.816188,5.779628,3.3375163,3.093346,-0.17583539,-0.94116014,-2.8155844,-0.8233359,-2.490589,-2.098787,-3.3529787,-4.7708645,-4.6312046,-3.1170535
1766-245-3.wav,Gunshot,1545.23719715035,0.07643594547193877,0.22336996,-44.103027,166.80457,-36.99411,13.256645,-13.015021,-3.2132592,-8.562718,-1.7656348,-5.78816,-5.355239,-6.5668054,-1.6226523,-2.1729865,0.7572435,-5.907517,1.0100737,-1.920691,0.34318274,-1.434048,0.7581673
1766-246-3.wav,Gunshot,2116.309070780638,0.12228260869565218,0.045505956,-237.56691,130.22002,-29.862127,-0.9274929,-13.822145,-9.232491,-11.897334,-10.439862,-9.76342,-11.419145,-6.006594,-10.384336,-6.673263,-4.088963,-3.521877,-0.992627,0.97234887,-1.6238147,2.6787853,-0.6640167
1766-247-3.wav,Gunshot,1631.7694746136383,0.07588975694444444,0.22056596,-21.532276,142.14345,-22.395214,15.649073,-8.717206,-8.240452,-11.31222,-1.2924701,-10.642082,-2.7705102,-10.967569,-1.8583045,-5.3792725,1.7457716,-5.46257,-0.2779327,-2.9164011,1.1372838,-2.8542898,0.4768425
1766-248-3.wav,Gunshot,1437.2354893166676,0.06665276092233009,0.22955236,-41.628265,168.42445,-31.202284,18.651333,-15.094001,-5.0006814,-9.412408,-0.8052298,-7.778786,-5.473767,-8.683651,-2.1536534,-5.5893145,1.6205138,-6.0917106,0.6837972,-3.9413388,1.469107,-2.0214896,0.75341004
1766-249-3.wav,Gunshot,3191.601425499161,0.08918108258928571,0.20778653,-31.014208,49.097595,-19.750418,9.555954,-29.103786,0.7760188,5.2426085,7.505881,-2.5557158,11.257806,1.3376023,7.741327,0.20500503,9.705048,1.2258729,6.9593425,1.1199781,4.867902,-0.3495277,5.296066
1766-25-3.wav,Gunshot,2923.8513145269726,0.23166582661290322,0.11326309,-120.92703,82.14057,-125.382164,61.48222,-46.143276,24.047974,-34.08909,8.321999,-16.33455,-4.087199,-8.037646,-2.1860943,1.6563014,-4.8143115,3.330663,-2.911189,3.1057959,-5.9934845,3.9233317,-5.3753347
1766-250-3.wav,Gunshot,2009.0761787288102,0.09766496930803571,0.21091938,-26.383993,140.19258,-39.56072,10.885169,-15.124473,-1.3789196,-9.627146,-3.0800798,-7.5941625,-5.589582,-6.9762545,-1.7842777,-1.565958,0.9888576,-3.4468536,-0.11614561,-1.1260426,2.1003737,-0.5624114,0.87727565
1766-251-3.wav,Gunshot,1223.2878432158254,0.06400390625,0.017406143,-351.05655,175.93187,-33.313046,11.156684,7.952387,-0.7133871,-3.3877845,2.6571789,-8.687205,-2.8123896,-4.576612,-0.42627525,0.6311869,2.8051798,0.31917533,2.080477,0.36090547,3.0496035,-0.04599859,1.1778187
1766-252-3.wav,Gunshot,1954.0874156179575,0.09634381773843931,0.20124486,-29.831585,138.79274,-36.71998,7.53298,-15.669013,-3.9365015,-10.821719,-1.9121362,-8.520392,-5.2471704,-6.1952686,-1.4835033,-3.2878985,0.26526144,-3.105073,2.3116696,-1.2039273,1.7496299,-0.32592118,0.81653047
1766-253-3.wav,Gunshot,1538.4326707939094,0.07836143092105263,0.2049283,-51.10704,167.18748,-37.400715,11.5866,-14.956468,-4.829047,-9.804911,-1.7597926,-7.327194,-6.3767037,-7.420517,-2.2596905,-3.914595,0.6884451,-5.1584334,1.9773487,-2.163506,0.46427074,-1.3156811,0.73958296
1766-254-3.wav,Gunshot,1469.9355687045997,0.06843307783018868,0.23033808,-35.29129,161.37234,-28.535637,18.030037,-11.193379,-5.1906633,-8.80041,-1.0917907,-7.881723,-3.5623016,-7.9720798,-1.8086957,-6.3207316,0.65586543,-7.1156073,1.4147068,-3.682026,0.41528443,-2.5904918,1.1859128
1766-255-3.wav,Gunshot,3347.7477318729975,0.19060832698170732,0.038827308,-260.00043,75.90076,18.414795,-3.883341,-12.888188,-6.700964,0.026763143,5.1732454,-3.4191678,-1.7681383,0.65786904,2.5236614,3.3883023,0.8842266,-1.5363435,4.32679,-0.45214295,1.436948,-0.10028393,3.6701388
1766-256-3.wav,Gunshot,1680.381027072967,0.09494065504807692,0.009419912,-487.65576,121.765976,-28.29287,-3.0464032,-11.814101,-8.739223,-12.537753,-4.141172,-8.177828,-2.4957073,-0.5334039,4.23379,5.190973,6.320426,3.0821664,3.8582032,0.7135585,4.0963945,2.318981,2.9888506
1766-257-3.wav,Gunshot,2558.3830781016018,0.12990467583955223,0.034386456,-298.29193,86.94103,-4.3760257,-5.349769,-7.0648513,7.0353475,4.5487204,8.572815,5.065168,5.9606237,-1.4796637,0.7587333,1.1071984,2.045826,3.417476,11.311165,15.0104885,11.54731,2.13703,-4.2183185
1766-258-3.wav,Gunshot,1718.5530676435385,0.10407672012061403,0.010663491,-457.59265,125.22096,-34.280464,1.0393476,-16.175457,-10.375104,-12.843316,-3.233408,-8.1366005,-1.9380811,0.21546116,6.1194034,6.642684,6.0770006,3.3515024,3.6518664,0.2876804,5.532514,4.2980704,3.309291
1766-259-3.wav,Gunshot,1712.7906394648764,0.006873497596153846,0.67620724,-96.42663,58.737907,-4.676124,12.268287,-19.948118,2.8835104,6.351313,7.264096,3.3328166,18.132612,2.6959152,9.37333,3.9957469,13.624891,4.725287,11.223144,10.043013,13.302344,4.8325706,4.101137
1766-26-3.wav,Gunshot,903.021818733801,0.008501519097222222,0.023818662,-550.2677,19.800407,6.305039,0.8456116,-2.2949274,1.6561847,2.7540061,6.304978,6.0548515,5.6861734,5.024644,6.6884394,6.5925097,6.091863,6.062516,6.1006665,5.3861527,5.7031817,4.845543,4.86105
1766-260-3.wav,Gunshot,2421.948915720874,0.14174882192460317,0.029873304,-301.989,93.919716,-5.7483654,-7.8929496,-2.9090946,8.286756,3.6594048,5.069515,0.07718686,3.6233578,-1.0879884,-0.7017297,-1.5529401,4.885695,4.2789536,10.5583515,12.563183,10.609831,-1.0355277,-6.989329
1766-261-3.wav,Gunshot,2599.1812657642026,0.07374790736607142,0.117490955,-112.11472,74.24858,-37.865013,10.942537,-37.06258,-2.876866,-4.0691786,7.134036,-6.8651824,11.538294,-2.693201,7.717427,-0.9026907,9.060512,1.3554375,7.9587617,5.314479,6.2529616,5.9589167,4.9669433
1766-262-3.wav,Gunshot,3149.1392478321845,0.164306640625,0.039355546,-254.71823,85.209465,16.836863,-5.3569818,-13.123817,-6.160268,1.0823163,4.433665,-5.4107227,1.3506021,-0.45334685,3.1603813,-1.5154401,2.4225051,-0.96596944,3.6295094,-1.3495901,2.6277432,-0.028471395,3.50298
1766-263-3.wav,Gunshot,1686.3960847324815,0.03125,0.21548684,-184.82742,103.822426,-25.598003,4.5488815,-13.391563,-1.9196931,-3.663734,6.7612896,6.671274,8.120805,-0.44660187,2.695088,3.3068352,11.119104,8.655308,6.814584,2.6508703,4.260284,3.3096323,2.1572437
1766-264-3.wav,Gunshot,2587.109660652272,0.1342486213235294,0.03305903,-265.2666,96.27979,-1.2047707,-7.7083874,-16.07114,-10.648256,-4.097488,3.762919,-4.6419244,-0.41615117,-4.5491524,0.3773935,-2.532942,0.5402395,-4.364776,0.74740535,-1.0222539,1.3039919,-1.107807,2.516192
1766-265-3.wav,Gunshot,1407.4723185227845,0.0030048076923076925,0.77957565,-134.94928,51.476223,-10.850057,16.673777,-18.446795,6.4339876,15.155055,19.506332,3.6190722,17.575956,5.8683753,8.7065935,5.552642,11.532008,6.130148,8.838452,6.28567,10.289114,7.0344577,8.881492
1766-266-3.wav,Gunshot,2232.91813270641,0.010967548076923076,0.5538611,-46.464355,54.412617,-14.513549,12.090852,-24.28888,4.289711,7.188979,7.808726,-1.0320642,12.636804,3.6569362,8.889091,4.0388055,13.073536,4.558937,9.928872,4.3410215,7.8506885,4.6831317,8.363387
1766-267-3.wav,Gunshot,1829.6102341536023,0.09169603430706522,0.20338239,-37.999767,152.40642,-37.33258,9.806993,-14.449658,-4.387663,-9.329849,-1.2562857,-7.6849465,-5.7505546,-5.7296944,-1.4352304,-2.5845203,0.041577138,-4.296711,1.9960934,-1.1356467,0.9306632,-0.47084936,1.9173356
1766-268-3.wav,Gunshot,2011.187377889765,0.10392252604166667,0.013732109,-301.6531,116.22482,-25.225334,16.039164,-13.770898,4.7629395,-1.1807894,8.446845,-6.018866,12.613158,-15.212369,3.8161335,-13.51841,5.7055855,-8.558912,-5.043858,1.1441798,-0.27152288,-5.897949,-1.6789671
1766-269-3.wav,Gunshot,2814.492935470738,0.12119989809782608,0.047958843,-306.11346,65.29447,5.424626,-3.406449,-5.356564,6.2587276,3.0865433,9.994633,5.5370626,6.378734,0.6161073,2.125641,-0.36889002,4.0800996,6.2756944,13.2481785,12.879599,11.921315,0.99288076,-1.9862754
1766-27-3.wav,Gunshot,846.5188021480405,0.005681295955882353,0.025533406,-541.74146,20.622824,4.932977,-0.73030823,-2.4376645,1.7210932,3.8871136,7.8151937,6.413816,7.027506,5.4821596,6.250486,7.465299,5.7134385,5.542698,6.0756087,5.722674,5.2495117,5.156085,5.58079
1766-270-3.wav,Gunshot,1321.0789830457861,0.05857719809322034,0.023144988,-416.35715,76.89825,17.064472,13.590669,9.58114,14.489479,14.15957,17.602245,12.417319,11.196182,8.695452,9.674763,8.471536,7.6373825,5.220846,5.3682876,4.1768565,4.9406443,3.1808064,3.7173617
1766-271-3.wav,Gunshot,2470.5312330093684,0.0548828125,0.32561472,-99.81756,51.49791,-12.2659025,16.157694,-17.417337,4.898116,10.943854,17.355537,0.56523836,11.776857,3.2925687,7.7911425,2.2225504,8.751924,1.5025991,7.8155046,2.6377037,6.655574,3.2795541,4.8592277
1766-272-3.wav,Gunshot,1821.9473921935598,0.07486397879464286,0.11567629,-253.9027,65.585144,-10.214729,16.824072,4.094114,10.481366,5.0569034,10.056497,7.6121683,9.661115,7.6476717,6.81558,6.0043073,6.741674,5.0477023,6.853727,2.2762148,3.0452993,0.91137326,3.582346
1766-273-3.wav,Gunshot,1863.8055367262818,0.09121263096098266,0.21443397,-32.15791,147.73053,-35.147793,10.918801,-14.719617,-2.5937707,-8.687,-1.3491442,-7.753378,-5.852481,-5.1850514,-0.67025876,-2.7137015,0.31078735,-3.4345775,2.7106347,-0.71822035,2.0664344,-0.24489777,1.0490339
1766-274-3.wav,Gunshot,2693.408628771955,0.12859375,0.055778112,-280.7484,89.93046,-10.426466,-8.290121,-5.460349,-0.17876041,3.6973467,9.129727,2.1361282,5.6486645,-0.70343536,2.156478,-3.3322268,1.3812419,-1.2329011,1.0030167,-3.3937998,0.5334949,-4.7540474,-1.7849368
1766-275-3.wav,Gunshot,1405.8488370400441,0.06905162183544304,0.21922788,-47.141357,170.37175,-36.038807,21.583593,-17.301981,-5.4537764,-10.437069,-2.0603464,-9.769244,-5.85848,-9.171606,-2.2269342,-7.1936083,1.1013287,-7.548261,2.1738765,-3.658471,0.6841076,-2.4147599,0.4158629
1766-276-3.wav,Gunshot,1919.463865786682,0.09317860704787234,0.05911186,-269.8404,106.48914,-0.79705095,-0.70568943,1.6864336,7.012844,10.533938,14.677494,2.5946293,8.076279,2.980562,4.8393917,-1.0996639,3.5220091,-0.59534365,2.5690637,-0.61994165,2.437048,-2.0439663,1.2133759
1766-277-3.wav,Gunshot,1641.7359403492978,0.09400745738636364,0.017029159,-412.42017,117.151344,-31.226154,-6.423495,-13.396292,-5.014451,-11.578628,-1.361574,-6.5717187,-1.1645796,1.3158466,7.288527,6.646924,7.7054467,5.3951707,6.2618537,2.356696,6.435053,4.896952,4.2309203
1766-278-3.wav,Gunshot,2540.1998962565417,0.12754128196022727,0.031116223,-277.4594,102.31069,9.206315,-6.704036,-3.6723886,-4.142668,-1.2627136,5.403792,-3.6242335,1.5405116,-3.147007,3.6106994,-0.31103918,0.7277969,-2.5309408,2.0917077,0.84548545,2.257394,-0.5629963,3.00072
1766-279-3.wav,Gunshot,1984.8183989844485,0.01006610576923077,0.67940754,-60.866306,50.712204,-14.232842,10.624292,-20.74952,3.86562,8.019053,11.510065,5.018611,13.789678,5.3734155,8.112179,4.3732543,12.486912,2.7720973,9.269219,6.5646753,9.7137165,4.1768804,9.00332
1766-28-3.wav,Gunshot,979.8790718394151,0.007960838607594937,0.010703064,-607.07227,34.413403,1.2684227,-6.6896524,-6.978311,-1.346723,-0.5730648,6.2758684,6.683585,6.982636,4.795488,7.2398567,8.482167,6.993205,6.430992,6.413968,5.5900693,5.5004573,4.836361,5.8156037
1766-280-3.wav,Gunshot,2752.5464370785107,0.15513102213541666,0.034916777,-210.22102,86.16968,-10.944118,-6.69,-4.559318,-7.2556252,-4.6215186,2.7710369,-5.27957,-0.5068322,-2.1795456,2.5135624,-0.37233034,3.192332,-5.0619364,-1.2308908,-3.160328,0.6259527,-0.98440194,2.5898063
1766-281-3.wav,Gunshot,1792.697804367553,0.07217324746621621,0.22140273,-17.492449,137.18777,-23.778133,17.135687,-20.196909,-2.7144966,-11.416554,-3.4706578,-11.798321,-4.841411,-8.598419,-1.2387949,-5.8516397,0.26339576,-6.229882,0.82771885,-4.6248255,1.1517626,-1.8630747,1.8712987
1766-282-3.wav,Gunshot,2180.8402761892703,0.12454744664634146,0.083856836,-244.46722,87.6497,-13.093273,27.446848,10.2862015,3.4003003,-5.6342,6.2435784,-13.662037,-0.60839397,-3.8766365,-5.7344084,-5.6451817,-0.741784,-1.6953957,2.5746932,-0.018488884,-0.45182595,1.5804882,0.035491154
1766-283-3.wav,Gunshot,1681.7591092556236,0.08556082589285714,0.21129839,-19.924805,139.58249,-43.181934,4.4156375,-30.12675,-6.8235745,-8.16828,-5.707944,-17.597359,-1.3133253,-12.134453,2.3333251,-13.927626,4.832157,-7.9913845,2.9968693,-2.8923569,1.864631,-2.0305703,1.1768085
1766-284-3.wav,Gunshot,2382.9033049857453,0.15968639445754718,0.05534408,-290.17554,75.52912,-20.109903,15.302457,6.5060654,5.552083,1.0765581,12.778315,-13.494381,-9.180929,0.2122393,-0.034762885,-3.7637274,2.4603295,-0.8743077,-0.6649667,-3.335724,-1.3412755,-2.1853497,-3.8723676
1766-285-3.wav,Gunshot,1650.4830637975538,0.08350771949404762,0.2138636,-18.660086,144.62186,-43.003586,7.472941,-30.510563,-4.1478553,-5.489996,-5.1533523,-16.413172,-0.12475034,-13.40415,2.6931424,-12.620789,3.8048644,-7.566702,4.629368,-2.4317274,2.9070456,-1.4254024,0.36862358
1766-286-3.wav,Gunshot,2223.389398301913,0.11504202178030302,0.105422996,-191.19955,96.58679,-7.6890726,19.636385,-0.5442469,3.4001596,1.4578649,2.9616337,-13.449446,-0.33695555,-11.322722,-4.369934,-3.9931548,-3.299337,-5.737001,0.7968405,-6.3116198,-0.3026937,-4.4727116,-0.76609504
1766-287-3.wav,Gunshot,2191.1814125508936,0.11677155671296297,0.13356613,-194.57439,88.66908,-8.5447445,28.435854,10.181513,4.1418695,-4.6945534,6.559313,-12.137367,0.28982925,-5.054119,-5.708063,-5.823777,-1.5499464,-2.1816418,2.1841686,-0.13261205,-0.39344814,1.7217809,-0.75332075
1766-288-3.wav,Gunshot,2045.0975507338835,0.10586402529761904,0.08858076,-232.06468,94.20643,-7.0559974,20.953072,-2.566718,4.4836216,-2.5731435,11.164979,-8.700028,-2.9241965,-6.814847,-7.791537,-8.639287,-1.3496011,-6.9590936,1.2287939,-1.5256917,-1.0756954,-1.767781,-0.42597967
1766-289-3.wav,Gunshot,2342.0394641286384,0.14397430419921875,0.077327825,-243.49231,80.60266,-17.197006,17.045023,7.1946173,7.5684757,0.30344066,11.280924,-13.727179,-7.3427725,-0.50488853,-0.1166646,-3.441473,2.2841246,-1.8544827,-0.8139854,-3.5171006,-2.0720053,-2.2772336,-3.5179286
1766-29-3.wav,Gunshot,859.2385166302194,0.006405101102941176,0.017631369,-577.78766,25.751688,3.5666773,-2.4646993,-3.281905,1.2751743,1.7807816,6.7925544,7.011263,6.27326,4.908599,6.8251624,7.588845,6.8832436,5.702418,6.2948456,6.1791754,5.908175,5.1912594,5.318002
1766-290-3.wav,Gunshot,1970.8454243431681,0.030919894366197184,0.103522874,-235.0613,95.50544,-21.694042,0.37449342,-16.557383,2.7129395,0.35380054,8.924762,3.0628529,7.914782,0.7356496,4.581994,2.6091259,6.47242,2.9281306,2.903124,1.2642795,3.5607307,-0.40942124,1.7761978
1766-291-3.wav,Gunshot,1698.49857172133,0.11185923793859649,0.034893405,-296.16525,132.34108,-74.515045,-10.326819,-22.455364,-25.813866,-22.03626,-14.1773405,-15.861019,-10.966134,-8.817514,-3.7647808,-2.3039272,-0.5382693,-5.6346455,-2.2117076,-5.773329,-3.0366817,-3.8140452,-3.095799
1766-292-3.wav,Gunshot,2044.7673411276253,0.08983256798664122,0.031994168,-366.23773,55.76846,4.1805463,-0.63155055,-5.806841,-1.0465013,0.8777218,5.176014,4.996445,6.0986032,2.7101448,2.759003,0.5443008,1.9250227,0.93701017,0.8682348,-0.8310814,-0.21199664,-0.5379966,0.12666169
1766-293-3.wav,Gunshot,1730.4501597037977,0.11163605011261261,0.056337304,-255.72255,126.50334,-76.01981,-20.936155,-24.747908,-23.483786,-22.741415,-11.957876,-17.007315,-11.291821,-8.342147,-4.1240616,-4.0944657,-0.7271876,-4.27029,-1.2742665,-5.2662745,-2.25246,-3.169085,-2.8286827
1766-294-3.wav,Gunshot,2666.210086119846,0.126165771484375,0.03804096,-238.66158,92.9869,-11.346611,11.957716,-20.40655,0.9906405,-9.989281,-6.0989814,-4.3686247,-10.347784,-1.0623809,-9.790504,-3.1330762,0.081140235,-5.0742188,1.846953,4.457169,-2.8529794,7.9777017,0.6752283
1766-295-3.wav,Gunshot,2042.571599880653,0.125546875,0.048933234,-188.36223,114.57973,-57.69351,0.4962492,-22.637653,0.5167436,-13.731328,1.5011575,-11.421797,-0.051422093,-11.557075,-3.7901514,-7.244921,-4.0658956,-4.563248,-3.426777,-7.3340497,-5.674627,-5.724053,-2.4179306
1766-296-3.wav,Gunshot,3342.443498676642,0.19795496323529413,0.18533485,-30.808573,58.964657,-15.580636,7.2509656,-19.0657,0.49433282,-19.56411,2.1924062,-13.1992035,2.7996225,-5.2357416,1.9892107,-6.5793314,-2.000539,-5.5994034,0.660727,-4.05212,-0.3903289,-4.3808923,1.2774366
1766-297-3.wav,Gunshot,1880.7371987279646,0.09128803453947368,0.03362055,-371.53192,58.478024,-12.464159,-0.5818448,-2.7046063,4.8844533,2.6788206,7.904051,7.8818803,13.529589,8.79768,10.052165,6.1901264,6.155336,5.8227377,5.9145064,4.029092,4.6706886,2.6237059,3.4632764
1766-298-3.wav,Gunshot,1537.090784894193,0.045811244419642856,0.07932552,-331.84445,53.198185,-7.247451,4.7140684,0.0941928,3.6648743,-2.008482,1.0173386,-1.1450512,1.4120238,-0.029274251,0.1167,-0.08824835,2.9547153,5.137017,3.9151008,0.81731266,4.2568088,3.2483554,6.409436
1766-299-3.wav,Gunshot,1696.1806751738568,0.0385986328125,0.100782596,-272.59564,68.51205,-9.591342,2.8921971,-2.282759,3.9622345,-3.1508358,0.6492644,-3.7315784,1.0915788,-1.2094686,-0.28775367,-1.6330118,1.629782,5.9471006,9.173068,2.2725873,4.1615105,3.2840724,5.8233004
1766-3-3.wav,Gunshot,814.3445446933478,0.025504434915413533,0.0071402215,-561.8161,128.19817,4.4614477,17.637714,9.794231,8.367962,6.174012,10.105326,7.273098,9.082986,11.832035,15.079206,15.851438,14.694478,10.488211,9.129029,7.706139,9.546956,7.8380394,6.333003
1766-30-3.wav,Gunshot,448.8126006779185,0.0016811708860759494,0.034963947,-528.1824,20.65967,7.1324353,2.0147102,-1.1661823,2.978578,3.732707,7.4070077,6.7853994,7.074301,6.342595,7.495574,7.029029,7.089649,7.023168,6.7978377,6.383959,5.9451323,5.4594126,6.3847575
1766-300-3.wav,Gunshot,1535.96841854781,0.08213089923469388,0.22125027,-28.002636,156.9339,-45.58475,11.574871,-29.567019,-2.5911863,-6.6980815,-5.24575,-15.482823,-1.623472,-11.041979,3.386205,-12.364905,4.8449693,-7.2223625,3.1533597,-3.6635277,1.7837304,-1.8379945,-0.8179726
1766-301-3.wav,Gunshot,1737.7754132185119,0.04762027138157895,0.10988245,-258.75357,75.02797,-9.710134,2.72335,-1.4982705,4.9311714,-1.8961587,1.5167835,-3.7698522,1.1292893,-0.51854694,-0.42223674,-0.73958695,2.5217097,5.0173807,8.8860235,0.367141,2.4238544,2.7744045,6.0631013
1766-302-3.wav,Gunshot,1897.9349642201478,0.10967852618243243,0.056331996,-177.81406,122.44909,-55.017017,1.0475564,-24.313917,-1.7487764,-20.269384,-3.5473258,-12.130167,0.16383316,-7.259298,-7.647313,-7.1630907,-1.9919621,-5.978237,-5.753775,-8.243365,-4.2980847,-2.9885716,-2.7774513
1766-303-3.wav,Gunshot,1655.3549011702933,0.04026100852272727,0.097170584,-292.09576,65.02945,-8.220681,3.6101594,-1.1937962,4.429499,-2.0965364,1.1916922,-3.3223517,1.2815647,-1.0174581,-0.31355143,-1.4641044,2.0145519,5.26249,8.703359,2.5719652,3.8424966,3.7258742,5.375524
1766-304-3.wav,Gunshot,1752.3586696206276,0.09334716796875,0.20175107,-19.768415,137.04263,-43.85134,7.994891,-31.666662,-4.3530416,-10.809733,-5.974835,-15.444235,-0.66107607,-14.103824,3.1979215,-12.0377035,2.6580524,-8.366407,3.0849,-3.1953442,2.0619433,-2.0904155,0.13630135
1766-305-3.wav,Gunshot,1745.0351391484683,0.035798725328947366,0.109497525,-258.9375,73.21273,-10.388137,3.53043,-1.2289188,4.502316,-4.0609956,1.7002382,-3.9053807,-0.037403196,-1.0421431,0.056924187,-2.847926,1.8540049,6.040094,9.153024,2.0572593,4.5096965,3.899808,6.16246
1766-306-3.wav,Gunshot,1674.6273966999156,0.041060014204545456,0.09652102,-291.594,65.954216,-9.869636,2.8518593,-1.8388768,3.8883164,-3.959567,1.4237407,-2.6612701,2.6431973,-1.2216218,-1.2611293,-1.4625114,2.8539312,5.6437693,6.7612233,0.6925377,4.5780387,5.875115,6.917157
1766-307-3.wav,Gunshot,1727.8247587035446,0.03477076480263158,0.10213994,-264.5254,73.62098,-9.508963,2.4099362,-2.2090905,4.9625473,-3.5289276,0.23780122,-3.891835,1.2778512,-2.6475914,-0.41369164,-1.5574234,1.763555,5.3141356,8.933063,2.6613517,4.5333586,3.8214393,6.7504153
1766-308-3.wav,Gunshot,1675.0893903050492,0.10370365877329192,0.025237229,-373.80716,129.74742,-56.72435,-18.98742,-13.603185,-18.667566,-20.640903,-11.851976,-15.375047,-10.625878,-9.050568,-5.740957,-3.0828357,-0.030346982,-3.5498812,-2.8847632,-4.198891,-2.2392912,-2.843153,-3.3817048
1766-309-3.wav,Gunshot,1628.1237103869273,0.039143880208333336,0.08843643,-311.7944,59.420727,-7.268389,3.5270798,-0.572998,3.5473435,-1.8782549,2.0274627,-2.560187,1.105827,-0.42647132,0.5552214,-1.5345949,1.9130616,5.108141,8.154119,2.7819767,3.4508922,3.715726,5.0274405
1766-31-3.wav,Gunshot,2021.5111772560317,0.08875774515086207,0.029976036,-370.71573,83.52728,-0.060807787,8.987577,1.2154562,11.608745,0.96085423,6.214606,-0.9581012,-2.6652887,-4.5615206,-1.7257717,-4.6974635,-2.9469912,-6.40853,-2.249127,-3.7704184,-2.6196504,-1.7732171,-1.1987436
1766-310-3.wav,Gunshot,1572.5865622886315,0.033755095108695655,0.0881273,-304.42075,60.752377,-8.087334,3.1368651,-1.1740884,4.4636955,-2.3891544,1.4821261,-2.2402859,0.8405876,-1.2152762,0.6272499,-0.90012723,1.7779248,4.8634396,8.612602,2.8766723,3.8341045,3.33959,5.735526
1766-311-3.wav,Gunshot,2902.4253651147433,0.1790625,0.11314283,-144.24496,65.721695,-33.505825,9.372771,-23.192102,12.460918,-1.1078072,15.450833,-1.2889564,6.3139606,0.48560262,9.705917,-0.87620765,6.9469805,-0.96450067,7.108849,0.7824247,1.3911592,-0.5344838,3.7083497
1766-312-3.wav,Gunshot,968.4503930550654,0.04493197737068966,0.008776961,-508.22678,145.92422,29.012154,13.120871,2.5769274,-1.4603949,-4.7406173,-3.7769897,-1.9413216,0.87264246,1.596876,1.8381343,0.8681342,-1.4974186,-5.371228,-8.233675,-9.899683,-7.7278852,-6.0095596,-3.88972
1766-313-3.wav,Gunshot,1065.3026986399946,0.056313189338235294,0.013990746,-429.85175,158.94656,-1.2189736,6.8300805,1.0104033,-7.861389,-9.841292,-4.8363047,-4.2450423,-1.0709258,0.09964477,1.4023138,-0.13458854,-2.0164661,-5.282774,-8.771046,-10.613549,-7.402208,-5.737149,-4.532823
1766-314-3.wav,Gunshot,993.0515888527543,0.052333286830357144,0.01364948,-435.45572,162.89375,7.631328,7.7038755,4.3234744,-4.7720556,-8.26968,-4.507647,-3.6298897,-0.5593842,1.2984377,1.4783775,0.3426683,-2.0233355,-6.117515,-8.568303,-10.238674,-7.419782,-6.858204,-4.8212485
1766-315-3.wav,Gunshot,1038.658322054271,0.051987591911764705,0.012155579,-453.00986,155.55579,10.828795,7.205715,3.682397,-4.5868826,-7.7333007,-4.0201025,-2.4868596,1.1156522,1.9131627,3.1146324,1.2539488,-1.9309217,-4.2481775,-7.5884137,-9.806748,-7.3650846,-5.6405683,-4.2476625
1766-316-3.wav,Gunshot,962.4484143478406,0.04654435285433071,0.011161398,-465.01917,159.83989,24.208654,10.78513,3.5782382,-2.9713254,-5.382752,-3.5958347,-1.4242194,0.17326827,1.9708827,1.6445456,1.9131409,-0.36201474,-3.0075083,-7.240203,-9.269077,-7.0788336,-5.0303526,-4.2536645
1766-317-3.wav,Gunshot,949.0871226224311,0.04267086772798742,0.009063842,-490.89407,150.74858,26.337608,11.705537,5.5702143,-1.7738396,-4.9629183,-2.2768743,-1.4207617,-0.33273676,1.1573883,1.941369,0.44770727,-0.42979115,-3.2967908,-6.6406593,-8.653255,-6.8931217,-5.73225,-3.902571
1766-318-3.wav,Gunshot,936.2959301367368,0.04248046875,0.01098392,-471.11517,158.17265,18.78786,16.503386,5.1494465,-3.063243,-4.3046927,-2.493255,-1.1306171,0.039892904,1.9777601,0.513838,-0.060285512,0.22388284,-3.5571284,-7.580997,-8.58511,-5.6482334,-5.4734426,-4.192129
1766-319-3.wav,Gunshot,895.0852476635896,0.04731574944690266,0.012308915,-462.17236,166.45714,17.804722,9.917316,5.170834,-2.1843457,-4.463546,-2.1678543,-2.1838439,0.81734985,1.3948677,2.8505461,1.1775811,-0.63146615,-4.6903744,-7.7145967,-9.214606,-7.6609387,-6.4501033,-3.5384853
1766-32-3.wav,Gunshot,2133.1572577974157,0.04563950047348485,0.002938107,-669.4738,74.45436,-11.125933,-19.78985,-18.369036,-6.1661673,-7.7633853,5.4801173,8.087736,7.168663,1.3864459,7.331292,11.155193,8.393648,5.092878,6.759256,6.902523,6.0086017,4.0232778,5.0573153
1766-320-3.wav,Gunshot,1823.2541604224807,0.11328557107300885,0.054903183,-251.79459,120.89646,-44.653168,-5.5322556,-11.8009815,-13.0830765,-14.192929,-3.979119,-9.678426,-3.0525079,-1.4089583,2.752135,4.0365467,4.4352083,0.5823271,2.0627022,-0.1303659,1.2227353,0.6171617,1.1246156
1766-321-3.wav,Gunshot,2259.1953273400104,0.144287109375,0.00770524,-452.84857,82.45383,-38.303303,-8.031849,-10.224637,-5.583466,-11.225495,-3.0370424,-6.6136913,0.8732436,2.8603363,6.0500336,4.8948374,4.5042667,2.1086855,2.369703,2.480234,2.3873494,-1.0251658,-0.5787156
1766-322-3.wav,Gunshot,1512.3422493318596,0.08087300145348837,0.22392267,-31.923687,155.67609,-47.40817,6.8949933,-33.414597,-3.0743334,-6.264798,-5.761707,-16.993498,0.8862957,-10.494923,1.2748353,-12.27712,5.1390433,-8.041908,1.1750768,-3.7268374,1.7064165,-0.92915267,1.119726
1766-323-3.wav,Gunshot,1829.3197893701881,0.11457887414383562,0.028587364,-250.59503,132.10007,-48.99501,4.7029557,-24.349236,-0.27792922,-13.916898,-1.9455462,-8.041595,-4.69974,-9.988551,-4.9132752,-3.5604436,-6.2042694,-12.886135,-7.570641,-8.548014,-5.3234034,-10.202875,-4.738625
1766-324-3.wav,Gunshot,1738.8937683171057,0.033627717391304345,0.12806949,-265.27264,93.983635,-10.050466,4.3552065,-8.396271,-2.3458383,-0.0924853,8.850109,4.7664104,7.9412193,2.389634,4.2788243,3.5876908,9.151015,9.285687,7.2753935,4.268597,5.3371773,3.5380616,2.0155523
1766-325-3.wav,Gunshot,1757.4401855012584,0.10301245712652439,0.039338026,-328.53174,108.840294,-28.266394,-11.787659,-7.319945,-7.6983485,-12.292857,-4.62072,-8.408252,-3.3343647,-2.589344,0.63763106,2.6219428,4.889763,1.9409926,1.3431382,0.71852887,1.9960546,1.1257892,0.8750147
1766-326-3.wav,Gunshot,2272.0918345113923,0.12139813311688312,0.05066713,-280.08228,60.904095,-17.806885,3.8798432,2.7400978,6.5453534,5.636301,12.895002,10.145821,18.095522,12.212736,12.4116,7.919624,8.722687,7.3617735,6.2257333,4.711626,5.039384,3.3380587,3.2990985
1766-327-3.wav,Gunshot,2179.3274442669217,0.13870711179123713,0.0062847612,-476.2491,84.50353,-37.259605,-11.225254,-6.2094703,-1.5664757,-10.547696,-2.4535303,-5.237163,-0.24651904,1.4180046,4.8401403,4.908838,4.7477155,2.1844203,1.4961321,1.0074764,2.413845,0.33062705,0.9385565
1766-328-3.wav,Gunshot,1053.5810585612385,0.05083226445895522,0.016693119,-415.37848,168.18275,-7.3565574,15.327997,2.1851966,-7.1850896,-5.713963,-5.062898,-3.6162434,-0.44136757,-1.8248671,0.7662823,-1.6984546,-1.9852588,-5.583347,-7.819017,-9.450505,-7.1647024,-5.497823,-3.6712546
1766-329-3.wav,Gunshot,1795.282314129341,0.09615478515625,0.2197388,-7.2482643,130.06876,-40.561928,5.3445044,-25.717785,-9.6371565,-8.070465,-5.5083632,-17.216633,-0.4104144,-13.787662,4.751399,-14.027194,3.5459492,-8.749501,3.2242553,-4.346565,1.2302842,-3.1346855,1.6347072
1766-33-3.wav,Gunshot,1363.3199884303117,0.07440544577205882,0.07802757,-314.35132,91.928894,9.900801,1.4234105,-8.552156,-5.7270327,-5.2377787,-2.707094,-4.2121453,-3.3129427,-3.7431874,-1.8421465,-2.431063,-1.2105776,-1.4423509,0.21600033,-0.87412214,-0.063281536,-1.4756021,-0.24298537
1766-330-3.wav,Gunshot,2265.6655856069888,0.14527803308823528,0.006806644,-464.4541,81.327835,-35.2168,-7.988195,-9.030478,-2.5300565,-9.93214,-4.3519907,-6.9555125,-0.11410571,2.019161,5.1664824,3.8963983,3.350298,2.5786922,2.2996054,1.4729588,2.22041,0.035983864,0.036698062
1766-331-3.wav,Gunshot,1813.8830612840172,0.08389559659090909,0.23977472,-3.7882814,127.05738,-36.96724,-0.16650277,-26.441017,-5.8790636,-8.54911,-7.4708753,-13.764243,0.6022887,-10.821384,3.8907492,-13.02894,4.516151,-7.4398074,3.404336,-3.8506293,2.2885523,0.039934993,2.1001139
1766-332-3.wav,Gunshot,1184.0467126690144,0.04862282492897727,0.012731857,-435.87607,144.95186,2.8212557,12.204962,6.817362,3.52692,-2.476751,-3.1417468,-3.2277048,0.9203293,0.06957591,-1.021783,-5.79176,-4.764466,-2.890451,-1.9003036,-7.272022,-7.1704865,-6.418651,-3.6629097
1766-333-3.wav,Gunshot,1719.5785971017767,0.09306640625,0.20522283,-13.426626,136.49814,-40.32099,10.4751215,-24.357752,-4.3060575,-4.2200117,-5.15348,-15.564811,1.7419417,-12.60166,5.401801,-12.920749,3.8258536,-7.9530096,3.6169026,-3.6268027,0.77532876,-3.1406744,2.2732472
1766-334-3.wav,Gunshot,2242.4550152648935,0.14066162109375,0.0070260554,-465.79507,84.478004,-32.158348,-5.4220657,-10.505014,-5.916951,-10.613401,-2.4851508,-7.085177,-1.2781522,0.9094461,3.9929054,5.0092354,4.8409376,1.3157746,0.6623604,0.22471014,1.8689308,0.104384735,0.0074082376
1766-335-3.wav,Gunshot,2607.5781889494074,0.13735239742366412,0.029062187,-229.82553,93.75183,-0.08928279,6.281262,-5.2959957,2.0377452,1.1731697,-0.17473032,-8.499481,-2.988522,-6.0202284,-5.8997264,-7.468502,-1.8472285,-4.243949,-0.8395242,-4.155979,2.155164,-3.68899,0.4029972
1766-336-3.wav,Gunshot,1680.51368100788,0.06760231508027523,0.065781504,-293.26715,121.30336,-5.3898425,7.7715716,6.1239185,11.279803,5.927952,5.660427,1.8460628,2.6433232,-0.55744165,1.17869,1.9040037,2.7482913,1.940359,2.9304957,-0.2539526,0.5632464,-0.7238023,-0.93433744
1766-337-3.wav,Gunshot,2631.72558675767,0.15587022569444445,0.0138301505,-367.87738,78.40888,-41.860973,3.9324944,-7.1233053,1.0625604,-8.962805,-5.0352287,-3.2787004,5.4696507,1.6141346,8.414214,4.9079776,7.49712,2.6848984,9.637555,5.6666293,6.946257,4.5921164,6.374761
1766-338-3.wav,Gunshot,1543.5189001322155,0.07528615552325581,0.22912058,-28.250984,152.19565,-42.28684,10.827472,-29.117258,-4.1820335,-7.8152046,-5.7888627,-13.927906,0.46155012,-13.662717,2.4339325,-13.068003,5.1325316,-8.432141,1.2417029,-2.8680036,0.2421504,-3.381507,0.5469812
1766-339-3.wav,Gunshot,1787.966254446387,0.0819091796875,0.029520446,-250.16505,125.71338,-24.09989,16.826582,22.98947,-5.3509283,-7.1265492,20.107695,-4.0149746,-10.166802,-6.4820333,-6.847891,-13.183572,4.1469307,-19.378828,-6.784797,-3.0211189,-12.5725565,-7.9987698,5.9728603
1766-34-3.wav,Gunshot,2490.060983446814,0.11075015943877552,0.119697414,-155.31458,80.70819,-5.81829,17.826374,-7.2398477,19.89086,-2.7161071,14.459012,-0.8108683,7.0651007,-0.9003805,7.7045693,3.1157987,10.871758,-1.3058798,7.9675865,0.58127606,4.144383,1.1436642,2.1227076
1766-340-3.wav,Gunshot,2086.1152047968985,0.13803150614754098,0.030072464,-233.86809,121.77538,-49.16678,3.0097635,-30.891087,5.793392,-18.23868,0.60569715,-14.549303,-6.4242296,-3.5421898,-9.682367,-2.0877545,-8.130889,-9.873773,-2.3363295,-8.720681,-5.6912947,-11.265761,-4.1806
1766-341-3.wav,Gunshot,1823.5540527282303,0.11115373883928571,0.071471214,-224.61551,121.592285,-50.850212,-12.056564,-15.005228,-11.018779,-13.960604,-2.2701914,-10.163847,-3.6196818,-0.9211732,3.0606406,2.696476,4.7401633,2.0655901,3.880323,0.25382295,2.8442454,0.9979419,1.5182792
1766-342-3.wav,Gunshot,1706.671578253857,0.08966870577830188,0.21063295,-14.01581,137.03519,-42.198944,8.762064,-25.037146,-6.133114,-6.923287,-4.7827206,-15.971517,1.2740784,-12.61028,4.5402527,-12.515751,3.6261015,-6.7496634,2.737851,-4.9061713,2.7930908,-2.4465544,1.1881293
1766-343-3.wav,Gunshot,1710.4399501636651,0.0290027296686747,0.06795438,-279.679,101.95263,-16.914577,-0.58239937,-11.568592,-0.17471533,-1.6695082,9.007047,8.138386,11.049658,2.3978229,3.2901359,3.6706657,7.1076794,4.2487144,2.7333663,2.2116427,3.6640918,2.8293402,3.2832575
1766-344-3.wav,Gunshot,2964.954253971201,0.13389214409722222,0.0051667076,-536.2955,70.91747,-15.071787,-3.6740265,-3.4211392,3.4932964,-4.093918,-0.97705024,-1.1611546,6.7805605,3.2294574,7.7619834,5.175684,8.038756,4.8581595,8.867959,5.8497896,7.5343976,4.6877966,6.457938
1766-345-3.wav,Gunshot,3104.3055144515265,0.1270805027173913,0.0057649463,-541.46173,64.935776,-1.8391263,-1.3324388,-10.447379,1.6685127,-2.2122877,1.6877261,-0.69842154,4.9856825,3.5544295,9.297613,5.177907,7.749818,4.9943104,8.681223,5.6692767,7.1783257,3.428517,6.23977
1766-346-3.wav,Gunshot,3024.1091818434948,0.12329293799212598,0.0040596635,-579.0493,64.91088,2.672881,-1.2382334,-6.3422403,3.0661635,3.110746,3.5761392,2.8327463,6.1648664,7.4748707,9.346526,8.414445,8.27413,6.761317,7.776462,7.279147,7.22181,6.0097704,6.502592
1766-347-3.wav,Gunshot,2127.483491842248,0.07711270960365854,0.023597978,-305.38364,83.8351,-37.73486,3.9978306,-7.18224,8.013755,-8.005968,2.2514346,2.9803684,13.6891775,9.70655,14.28202,10.181754,9.3090315,4.66354,13.124554,10.658392,10.690496,8.075823,8.899387
1766-348-3.wav,Gunshot,2795.6284208129227,0.11592945772058824,0.00653493,-514.009,72.81341,-18.296635,1.4506998,0.16836911,5.044612,-3.6012168,1.0782942,1.7620829,8.28422,3.717284,8.970947,5.9197717,7.476548,3.9600446,7.8949103,4.974379,6.0274787,3.3453045,4.9988213
1766-349-3.wav,Gunshot,1734.2235837162593,0.04616477272727273,0.021049136,-375.45663,91.09864,-31.04323,3.3280022,1.6154286,7.891412,-4.0638003,2.1975734,5.1969543,13.990593,8.904623,14.70455,11.305927,10.771599,7.216593,15.581713,11.910273,11.531269,6.7337537,8.989953
1766-35-3.wav,Gunshot,1550.4981576006999,0.08003373579545454,0.2203022,-26.55257,153.56036,-45.60976,9.3329935,-29.884813,-3.7730863,-7.263376,-6.311321,-15.752475,-2.4936101,-12.672842,3.1337655,-12.485088,3.0511901,-8.011791,3.5798736,-1.9222786,1.9168186,-2.9380608,-0.24251437
1766-350-3.wav,Gunshot,2032.1201499938304,0.08552689985795454,0.019278599,-337.27594,90.98203,-38.46856,0.93254524,-5.868703,5.1916304,-6.729256,-0.8445211,2.3663676,13.235185,7.2352877,13.647507,9.704935,9.933626,5.679414,13.345496,10.246064,10.96494,5.717822,8.334502
1766-351-3.wav,Gunshot,1835.9037092533626,0.10155243234536082,0.0013436518,-619.7199,123.83183,-44.85271,-10.034949,-5.273713,-17.465946,-18.028988,-9.866266,-13.309158,-5.9523625,-4.705592,1.3550689,1.3604983,1.6666358,-2.9319377,-0.9333345,-1.1986997,2.7240393,-0.57959396,-0.6515464
1766-352-3.wav,Gunshot,1970.849205874677,0.11980576402559055,0.020331077,-369.5917,84.2171,-19.784313,-2.941427,-5.5349603,-0.91434604,-7.5451713,-0.7864979,-2.016217,1.9488336,4.653554,7.8007083,5.725129,4.5921702,2.0733197,0.82507795,-0.26982063,0.78829306,-0.8422744,-1.1914026
1766-353-3.wav,Gunshot,2147.4109199427307,0.14022288602941177,0.022239462,-363.87744,96.82254,-41.443268,10.37377,-18.037825,12.241254,3.8840969,5.839955,0.032664664,6.216881,0.043062575,5.527273,-2.6678505,-4.7967567,-10.890714,-9.868782,-11.445785,-4.782661,-4.500079,-4.4391994
1766-354-3.wav,Gunshot,1800.2330123820611,0.1105813419117647,0.0029329346,-570.4331,111.582634,-54.142544,-23.123535,-10.810605,-17.233465,-17.182093,-11.064567,-11.498593,-6.186713,-3.6152794,-1.283815,0.14676149,3.798863,0.79881614,1.0409838,0.47697967,0.798327,0.3673601,0.65053636
1766-355-3.wav,Gunshot,1546.288473139448,0.07206217447916667,0.013738693,-500.9751,87.709854,11.152599,23.028006,-3.1902,2.1956182,-4.2700677,1.2989467,-1.9319232,-1.4156256,-2.7178807,-2.4626741,-1.8997053,-2.1332483,-3.1267073,-1.8495831,-3.8224428,-4.0474377,-2.6979342,-2.0604608
1766-356-3.wav,Gunshot,1776.313831214322,0.10756429036458333,0.0026381656,-575.23285,113.845665,-42.12978,-14.908691,-6.33534,-16.064772,-15.9369,-9.985627,-12.525126,-3.9447525,0.18617053,1.3038836,2.524363,3.7248783,-2.5170944,-1.1580746,-0.29192218,1.3549515,-1.1502517,-2.0459845
1766-357-3.wav,Gunshot,1840.181362331258,0.10288454451650944,0.0018948626,-606.0576,117.42476,-43.833714,-13.147395,-6.2964277,-15.288669,-16.74232,-11.601607,-11.983641,-7.2396574,-3.3425617,0.24532585,2.8723953,4.1566424,-0.6837474,-0.9844989,0.39300573,1.2938265,-0.83340186,-1.0850439
1766-358-3.wav,Gunshot,1730.4839050512307,0.04676011029411765,0.028836302,-350.22412,87.32697,-35.92776,6.1219687,2.6812918,8.872028,-5.316287,1.3956579,6.8705587,13.33236,8.417791,16.907574,11.618408,11.412214,8.274436,13.99338,10.313567,10.586739,8.455548,8.478707
1766-359-3.wav,Gunshot,2052.732837469133,0.07181490384615384,0.028087836,-296.6445,86.13265,-41.55479,3.8132613,-4.7137046,7.119005,-8.3069725,0.8495538,2.8418972,11.962162,5.995741,15.189729,10.675387,9.789746,6.1713743,12.984757,8.433322,9.718029,7.4666495,9.558154
1766-36-3.wav,Gunshot,1564.5725732520268,0.08177548363095238,0.21549915,-28.207726,151.59082,-43.590652,9.801921,-30.501738,-4.6948943,-5.711755,-5.5462728,-17.370663,0.101259604,-11.788376,2.4058356,-12.820131,2.2427409,-6.015662,3.7613308,-3.3354797,1.8266432,-2.4943278,-0.45755845
1766-360-3.wav,Gunshot,2115.2059605522995,0.08676215277777778,0.023358263,-321.61417,80.33625,-35.64222,1.0971115,-1.9123387,8.229564,-6.0941687,1.9606985,2.5968227,12.031025,7.879741,14.266621,9.438738,10.340429,6.3440356,13.600495,10.184422,10.996731,5.6989694,8.79374
1766-361-3.wav,Gunshot,1280.9071866788668,0.050126953125,0.14239872,-192.92159,141.71523,6.706646,25.728449,3.718131,9.227233,-5.404054,7.0928307,-2.7639472,2.0608861,3.7298934,3.602179,0.8215822,0.5758304,-0.8408158,1.3975158,1.3932239,4.320357,-0.4080311,1.6342642
1766-362-3.wav,Gunshot,3365.098530675773,0.16606756981382978,0.042514306,-332.4184,11.757002,-51.12005,15.23939,-0.991026,18.003782,5.758005,15.632686,8.186868,4.143119,1.6017648,1.3954453,-1.9038162,6.571661,-0.17462166,4.450562,2.2117338,1.0398768,1.7768062,2.4802766
1766-363-3.wav,Gunshot,3560.6792567648777,0.15054898648648649,0.07401869,-300.24936,0.38732806,-40.300373,20.560041,2.7871983,19.040615,6.2090826,13.072477,8.12108,2.9923437,1.4016674,2.4363897,0.67111754,7.209691,1.9506384,5.338253,1.5726907,3.190771,4.2104225,2.6580634
1766-364-3.wav,Gunshot,2671.4590899504274,0.11405123197115384,0.031258713,-400.39337,10.06682,-26.970665,8.251858,4.5729856,16.113749,10.066797,13.153414,10.369143,4.256977,3.1009228,2.5945747,3.1281974,7.025885,4.00324,6.463653,2.908402,3.185206,4.979778,4.4007096
1766-365-3.wav,Gunshot,3370.559115584424,0.15006510416666666,0.09434348,-271.4011,4.942899,-40.663937,13.565702,-1.2893295,15.902941,6.1231484,14.071028,8.849458,4.206053,1.5138146,2.436908,-0.29944324,7.0822062,1.7448837,5.1995707,1.7655951,2.6947567,3.4096165,2.7849684
1766-366-3.wav,Gunshot,1640.4526223147436,0.08725922683189655,0.008351614,-359.50726,143.27046,-21.224567,-13.016686,-11.9250765,4.7312045,-4.5608993,2.2943094,-10.953566,-7.1712375,-3.2447307,-6.2186503,-1.079859,0.84359,-5.369388,2.1561918,-11.882666,-1.8687682,-5.2112994,-3.9787242
1766-367-3.wav,Gunshot,3117.787001230915,0.21577893273305085,0.037932307,-266.6316,51.44464,-48.82167,-14.77488,-2.166491,12.721575,-0.14748299,13.513684,11.432351,11.693478,5.2273064,11.562614,1.1105174,6.711365,2.0902574,2.1419673,0.81501037,3.820602,-1.6491773,1.5735594
1766-368-3.wav,Gunshot,1814.7842837438309,0.11353125,0.02016482,-374.99088,87.50476,-18.315214,-5.493269,-7.1888695,-2.949277,-6.9434047,-2.803743,-5.178005,1.2905357,4.5789747,7.9994764,8.152466,6.7138524,1.8891318,0.800002,0.8139288,1.803485,0.36719936,-0.39434052
1766-369-3.wav,Gunshot,1869.520376076363,0.11228966346153846,0.16153347,-196.56201,95.18727,-35.1324,-0.79209924,-6.5445285,0.072868,-4.0650144,-0.44199762,-1.2578471,0.4791488,-1.3781611,1.8958855,0.23262902,0.23817004,-0.09319708,1.2433366,-0.18580094,-0.96731377,-1.613669,0.14145088
1766-37-3.wav,Gunshot,1597.73848650826,0.08160400390625,0.22018723,-23.566854,147.72656,-43.518932,6.093856,-30.236597,-5.2674956,-6.396677,-6.774812,-17.284039,-0.11304798,-13.184717,1.9314018,-11.614324,5.1199656,-9.373484,3.148465,-3.45186,1.6115477,-2.4945292,0.19480768
1766-370-3.wav,Gunshot,1806.363111462367,0.10286889486754967,0.017335331,-397.93997,78.182144,-10.11379,0.37754887,-4.1165657,-1.1108413,-4.473926,-0.51196665,-2.554901,2.521051,5.313382,7.726564,7.593836,7.024508,2.7206264,1.3072356,1.1602395,1.2671888,-0.3037092,-0.748383
1766-371-3.wav,Gunshot,1568.4317845609592,0.08084422144396551,0.008823763,-361.75452,145.1281,-19.690382,-16.00441,-2.9372299,4.2475176,-2.174344,-0.20465758,-12.969415,-7.208065,-10.407837,-2.6882622,-2.261667,1.440111,-3.4801993,-1.268828,-7.1966867,-2.917613,-5.820279,-3.465226
1766-372-3.wav,Gunshot,2707.397474452983,0.12215367759146341,0.024116207,-419.58313,18.280096,-31.49807,5.2298694,3.2468503,18.715975,12.068997,16.008196,11.325021,5.8074055,2.9442544,3.1850553,2.1386256,5.8418865,3.1609595,6.6179757,3.558881,3.1960707,4.525938,3.8949506
1766-373-3.wav,Gunshot,3532.012947107601,0.16180098684210525,0.055698037,-310.5917,1.6251595,-42.47253,26.812927,0.7871423,22.68656,6.1921983,13.124659,8.663527,3.2782943,0.9220166,0.48836172,-0.47587833,6.658303,-0.4280148,5.9332814,0.5365863,1.6752721,3.391384,3.4008977
1766-38-3.wav,Gunshot,1637.2475975748018,0.08208550347222222,0.20620096,-28.167318,146.94133,-40.721657,8.167258,-27.951902,-3.2867868,-6.2777214,-3.9670296,-18.43419,1.3042967,-11.91163,1.8358448,-12.016932,2.5343983,-8.477353,3.1095426,-2.2636354,1.5908871,-1.8642554,1.1887358
1766-39-3.wav,Gunshot,2426.412759807426,0.11017523871527778,0.104085475,-104.992165,101.25252,-17.565094,0.22663474,24.384851,-7.1418,5.3198433,4.6736784,-5.666288,6.519357,-12.2266035,1.788532,-10.067131,2.1900961,-9.909642,2.067222,-6.123894,3.2985382,-4.70673,1.8796175
1766-4-3.wav,Gunshot,1152.087408970359,0.03756629873853211,0.0043307827,-594.5724,107.02743,-8.93195,4.361416,5.2586393,6.219975,1.393803,5.6602173,4.58353,6.9557652,9.833833,12.915626,13.733965,13.55327,10.943715,11.346791,9.759414,10.611555,9.156322,6.8097076
1766-40-3.wav,Gunshot,1776.173931403689,0.0504461550245098,0.21940757,-158.41698,103.639244,-28.025444,5.123436,-14.279279,-1.8154919,-4.09033,10.603319,6.2964244,9.183206,-0.085656494,5.343665,5.005912,12.769146,4.1125717,0.7474918,-1.8910054,2.5060983,1.7385819,3.224013
1766-41-3.wav,Gunshot,2083.239375209151,0.06485849056603774,0.016579505,-503.8566,30.15009,-7.2198367,8.399404,7.2845664,5.415934,2.5648947,3.128358,1.4957061,2.8641872,2.1274352,2.2356806,2.1679306,2.4706695,0.97016156,1.6774229,0.87591934,2.552719,1.2007357,1.1405809
1766-42-3.wav,Gunshot,2361.4783816982076,0.1363483297413793,0.059669856,-277.19952,79.867935,-40.17908,-3.6665199,-5.9017467,-3.9341803,-10.845884,-4.466568,-6.5254526,4.2646427,-6.0729437,0.3270677,-4.053634,-3.5871947,-1.4506496,2.1424334,-2.1783178,-0.99920136,-1.0282604,2.139096
1766-43-3.wav,Gunshot,1957.921188255337,0.0494823270631068,0.02144122,-483.16452,27.106256,-5.209289,8.533418,7.1696954,4.1225615,3.7436547,4.516808,1.7550843,2.681985,1.6041764,2.2143846,2.8999717,3.27043,1.1529411,1.477038,1.1154772,1.9045281,1.0923128,1.4133085
1766-44-3.wav,Gunshot,3326.191631208654,0.043201264880952384,0.06431185,-315.19604,5.110232,-15.271065,30.60164,5.1437187,17.080572,1.0789208,12.912407,-0.11085919,1.6105087,-1.9676728,5.0673785,4.9494576,4.1925044,-1.4219702,6.8142176,1.889429,6.382774,2.0248733,4.6862545
1766-45-3.wav,Gunshot,3094.457894211351,0.14915583683894232,0.011673508,-503.6419,69.45897,-5.028683,-16.387508,-20.063091,-9.382975,-8.919369,4.1055303,7.092036,6.7099867,1.1522958,4.537318,8.633946,8.410673,4.6519194,4.315943,4.2305765,5.74023,3.6087472,4.7307467
1766-46-3.wav,Gunshot,3287.8399478735023,0.18516031901041666,0.009224479,-521.9642,62.842686,-9.736774,-16.023481,-20.021915,-9.701522,-10.495304,2.1756945,3.5405462,5.107629,-0.3875422,3.4669309,7.5915956,7.094894,2.8549855,4.4497724,3.383841,4.519122,2.0663488,4.5114717
1766-47-3.wav,Gunshot,2498.1995519311595,0.02325439453125,0.12719771,-269.00262,25.940176,-8.435059,32.88586,10.459843,21.278093,2.3141298,12.38789,6.917815,6.8478127,0.38147056,11.952736,3.5886445,9.24097,3.5961032,4.8370924,3.9123287,7.0597076,6.6764026,9.614967
1766-48-3.wav,Gunshot,2226.0325294087997,0.14635736542630057,0.37787518,5.2296367,85.86143,-134.8068,-5.8233905,-95.31963,-19.277014,-60.514893,-5.3218784,-30.388384,-6.310007,-14.163115,-4.734702,0.9256932,-4.935756,6.3923726,-4.614667,6.9963775,-4.476331,4.421371,-3.0802827
1766-49-3.wav,Gunshot,2943.6209025848443,0.16089690133426968,0.012035804,-479.36148,76.089676,-16.183548,-20.713388,-20.821676,-8.846755,-11.004216,2.9637935,4.2504635,4.5711727,-1.2140996,3.3509414,7.106718,6.6093793,2.0366824,4.122613,3.6587632,4.409117,1.0486323,3.6311238
1766-5-3.wav,Gunshot,941.3405336647114,0.024085411658653848,0.0037544342,-635.39197,125.12991,-3.915019,16.74166,6.9683695,5.5208445,2.5803392,9.8058605,6.289726,9.696052,12.528475,15.323046,16.059788,14.949744,11.117202,11.177405,10.051378,12.735901,9.31125,7.7251782
1766-50-3.wav,Gunshot,3571.295552377518,0.06635199652777778,0.14321592,-186.63406,17.867842,-8.356603,22.187843,-0.7040156,20.747921,-1.1665902,18.601152,5.1697636,6.4092374,0.24110831,8.755647,3.9078152,6.3996468,0.91255677,9.544106,1.2419758,8.765873,3.1142414,7.0827312
1766-51-3.wav,Gunshot,3350.2197115332174,0.20168378276209678,0.0109555265,-504.85046,51.964115,-5.7259884,-14.771371,-17.230135,-9.71523,-9.267566,1.7000968,4.4343114,4.002854,-0.029570341,2.459514,5.905776,5.127345,2.4859817,2.7661915,3.6592722,3.827044,1.9187312,2.6377277
1766-52-3.wav,Gunshot,3184.1966300224344,0.16797303316885964,0.01289947,-503.029,63.3364,-7.977605,-16.681227,-18.081196,-9.763851,-9.3662615,3.091099,6.813528,6.335776,1.1971394,3.7279077,9.562709,8.470672,4.453894,4.6903176,5.771817,6.118831,3.9569943,5.30926
1766-53-3.wav,Gunshot,2584.2458863090947,0.19960374098557693,0.11619092,-127.50846,98.94699,-137.7101,52.428646,-38.361645,18.616919,-30.816826,5.7470045,-9.636404,-12.458843,-5.100218,-2.8385718,5.245319,-3.8501856,6.0921097,-0.6962863,1.005548,-0.8750471,0.023958445,-0.6074022
1766-54-3.wav,Gunshot,3299.5001768259035,0.0650634765625,0.18921222,-161.1713,23.869287,3.192196,28.98116,0.42607856,24.86182,-1.9122002,17.823265,6.148479,9.277332,2.7014496,8.659042,4.0869637,8.271128,-1.1547453,8.985197,2.3986382,10.120287,3.6354394,2.3579936
1766-55-3.wav,Gunshot,3247.883784807529,0.1634102158874046,0.009804786,-523.9493,66.05566,-5.5922585,-15.131109,-18.894232,-11.144227,-10.262694,3.1094341,5.77329,7.236983,2.6784654,5.2334733,7.296424,7.1739373,3.890902,4.784574,4.2107215,5.403201,2.9370024,5.2048407
1766-56-3.wav,Gunshot,2915.7496422567046,0.1554287997159091,0.014729079,-465.6544,66.26516,-11.916889,-19.307537,-19.89037,-9.969547,-10.093109,2.18239,5.962767,6.2686863,1.6827197,4.8647466,9.38901,8.121448,3.9822276,4.4850965,5.486276,5.256885,2.5472147,4.5993786
1766-57-3.wav,Gunshot,3241.3428500475034,0.039641203703703706,0.16316259,-177.80887,25.84183,-4.1942225,23.36166,-1.7674152,23.841543,-1.6652458,17.932693,10.06035,8.983088,2.5682964,10.120298,2.0600872,5.995457,0.6612115,7.1343045,2.5849228,7.659893,3.5139468,4.482347
1766-58-3.wav,Gunshot,1985.2203272761271,0.034653465346534656,0.01730037,-503.7122,33.405827,-5.071278,7.4658017,7.3064933,4.754888,3.5898588,3.740136,1.6317711,2.7512288,1.2139984,1.8444741,3.099841,2.947904,0.82398623,1.7859739,1.3792226,2.5442207,1.1585658,1.6625354
1766-59-3.wav,Gunshot,3112.3093296049715,0.04087999131944445,0.17209457,-182.04494,25.498573,-5.939938,24.764494,-0.17611091,21.98436,-5.276353,14.94222,6.108329,8.476144,1.6881491,10.519346,3.8933864,8.261833,2.4162292,9.5508175,2.2763638,4.317107,3.098129,5.468352
1766-6-3.wav,Gunshot,1283.660061512099,0.049672815921532845,0.004079907,-580.8572,117.39108,-4.0342784,3.8312712,-2.6531892,-1.8156791,-3.570301,-0.20190865,-1.6386049,3.0593076,5.8851504,9.115469,11.094891,10.291242,6.5124516,5.562866,5.104599,7.4101243,5.9141755,4.9273877
1766-60-3.wav,Gunshot,3211.049712770261,0.1697194169207317,0.011467605,-506.5811,58.93758,-4.641549,-12.659202,-15.38766,-9.0177965,-7.9033556,4.6103096,7.923113,7.436924,3.0224864,5.0568275,9.022782,8.272761,4.9454722,4.564791,5.1219554,5.5954995,4.1492715,4.713317
1766-61-3.wav,Gunshot,3139.4868572006794,0.16813449684633028,0.011980609,-492.31134,59.108265,-6.6911297,-16.688519,-18.116682,-9.228728,-8.423095,3.4104755,5.903162,5.098563,1.1169994,3.4984293,7.5884466,6.3141937,3.3756216,4.4027443,5.342985,5.0500774,3.2278295,4.2952747
1766-62-3.wav,Gunshot,3168.0791465696707,0.18761851486650485,0.011525551,-499.0872,70.522064,-11.599319,-18.306414,-21.030449,-10.073695,-10.867359,3.1850882,4.4655337,4.250386,-0.56792134,4.4359207,7.4486713,6.471115,2.1880262,3.7419114,3.4752345,4.893416,2.3763561,4.8708773
1766-63-3.wav,Gunshot,3397.544136205574,0.06749131944444445,0.13508527,-205.51126,24.330162,-4.068166,18.567272,-2.511953,25.639526,2.9751785,16.603674,9.259546,7.4928555,3.2609377,8.388394,2.9807265,6.330088,1.1591383,11.512833,0.117551975,5.7710094,2.6151068,6.473116
1766-64-3.wav,Gunshot,3198.636946138469,0.1498355702457265,0.011529194,-497.55844,51.14154,-1.5279456,-13.1773,-18.475971,-8.187168,-7.3621197,3.975982,6.493979,5.4635935,1.9138901,5.0344872,8.19489,6.579567,4.9339557,4.601753,4.4263644,5.457262,3.454937,4.023324
1766-65-3.wav,Gunshot,3084.1234343436413,0.14959247295673078,0.013432539,-488.47678,55.430035,-2.808169,-14.40868,-16.740025,-7.3021617,-6.466029,4.707759,6.929507,6.541184,3.2595878,5.888553,8.768688,8.144166,5.5607243,5.115202,5.679217,5.6584263,3.7688582,4.4088535
1766-66-3.wav,Gunshot,2655.465041164438,0.03154296875,0.034195174,-423.4738,24.94538,-12.989131,14.826352,4.6466117,14.525049,2.5915465,8.820816,4.300997,1.8609321,0.7504905,10.071642,-0.52504873,2.4139264,3.4262817,5.5521193,4.56103,3.8559628,3.2788045,6.823615
1766-67-3.wav,Gunshot,1289.3876573324171,0.050256607380319146,0.03665354,-339.68845,134.57161,33.301117,16.248314,-4.4945827,-0.81733173,-2.3029008,4.5099273,3.295803,4.3808846,-1.1192359,0.07831632,2.9358773,10.159744,7.3240695,6.874243,6.4265385,9.570031,6.669321,6.0506406
1766-68-3.wav,Gunshot,3191.413333615743,0.16071893601190476,0.012955126,-487.2034,53.467026,-5.485452,-17.42755,-17.77837,-8.425067,-6.762868,3.3621285,5.3355985,4.412119,0.48814327,4.023318,8.00513,7.5741735,4.291686,4.209831,4.6243114,5.6091704,2.3519547,4.0233345
1766-69-3.wav,Gunshot,3355.306475294501,0.0728759765625,0.18599008,-162.07831,19.730976,-1.2970486,30.903465,6.047184,22.74355,-6.4468164,13.662985,6.9702835,10.38302,2.899229,7.527811,5.6668034,5.1730175,0.21925622,9.979462,2.1723619,5.418917,2.443988,6.3572874
1766-7-3.wav,Gunshot,1015.28690161587,0.030123197115384616,0.004892179,-583.9794,120.293846,-6.368923,12.054031,6.610351,6.1284447,1.1809171,7.180227,4.549334,8.648132,12.481422,15.010277,14.729303,13.514382,11.26732,10.7239275,9.089427,10.192987,7.7346635,6.0626783
1766-70-3.wav,Gunshot,1647.072569628438,0.08492641256313131,0.22229686,-25.51578,145.82611,-39.738327,1.7350652,-23.218273,-10.032493,-17.134039,-2.256401,-12.3941145,-5.745692,-12.449832,-2.7697365,-5.7607994,-2.2446136,-8.005208,0.5894812,-3.4292479,1.3199087,-3.7550137,0.7922222
1766-71-3.wav,Gunshot,2092.171487519497,0.05987830528846154,0.10139768,-192.73796,94.576775,-23.94447,15.437892,-6.7344737,2.6332884,-3.3787067,4.718959,2.173475,3.7145307,2.8580098,3.7450101,-4.2974463,-0.20234853,-2.7942042,-0.5078868,-3.2612777,-0.5166521,0.036785882,3.7988672
1766-72-3.wav,Gunshot,1564.6772419399967,0.08082932692307693,0.21744205,-35.26347,152.9261,-35.478474,2.1701133,-21.133356,-9.726934,-15.739826,-1.5293325,-11.620093,-6.582407,-11.927623,-2.0893466,-5.7605014,-1.5443007,-8.325035,0.6861647,-2.8461277,1.2914723,-4.168386,0.9476556
1766-73-3.wav,Gunshot,1961.8526031055433,0.09438069661458333,0.256305,9.815072,121.04138,-32.86894,2.3738463,-10.376485,-2.034148,-11.307831,-2.936073,-9.827216,-3.9696693,-7.532604,-0.20159622,-4.7036448,-0.0752627,-5.133203,1.014943,-3.4205968,1.4380494,-3.4013233,0.9290714
1766-74-3.wav,Gunshot,1446.7887262032127,0.07435931581439394,0.21049151,-45.277992,159.64622,-36.826733,6.4153447,-20.978994,-9.631349,-16.89973,-2.5442905,-10.123483,-5.956993,-12.47559,-3.2412221,-5.18794,-1.6614202,-7.278798,0.12536477,-4.4611573,1.6143003,-4.237791,-0.054135613
1766-75-3.wav,Gunshot,1417.476561634211,0.08063122234513274,0.18222901,-55.31602,167.5249,-46.42595,11.019116,-11.186315,-0.5088918,-9.195812,-0.030810362,-6.403716,-2.859743,-6.0296464,-0.85875493,-4.6524553,0.2677248,-7.3566093,1.4045074,-4.6280217,2.4385383,-2.494408,-0.7892312
1766-76-3.wav,Gunshot,1276.1159194528143,0.07149979440789474,0.2186619,-57.384853,180.62619,-40.319386,8.018938,-18.556288,-6.3231916,-15.234424,-0.8331452,-9.1542425,-6.180523,-10.335911,-3.0835688,-4.8219028,-0.7754878,-8.127675,0.18447475,-3.6007817,1.0073643,-3.5056584,1.5648134
1766-77-3.wav,Gunshot,1486.1919884335086,0.07581329345703125,0.22596917,-31.5158,155.23041,-35.91157,4.0387745,-19.784767,-10.6257105,-15.779654,-1.2744197,-10.771744,-6.1911087,-12.353718,-2.9157662,-5.614229,-1.3183223,-8.282657,0.35443944,-3.7220087,1.2052387,-4.8220587,-0.38987064
1766-78-3.wav,Gunshot,1654.5340968329322,0.08377947126116071,0.2121762,-18.650269,141.18623,-32.859093,5.547808,-12.936543,-3.214053,-11.3759985,-2.6155188,-10.187953,-3.7272449,-9.690288,-1.0316938,-6.9125094,-1.1036887,-5.9019923,2.0133464,-4.8559184,1.0713916,-3.8973444,0.4902332
1766-79-3.wav,Gunshot,1553.6662636036053,0.0936080577761628,0.1836288,-50.384754,160.19336,-45.018063,7.441546,-12.813319,0.23218769,-11.1993,-3.2193909,-9.162893,-3.5806036,-7.3705425,-3.905221,-5.734169,0.68022674,-7.1607943,1.913346,-4.675414,1.108564,-2.8999512,-0.47482517
1766-8-3.wav,Gunshot,1525.0891981525615,0.06649946732954545,0.0047533796,-538.2401,117.634125,-20.064548,2.7699552,-4.973622,-4.604673,-8.520072,-2.4304848,-3.0988107,0.8127822,4.6775856,8.765068,9.626498,8.108167,5.9683895,6.398118,4.924778,8.192445,7.864581,6.0100193
1766-80-3.wav,Gunshot,1704.1917771227054,0.04390572212837838,0.09311766,-312.1325,46.41849,-3.4848504,11.559771,4.546845,6.5852675,-1.0262644,3.3772774,2.5520937,6.1438503,0.5129305,-0.27606288,0.9931585,3.55261,2.0526338,5.311522,2.3662496,3.664817,5.471065,6.628299
1766-81-3.wav,Gunshot,1848.5649793667835,0.08228648792613637,0.12447068,-179.44841,121.07109,3.6994665,-14.060418,-6.5046206,-7.2310395,0.61526567,9.941346,6.3668427,10.360939,2.259607,3.7040992,3.2413003,9.643022,4.0045714,3.8694093,0.12068432,7.261716,0.41131476,2.3289068
1766-82-3.wav,Gunshot,1727.8231162801812,0.09116908482142858,0.20217995,-17.64863,136.41692,-37.27169,-3.7936382,-13.501782,-4.686706,-10.7013645,-6.566963,-12.728744,-2.8186755,-9.481821,-2.6601489,-5.750923,-1.2448971,-6.2431436,2.3137677,-6.046844,2.052356,-4.166527,1.8638399
1766-83-3.wav,Gunshot,1548.5285154012643,0.032938639322916664,0.075323135,-355.5409,38.571957,-1.590351,10.680274,3.7064412,4.216804,0.35964763,3.910303,2.069068,3.799654,0.94751596,-0.15913284,0.5496299,3.8920648,3.096037,5.414354,3.2600482,3.1291647,4.2415957,5.166776
1766-84-3.wav,Gunshot,1547.1910405026092,0.08833670910493827,0.18370077,-47.320312,156.81302,-40.00885,6.8614035,-11.779288,-0.83261126,-10.510195,-1.4778126,-8.686063,-1.7197865,-8.755339,-1.138083,-6.487488,0.8621195,-7.625935,2.1397593,-5.992587,1.3730952,-3.3052921,0.24626465
1766-85-3.wav,Gunshot,1914.7252389877544,0.09006696428571428,0.17964585,-175.48392,89.16663,-18.940254,9.2985115,-14.3805,-8.084528,-10.790641,-0.2066734,1.2644855,4.672137,2.2904062,3.6807578,3.3871055,6.18375,3.634936,3.4301386,2.740547,5.353862,1.504746,3.2468784
1766-86-3.wav,Gunshot,1489.0246295813815,0.08433549859550561,0.18466602,-50.394268,161.52902,-42.27343,6.948547,-9.29474,-0.61320794,-8.896289,-0.9818386,-9.511606,-0.69433343,-8.588895,-0.49321845,-6.4792027,3.763189,-8.750867,3.446573,-4.5547886,1.4475735,-2.6328084,-0.96835506
1766-87-3.wav,Gunshot,1920.6514722579993,0.08426607572115384,0.088083416,-238.59886,119.39556,-1.5734159,-11.819331,-11.486345,-7.1638727,-2.063006,7.050688,4.1601896,6.5459933,2.8047414,4.480876,-0.25262833,7.4606237,0.018406931,1.8174767,-0.18791021,4.532472,1.706342,1.0139006
1766-88-3.wav,Gunshot,2276.2601688336113,0.1130859375,0.03815899,-242.55188,111.742485,-16.926388,7.5950813,-17.65151,-0.7965445,-11.463853,-7.42609,-4.1157184,-10.553742,-2.1206665,-9.288867,-2.7711134,-1.8209378,-3.6379879,0.58998305,4.131667,-2.2983153,7.3955593,-0.56886435
1766-89-3.wav,Gunshot,1441.3104525167078,0.07995012894417476,0.18213812,-52.715294,164.93619,-45.73508,13.040411,-11.214357,-0.26781237,-9.7037525,-1.0240502,-6.652724,-1.8504175,-7.056265,-1.2446179,-5.48496,0.23137136,-7.7891283,0.8401681,-4.132502,1.6063279,-3.3122897,-0.7114033
1766-9-3.wav,Gunshot,808.1094088256846,0.004493350074404762,0.026514903,-544.34357,20.872686,6.6397276,0.022521012,-2.4322636,2.0008762,3.0801837,6.3179207,6.40191,5.930462,5.471073,6.591317,7.0202565,6.9458046,6.091749,6.2851143,5.5200644,5.9599786,4.8028984,5.6893616
1766-90-3.wav,Gunshot,1991.8045388572534,0.0953369140625,0.09248747,-240.53401,121.37965,-8.456663,-11.892959,-13.924998,-11.089967,-5.7530026,6.247874,2.1351187,4.245229,-2.688043,1.1922541,-0.196548,5.538581,1.3176227,0.8092203,-0.7119318,4.937306,-0.19243756,-0.06770574
1766-91-3.wav,Gunshot,1439.3787041355513,0.08001919450431035,0.19330475,-49.413376,165.90514,-45.401817,10.716368,-9.324762,-1.229382,-10.715975,-4.107327,-4.969121,-6.0654664,-6.2069483,-2.4793606,-3.7594278,-2.1364694,-5.3854704,0.34063664,-3.0769966,-1.027538,-1.8734889,-2.5360634
1766-92-3.wav,Gunshot,2004.4675033312292,0.06900460379464286,0.12063106,-259.70712,60.355892,-5.3254256,16.46085,7.538059,8.1635,-2.3678958,1.2123413,-0.7657365,5.036952,0.8212977,-0.4372436,-0.79565316,3.7743504,4.471956,9.178711,2.6885915,5.494641,4.90251,4.550033
1766-93-3.wav,Gunshot,1935.4537369149728,0.06365580498417721,0.08172159,-242.63481,86.45901,-25.262403,24.11984,-14.613156,16.619654,-2.1964028,5.5657234,-12.227486,-7.7613554,-0.27322292,-0.2051664,2.58774,1.1646665,2.189697,5.47608,5.903193,4.3657594,-1.7262857,5.306425
1766-94-3.wav,Gunshot,2136.784192967915,0.053053635817307696,0.14434175,-231.45422,46.381298,-1.5279578,15.570768,5.341327,2.162014,-4.29812,7.7421813,-1.145457,2.0014293,2.151533,4.01114,2.5027835,4.6364684,0.9965604,6.505603,2.2736566,6.4793987,4.3674045,6.10801
1766-95-3.wav,Gunshot,1805.8863678898394,0.07651118908898305,0.10129896,-206.53885,102.006744,-26.426228,24.196465,-14.13882,14.057687,-3.6635695,3.5071452,-8.088128,-12.511482,-6.268823,-4.036599,-0.43195307,-0.18207552,1.198536,3.665965,4.7360644,4.174448,-0.69054556,3.6288893
1766-96-3.wav,Gunshot,2045.3994573597008,0.05938331117021277,0.07390977,-354.1989,37.251102,-2.8789186,10.322609,4.9432297,4.660031,-1.2191778,2.728258,1.4423738,3.7487245,0.64081275,1.2252249,0.6182274,3.5532134,2.478063,4.6793356,1.0867598,2.6910963,3.95307,4.157206
1766-97-3.wav,Gunshot,1750.89915793874,0.07061858675373134,0.09259652,-222.64827,98.31944,-30.050106,20.658092,-11.345155,15.059201,-2.4256237,2.7868485,-7.6178575,-8.974758,-5.174574,-1.205775,0.90002286,0.33438608,1.9466685,5.2873344,5.3484354,3.361898,0.78580576,6.300854
1766-98-3.wav,Gunshot,3443.3892976706607,0.21560187088815788,0.16842608,-45.506252,56.159153,-13.827529,6.378592,-19.313646,0.55629486,-19.632442,2.350287,-12.723204,2.7674599,-4.621963,2.9379585,-5.8938856,-1.8399016,-5.4832177,0.9195272,-3.580684,0.30492917,-3.7415242,1.9539074
1766-99-3.wav,Gunshot,1518.286836347893,0.07920907396788991,0.07004508,-257.01447,162.06215,-14.336052,-6.676144,-8.371055,-7.286922,-3.1532829,0.10728309,0.1435928,-5.780748,-14.930486,-14.678273,-12.107153,-11.725481,-12.897962,-11.953409,-10.321971,-9.28901,-8.527517,-3.341949
1766-0-1.wav,Natural_Sound,704.6587505097523,0.025221082899305556,0.026576642,-393.07828,187.25356,49.262833,8.364992,2.1076171,12.239769,1.0759611,1.7048945,4.028461,4.096561,-2.6740642,0.88435227,-0.26641375,0.51279914,-6.3364143,-1.3148348,-2.3067353,-0.62599605,-1.5556654,0.55199337
1766-1-1.wav,Natural_Sound,799.7994723517203,0.01191089771412037,0.11001541,-254.40033,136.61424,18.725159,36.55152,9.845411,17.555147,7.79793,12.117919,8.826768,12.669594,5.0479317,9.659025,6.0028415,4.7158213,6.315159,4.318491,2.7003965,4.547541,1.6660552,2.1443293
1766-10-1.wav,Natural_Sound,2479.366525979425,0.0865749782986111,0.021070238,-346.08728,91.5187,-1.9390901,-0.8203054,5.495074,21.80637,9.67251,5.2471223,5.9985294,1.0932907,-15.194169,-20.35771,-19.602419,-1.1227922,-1.3389838,4.123607,-3.5830674,-5.3964257,-11.028657,-5.0423117
1766-100-1.wav,Natural_Sound,2296.043434071737,0.12601951316550927,0.13633825,-29.307508,96.906166,-33.666744,-13.595873,-25.13413,0.6230979,-19.518656,-9.892438,-17.195753,-2.7697337,-6.034428,-4.5632334,-3.1969085,-8.856517,-12.886556,-5.39884,-5.003161,0.11356191,-9.821704,-6.754242
1766-101-1.wav,Natural_Sound,3545.1201470211945,0.24162688078703703,0.0704113,-49.038284,53.122177,-13.680616,12.321776,-5.100039,0.79160154,2.7077305,-3.5386796,-3.8603945,-0.64389306,-5.5475893,2.9985225,-1.8029307,2.4406815,-2.818835,0.6622422,-5.993823,-2.2088742,-3.4035678,3.9102762
1766-102-1.wav,Natural_Sound,4139.014302522265,0.2725762261284722,0.031209107,-142.31062,51.091507,18.596457,2.9810858,1.4357463,3.1243687,-2.3971655,4.704906,-7.161868,3.4699042,-4.3639565,1.1150924,-3.769307,2.9276927,-3.1682148,-0.40562356,-4.2787404,1.4152876,-3.0152695,0.24753359
1766-103-1.wav,Natural_Sound,722.248458070401,0.021072952835648147,0.09401966,-279.80313,180.6543,46.985397,15.961421,-6.9774265,18.08566,2.2683456,3.797638,4.4969296,10.361963,4.5919943,4.2011275,0.28675652,3.8563962,2.5776963,3.2326396,0.46700305,0.94451016,2.5834734,3.5988936
1766-104-1.wav,Natural_Sound,4256.741000321149,0.29090259693287035,0.020731319,-367.767,-16.671818,-57.283764,-32.00905,-21.97494,-7.3541126,-18.575218,1.5555761,0.42604518,6.50241,10.499207,9.704487,4.0125003,6.63492,-4.2881927,-2.466204,-7.3902836,-0.75813675,-6.048733,3.9264712
1766-105-1.wav,Natural_Sound,3409.8606213953167,0.20466444227430555,0.01196393,-382.41367,17.89575,-54.264675,-11.493261,-14.291407,-21.895935,-14.326294,-10.042901,-12.353297,-13.880231,-10.420284,-5.840794,-2.4645588,7.656713,1.9438945,3.5152898,3.1103888,6.4239016,0.61459017,5.438812
1766-106-1.wav,Natural_Sound,540.3902978942717,0.021183720341435185,0.07973766,-287.06046,202.33847,25.225847,31.346006,19.985497,2.601331,-0.5221436,2.777126,1.7556518,3.068002,-2.264731,-0.2593388,-2.7876372,-3.1921527,6.0475183,1.3985304,1.8170936,-0.7043422,0.5454208,-1.1557435
1766-107-1.wav,Natural_Sound,1035.9655285577771,0.03784631799768518,0.0023212149,-712.0392,20.673914,-2.187074,0.87389004,-0.4692209,1.9477782,0.540701,1.5930846,0.37059027,1.6140306,0.40755436,1.2914325,0.48265854,2.5607977,1.5949998,2.64979,1.3555458,2.2206988,1.2860094,2.3180776
1766-108-1.wav,Natural_Sound,4137.266954070809,0.3019454390914352,0.009530865,-279.63873,31.512865,0.637358,24.860424,-23.51307,13.183685,7.189417,-9.021794,-0.9419833,3.8725815,-22.224861,9.487655,-12.038268,-2.102954,0.18963884,0.81156343,-4.035623,2.6202152,-3.6604054,-4.049762
1766-109-1.wav,Natural_Sound,1931.2385000365173,0.08233190465856481,0.14349471,-50.858894,120.11221,10.963661,2.8296187,-7.91384,9.329882,-9.658785,2.4605718,-6.860065,-1.2365308,-8.010509,-1.8235888,-3.2617097,0.19694832,-2.756402,-0.62243664,-3.261289,0.91933835,-2.797748,1.6809837
1766-11-1.wav,Natural_Sound,1040.3447629430036,0.019187644675925927,0.014197253,-453.9163,145.8695,58.7923,22.728079,3.7559102,11.173013,6.957818,7.1881557,3.2033472,5.0715494,1.9317423,4.623106,-0.1454354,3.707374,-2.5874894,1.8176676,-1.6423384,3.0972078,-0.13823643,2.2805974
1766-110-1.wav,Natural_Sound,937.069146647989,0.03052888093171296,0.02322393,-360.0515,168.9693,39.97243,16.927473,-4.9901304,3.5917394,12.373924,-3.2260256,-7.324508,14.047969,-1.8762238,3.5922687,-3.9388072,3.4866428,-0.04336004,-2.1422155,-1.8430129,2.0475028,0.11879294,-0.35615787
1766-111-1.wav,Natural_Sound,4206.686036919911,0.24839274088541666,0.008041112,-386.6162,8.793666,-39.56463,-14.858461,0.4443009,7.019476,-6.2433515,-23.642122,-16.842703,-3.6539557,-5.5824018,1.0420165,6.619852,-1.1156588,-3.2193513,3.9579642,-0.897527,11.314515,5.735471,10.037872
1766-112-1.wav,Natural_Sound,3713.318099670365,0.24650969328703703,0.07133455,-48.525677,54.301907,-6.1198797,3.140707,4.0524144,2.7678938,3.4274836,6.6726174,3.0645614,3.106497,-2.978074,0.22853293,-2.6016064,1.479553,-5.005073,-0.9704427,-3.9067495,1.7850901,-2.5076156,0.31288204
1766-113-1.wav,Natural_Sound,3754.7669330302347,0.14623571325231483,0.022504829,-248.26736,34.979637,21.336498,29.67552,5.9245586,21.927803,9.159091,19.643429,8.043591,10.97795,3.2031555,-0.50989276,-13.876652,-3.6960766,-7.723504,2.051704,-3.8754532,-0.899937,-12.144936,-8.112078
1766-114-1.wav,Natural_Sound,1255.5691316657308,0.08051441333912036,0.24065085,-65.212875,166.26862,-50.838867,-45.416195,-25.695108,-8.735191,-6.0568,3.4628558,-4.419835,2.3312535,-4.9283233,1.4812288,-1.2456675,0.87423986,-2.4073198,1.0042609,-2.6419096,3.9763994,-1.6925474,4.4094205
1766-115-1.wav,Natural_Sound,788.304733542985,0.02852150245949074,0.09526202,-325.035,181.69972,42.33797,3.013884,15.161219,11.980915,0.88792586,0.76575804,2.288729,-0.34741536,-3.2312465,-2.0800161,-0.09952026,-2.9620502,-7.033444,-6.8548756,-5.157314,-3.607793,-2.1638272,-3.2914045
1766-116-1.wav,Natural_Sound,3210.040775926361,0.07371690538194445,0.040542867,-280.0162,65.90301,37.834164,17.895935,30.159763,-7.0787935,32.315308,2.165411,9.396659,15.031042,7.2830834,-2.273984,9.549083,6.178539,-8.523163,13.171751,1.3287827,1.0574623,5.574947,7.5559297
1766-117-1.wav,Natural_Sound,6191.222194809657,0.5067342122395834,0.012242211,-588.1415,-92.64432,-29.428637,-16.157509,2.1658556,-9.145867,-14.6082945,-0.20717734,-2.564163,13.220858,-1.6655515,7.233292,1.2816775,7.913731,0.11604358,5.1024175,-7.1028285,-4.939893,-2.739741,0.4020394
1766-118-1.wav,Natural_Sound,3569.92809661786,0.17479338469328703,0.0031487884,-424.3159,62.629856,10.373896,2.30167,8.976197,-12.414427,-5.1183643,-11.892961,-14.60345,-11.910646,-17.816816,-13.624835,-17.017653,-11.212245,-14.004678,-9.8182535,-11.932774,-6.840563,-9.093396,-5.40335
1766-119-1.wav,Natural_Sound,877.9579396348418,0.029292353877314815,0.14807406,-153.85992,175.973,-23.544388,32.32099,11.601939,18.059647,-6.6481996,4.400488,6.1815853,8.2446375,2.6006973,0.15553468,-5.5963664,1.8505232,0.75437737,6.5890236,0.19457626,5.065658,3.1285706,6.369361
1766-12-1.wav,Natural_Sound,3984.8607945922217,0.18198196976273148,0.040940426,-181.99567,59.547127,55.237045,-0.83837944,10.631156,24.062428,1.5802485,8.475588,9.237416,1.7007731,5.062221,1.062298,3.4940736,4.6120396,-3.4145207,5.3593755,2.7428098,-4.1040196,1.3694366,4.64143
1766-120-1.wav,Natural_Sound,1080.5270557673273,0.05397768373842592,0.09470462,-144.99187,180.77675,-19.142036,14.716239,-9.816908,14.635075,-2.8224967,0.87732613,1.8736916,2.5578618,-4.3777194,5.151589,-1.3065772,3.7309637,-2.0502303,-0.4067568,-2.6507704,1.7966346,-3.042705,-0.57124126
1766-121-1.wav,Natural_Sound,4466.287415452806,0.4204779730902778,0.09300717,-110.526955,12.051253,-11.780237,20.736992,-30.591557,20.169483,6.8379693,-6.546939,-1.6492256,-3.8586369,-9.836938,9.878565,-8.609434,0.16837063,-3.518666,-2.463435,-2.7878728,-0.45186594,-5.329895,-2.4902496
1766-122-1.wav,Natural_Sound,1633.8327386250453,0.07557056568287036,0.068394355,-199.82391,133.86127,1.3837664,18.544289,1.0205015,10.467232,-0.12260691,3.248198,-2.593022,2.8000379,-0.17029303,4.486579,-3.1127605,1.2171938,-3.1827242,1.8874692,-0.33422756,1.704982,0.32337606,3.8813887
1766-123-1.wav,Natural_Sound,1233.4167270567211,0.05752224392361111,0.09753636,-126.08265,165.1867,-24.828207,30.18336,-9.356196,14.137944,-12.123666,-2.9983435,-11.13338,1.4869329,-3.8714585,4.1994815,-4.4963984,6.3339405,-3.8528364,1.7487994,-5.2861733,-0.2036124,-1.2792467,2.9727976
1766-124-1.wav,Natural_Sound,3219.1069725812226,0.20783600983796297,0.09476158,-47.92416,69.14286,-8.450748,7.6304207,-4.8495035,10.251574,-13.577757,15.897101,-8.382721,4.597038,-1.0530893,4.901052,-6.3567533,4.3200774,-0.7923566,-2.0257041,-3.4979706,1.4258971,-10.441694,-2.3963754
1766-125-1.wav,Natural_Sound,2818.9234783667216,0.11031313295717593,0.26834962,8.442586,75.90854,26.192163,26.698153,8.8822775,17.64125,1.9938279,7.650483,-1.25393,4.2173285,-3.4896562,2.4771886,-3.3626635,3.0257354,-5.956699,0.37990013,-3.9926193,-0.4135971,-2.9549534,-0.917931
1766-126-1.wav,Natural_Sound,3090.588390819671,0.09467909071180555,0.023918986,-286.0975,61.97038,19.463917,28.494677,28.616714,7.2962117,-0.31483236,24.479057,-7.0715184,3.7802413,-2.3724775,5.728744,-5.0237527,12.677836,-5.6668034,5.0867944,-0.17002757,3.3951044,0.76062036,2.7850082
1766-127-1.wav,Natural_Sound,1241.3273998484221,0.0647243923611111,0.08863205,-207.74861,178.4485,-27.83016,7.646153,12.9518385,-0.039964322,-3.183577,-0.8664164,-3.3929448,-0.06890893,-6.041914,-3.8047514,-2.848873,-1.2103782,-4.35432,-1.6989411,-3.1760006,-1.6400548,-3.9221745,-1.450271
1766-128-1.wav,Natural_Sound,4237.243509233596,0.3291490342881944,0.022840045,-372.90723,19.209917,2.0698636,6.0564675,-7.507896,-3.6419156,-16.323412,-13.989189,-10.966039,-2.6851292,-2.488518,5.101946,1.1169139,5.4291224,0.7659419,2.384596,-0.68963534,-0.4038519,-2.2132566,1.181424
1766-129-1.wav,Natural_Sound,1772.1206788947384,0.06063503689236111,0.0018854412,-639.3754,122.68317,40.120453,12.349004,4.7092786,-4.8358912,-1.3928787,-4.41506,0.8947022,0.3095694,2.4360964,5.9940557,1.7130171,1.6387504,1.2342639,0.57769537,-5.4406276,-6.3093567,-3.2871127,-1.701249
1766-13-1.wav,Natural_Sound,4426.516058028647,0.21634702329282407,0.012845028,-328.06598,1.2292587,-36.987823,-40.191498,-24.06188,-2.2813563,-1.9150904,10.504066,-15.637848,-21.757906,-28.81079,-17.897804,-14.155257,-2.782413,-8.578741,-3.233839,2.881132,7.7846384,-2.3758307,2.1849055
1766-130-1.wav,Natural_Sound,4084.6630932225726,0.3264182761863426,0.061326537,-322.3144,-31.164497,-28.14542,59.58046,-6.722104,16.26357,-14.656383,4.676993,11.170483,6.0304728,-16.763145,0.69497937,5.1572876,-5.0690556,-3.3720648,-7.829008,0.54922646,7.1597114,-11.524723,0.80280125
1766-131-1.wav,Natural_Sound,1924.5127371189353,0.08210810908564815,0.012625705,-467.8009,30.677883,-6.17536,1.8970467,-2.4380717,10.531437,7.721914,12.399968,-1.2058715,4.9667687,4.2022967,0.99543446,1.8013921,3.6584294,2.213739,1.2048395,1.7441785,-0.21629769,-1.9025004,1.0058031
1766-132-1.wav,Natural_Sound,1632.8366744287414,0.07478389033564815,0.018872187,-282.98633,137.03087,-21.094658,14.500737,8.957442,13.956087,7.943949,9.971244,-2.6113062,3.1287153,-0.10741827,4.8452625,2.1248507,4.5133495,-0.980012,6.693345,-0.20065397,2.1243234,2.2628233,2.4949083
1766-133-1.wav,Natural_Sound,2975.0886345231784,0.07624421296296297,0.16439752,-135.19495,47.85294,50.618637,41.449715,34.387314,16.143618,17.078081,10.268225,2.8658245,4.60372,-4.0973787,19.500607,9.718556,21.054298,-4.4873376,4.578624,-4.7276134,1.1284808,-4.3930354,-4.0484776
1766-134-1.wav,Natural_Sound,3200.1490030438677,0.23456940827546297,0.007408588,-573.5557,-9.866996,-103.1962,-32.32278,-1.0904975,15.790727,0.027114656,0.79541945,-0.8693784,2.1249874,0.4129369,3.7898147,1.1470485,0.8311892,2.5048375,3.7582443,0.89159447,1.8392385,-1.1142455,-0.42433283
1766-135-1.wav,Natural_Sound,4855.012103981825,0.3965770580150463,0.056089625,-77.65467,27.83569,10.405341,0.13856703,9.747432,4.9955535,3.7527187,11.293261,-5.6593776,5.170409,-4.0218863,3.541095,-4.0785623,3.6666453,-2.5214987,2.6227965,-5.2729754,3.9921153,-1.9662399,4.2298794
1766-136-1.wav,Natural_Sound,1305.421221547108,0.038158275462962965,0.01612143,-349.77466,141.13298,22.568241,8.6415825,7.661403,3.7765594,4.6907725,2.5227895,4.9116063,8.517386,0.5140788,8.064322,-1.1739978,3.7016766,2.0907807,6.7021856,-0.49478456,5.0281696,-0.12360636,4.01273
1766-137-1.wav,Natural_Sound,4234.072880956657,0.38394956235532407,0.020296458,-231.28001,46.959454,-13.097932,48.70418,-24.837263,22.459373,-34.566418,34.038986,-29.758615,20.993433,-33.567142,14.23109,-25.034458,2.594296,-20.702465,-2.1119518,-16.303408,-0.9162325,-16.411776,0.715786
1766-138-1.wav,Natural_Sound,2242.3276174858624,0.13682273582175927,0.038493387,-333.12854,51.381134,-5.135653,11.479071,5.785409,0.96923643,-2.3980987,-0.4335936,-0.18021718,3.1649933,1.0159851,2.171436,-1.4900925,-0.6184525,-2.9554596,-0.042249627,-1.884738,0.15554555,-3.2080874,-0.7183404
1766-139-1.wav,Natural_Sound,1285.3393113146694,0.042530201099537035,0.038628306,-253.86815,137.49188,9.746338,42.69666,-11.660036,-0.05408824,-8.946874,-1.4003137,-17.106367,-10.890932,-8.047974,-5.7029247,-8.585792,-7.022944,-16.635073,-3.35766,-10.2385845,-1.9233893,-7.178306,-3.242061
1766-14-1.wav,Natural_Sound,3295.7443612115244,0.19574426721643517,0.06434912,-67.129364,67.50659,-8.105241,4.4299784,-0.27264115,-0.2974766,1.2550572,0.4718745,-0.3044618,2.7991345,-3.2247174,1.4746017,-3.5411139,1.2471924,-2.831671,0.9535426,-3.5666215,-0.08498994,-3.450418,0.52607745
1766-140-1.wav,Natural_Sound,4643.640083596038,0.18167905454282407,0.0065080356,-479.33868,-2.8957796,48.894657,48.87248,27.996714,27.697372,0.09555873,3.6700764,-1.814881,10.873246,8.379797,9.095524,0.43107846,5.311422,0.089349635,2.109302,-4.734151,7.13916,-2.7684088,5.456411
1766-141-1.wav,Natural_Sound,6160.750417667023,0.6024282949942129,0.010605143,-498.45993,28.852345,67.506996,6.4819145,26.885489,34.236897,-40.953297,59.529495,-18.986227,15.493015,-21.868944,26.001871,5.502834,-18.92402,21.584856,-3.4286795,2.703772,-12.042179,14.680291,2.2653232
1766-142-1.wav,Natural_Sound,1257.4955627116378,0.031749584056712965,0.0702233,-233.16335,132.62221,28.580015,26.489256,5.313291,11.439583,2.8742807,5.515079,6.2743793,2.2668426,2.914536,8.919432,-1.0287867,4.000202,0.5389472,0.80364656,0.77869374,2.128684,-1.8065094,4.3375235
1766-143-1.wav,Natural_Sound,2095.9085685743307,0.035027398003472224,0.05080912,-329.0095,85.62797,44.06377,28.953682,15.400275,24.005629,1.7679696,12.139219,11.222437,11.2544565,12.452185,10.316964,-3.5279589,4.155201,6.5179386,1.8043494,-2.4237103,1.8609653,1.1858978,0.79811335
1766-144-1.wav,Natural_Sound,4501.842488456729,0.34353072554976855,0.09072399,-29.347977,39.301506,2.8373086,-7.039591,-1.0158149,-7.5203238,-3.0794153,-7.7855673,-2.508242,-1.3365021,-2.0400512,3.8417184,-5.504824,3.0535092,-5.6355624,4.386018,-2.280875,3.0428557,-2.5143259,4.3729315
1766-145-1.wav,Natural_Sound,2824.3706449533834,0.18048547815393517,0.008740723,-344.3918,70.45643,-10.392573,30.421268,-1.8006841,-24.778275,-3.982365,18.94487,-16.334692,-8.064946,1.5716852,-2.7440557,-18.636911,-7.8725247,-12.802758,-8.081126,-13.808293,-7.113132,-10.499251,-5.824297
1766-146-1.wav,Natural_Sound,2779.3153402346593,0.15861002604166666,0.08555403,-56.43193,76.23112,-22.92138,19.079882,5.083935,8.905761,-0.2838726,8.825484,-2.4146638,8.709865,2.5648642,7.640234,-3.813502,6.6878867,-3.5656178,2.271284,0.4239309,1.8270875,-4.051995,2.551065
1766-147-1.wav,Natural_Sound,2842.8436335984325,0.14594410083912038,0.0059182774,-444.8006,43.57143,-47.58128,-32.53162,-38.280834,-48.046684,-46.24512,-31.10071,-29.83811,-16.16926,-19.51859,-6.542991,-0.06348935,2.4618495,-2.2988527,4.4910226,5.741827,8.040897,2.993334,0.7880342
1766-148-1.wav,Natural_Sound,734.3109661282865,0.015326605902777778,0.03106501,-539.57996,22.277082,-3.3251266,5.7994194,-3.6799378,1.7411833,3.7080853,6.4274626,1.3507811,2.2297802,1.561962,3.8226354,1.8732064,3.9538314,0.29559374,1.029219,-0.26442483,0.97661716,0.94398576,2.8192782
1766-149-1.wav,Natural_Sound,3286.529715476094,0.17213722511574073,0.0055980403,-446.31482,41.974617,-16.898806,6.6290555,-0.8768621,14.509025,3.9078796,5.511844,-1.2098882,3.1052098,3.5598178,6.4068394,3.774851,11.094484,4.382915,4.251105,8.528922,10.563323,1.4099205,5.3172803
1766-15-1.wav,Natural_Sound,1164.1113119294548,0.04030128761574074,0.022683771,-315.3475,147.18343,5.306026,45.20037,-5.400414,-0.14637479,-7.4662323,-2.3443358,-13.764791,-10.40457,-6.8155403,-5.61412,-8.436825,-5.994516,-15.784598,-3.2818158,-8.588144,-0.9877309,-5.2981267,-2.3212821
1766-150-1.wav,Natural_Sound,830.8170654442523,0.042487250434027776,0.12279541,-250.05634,196.28674,1.279396,9.677745,7.9171786,-2.6004636,0.44913247,-0.36391655,0.8325531,-1.4375244,-5.0411763,0.4227285,-1.4486624,-2.4161847,-1.4598159,-1.2594384,-1.3304573,-3.7693892,-0.5259629,0.07793678
1766-151-1.wav,Natural_Sound,222.0865209094498,0.007645218460648148,0.0174442,-447.6457,32.54488,8.921042,0.8905278,3.39989,2.0340405,0.14656813,0.22670929,0.11729273,-0.9455003,-1.0041152,-0.37552446,-0.41395557,-1.1374048,-1.0887122,-0.94934124,-1.1377748,-0.7873399,-0.70824766,-0.9922501
1766-152-1.wav,Natural_Sound,9770.509019847792,0.9028162073206019,0.011173237,-691.0035,-42.0881,65.72779,-31.459124,52.89587,-24.08899,44.060345,-19.91715,36.604183,-17.049662,29.21032,-8.7521105,21.821753,-2.8674452,12.947878,3.3413024,5.563685,6.3969655,-1.4120393,9.176731
1766-153-1.wav,Natural_Sound,2525.6897298286667,0.12889042607060186,0.10556191,-49.380722,92.24661,-9.329446,18.674526,6.588405,-6.254,-4.750959,-5.1111274,-5.0078163,0.9599224,-10.086345,4.4800696,-5.191511,-0.81472373,-3.7774353,1.2692742,-1.7791885,0.78517085,-2.6676488,1.2237467
1766-154-1.wav,Natural_Sound,4567.807354287583,0.3533619068287037,0.044233695,-108.744644,15.85,1.5447303,16.557737,-7.8533974,5.753529,-4.1849794,12.603877,0.80369633,8.434453,2.6809309,5.770102,1.2370664,1.729496,0.24352935,1.4166135,-0.9859933,3.7650146,-0.7507319,4.077117
1766-155-1.wav,Natural_Sound,1860.3879953715575,0.0979885525173611,0.01430334,-475.9892,12.107416,-6.5807076,1.0963575,-8.400333,-5.8530984,-13.828327,-11.915273,-9.341901,-2.746673,-0.053376816,1.8018731,-0.18567103,3.4561753,0.71270484,-0.16917865,-1.4006227,1.070929,-0.44306132,1.8450899
1766-156-1.wav,Natural_Sound,4279.610652605754,0.26271113642939814,0.06784825,-85.48134,31.898487,27.184814,29.825308,1.4298815,18.435482,-1.0800743,7.9521375,-0.5697886,3.7637026,-0.0013886557,3.2933779,-3.9640515,2.7062287,-4.558698,1.2435786,-3.7911413,0.41205123,-3.6347916,0.91015553
1766-157-1.wav,Natural_Sound,2972.8405230555186,0.1633323386863426,0.0093145305,-453.81412,54.577793,-19.571875,4.9588675,10.367066,0.48515967,-1.3052772,-3.6170151,-1.2016534,10.504641,6.7265897,10.068041,-11.103809,-11.200977,-5.0326085,15.417741,2.0664842,12.002953,11.972615,15.844655
1766-158-1.wav,Natural_Sound,1338.3602396786537,0.01535599320023148,0.020077748,-465.99265,124.372,52.670963,34.53518,13.928101,13.972404,4.717338,6.679475,5.5806966,5.380316,-0.0061417157,3.5452206,1.0632236,3.0724843,-2.679777,1.898462,-0.99564165,0.040746927,-0.6489479,2.5828404
1766-159-1.wav,Natural_Sound,697.963509903731,0.023588957609953703,0.0021265289,-645.3326,18.071095,1.0151051,2.4893506,0.0951786,0.33901617,0.04045384,-1.1332896,-1.203039,-2.085297,-3.409036,-2.9523482,-3.6510987,-1.6394316,-2.0747015,-1.9232854,-2.5192614,-1.3643771,-1.6275592,0.37044227
1766-16-1.wav,Natural_Sound,369.88188897952,0.01587140118634259,0.07346979,-352.69647,206.77295,72.952896,-5.3736744,-2.9307394,20.848824,19.368404,4.53837,0.9166146,4.4638314,4.480941,2.7759092,2.6849692,2.7999933,1.9786584,1.5989577,1.9431969,1.4703273,0.13307045,-0.64438355
1766-160-1.wav,Natural_Sound,3352.517486182675,0.1665626808449074,0.035786152,-156.0302,55.351902,-25.144249,0.15161246,13.283014,-2.947339,-12.069902,-3.7931123,-6.5079303,1.7916392,-4.6929545,0.09884106,-3.2223756,5.4621396,5.4909024,7.9030538,-5.1632752,-6.129101,-9.085685,-6.242268
1766-161-1.wav,Natural_Sound,3373.4991779411816,0.14591923466435186,0.023238169,-320.50443,29.5421,-27.356504,18.062767,2.9202588,19.800407,10.398763,16.200134,8.096093,9.120666,3.2793262,12.531856,4.513875,4.69424,5.806149,6.731397,1.2684586,5.752171,1.5691069,6.2744203
1766-162-1.wav,Natural_Sound,1457.273056011667,0.0458984375,0.008937301,-423.07523,124.92982,38.76069,35.04086,-2.4815261,8.447441,-12.521979,4.315353,-1.3186592,-9.17383,-11.222783,2.1669161,-13.385638,0.16212791,-7.320629,-2.685526,-2.0809124,-4.1517587,-11.386359,-0.60935557
1766-163-1.wav,Natural_Sound,1711.1038985194139,0.028752079716435185,0.03991415,-390.6642,56.840595,63.808746,13.984966,9.613644,19.518179,10.190751,12.40279,5.6409383,9.121574,2.6387854,4.123669,1.7708796,5.0820737,2.9680216,5.5035267,1.6891904,1.1050359,-0.99913293,2.195939
1766-164-1.wav,Natural_Sound,867.8262432003305,0.01003463179976852,0.14453126,-287.7196,121.04361,66.046265,28.854134,16.49424,31.294487,17.14109,15.483545,13.746476,15.337257,23.717371,12.436146,0.78855354,4.755023,0.58981216,-1.5726702,-6.280099,4.843173,2.1601334,2.933282
1766-165-1.wav,Natural_Sound,2085.186328316096,0.1348560474537037,0.020374259,-341.50613,118.35724,-56.44594,46.833145,-40.054718,20.668432,1.7995962,15.5166445,7.043259,-10.247581,10.353941,-9.421247,3.1469457,-9.168959,3.35254,-1.353046,2.5926893,5.4049892,-1.2555106,7.499935
1766-166-1.wav,Natural_Sound,3520.402955168409,0.2036200629340278,0.013360675,-304.8803,45.789948,-22.53984,-0.32286227,4.954472,17.948254,8.35091,11.314884,-2.9338062,8.812206,-4.605488,-1.3369616,-6.2104278,-7.3393435,-6.165432,2.2040982,1.7457156,4.3346896,-2.2319775,-0.57614547
1766-167-1.wav,Natural_Sound,1675.4951425077365,0.06764729817708333,0.08225454,-198.40437,116.05353,-17.7793,34.893353,-18.909906,35.429157,12.092838,8.975747,11.092251,-1.7579114,2.2567933,22.362976,-0.48924947,5.419359,6.558787,4.0044117,5.615994,6.9830813,5.885696,2.8175573
1766-168-1.wav,Natural_Sound,3024.4790770449695,0.1397705078125,0.03293631,-356.60242,74.37294,48.58845,51.830513,-36.94246,50.71634,-15.825545,8.54013,12.270761,14.76577,10.227171,22.609982,14.577384,14.851854,14.890184,9.176597,8.288239,1.2013375,6.473553,2.2510316
1766-169-1.wav,Natural_Sound,3830.585420323464,0.2759738498263889,0.018484388,-281.93512,15.74099,-20.378666,34.215584,18.625206,7.8982472,-7.5682163,9.444959,20.657072,3.1967227,-2.2718961,18.342691,-4.258105,15.2281065,4.053736,4.074121,7.9568043,5.712079,1.5984442,11.927244
1766-17-1.wav,Natural_Sound,4210.800185619118,0.3460964626736111,0.013745422,-413.05933,3.837725,2.360327,53.81679,-34.989166,1.3048993,19.517307,-7.0908422,-4.284095,5.9854054,-9.230503,11.357051,-16.740797,3.027251,0.8229883,-10.159064,-10.950128,16.244524,-22.127129,-6.81361
1766-170-1.wav,Natural_Sound,1113.4167196139372,0.02244963469328704,0.15540865,-183.9426,134.04358,26.228235,25.947826,7.5417614,9.328005,3.7809668,7.1676445,4.567795,5.1415973,3.463675,7.208894,1.3709451,3.3281596,2.1739056,2.5044498,1.7360001,2.5218923,0.60111874,3.4208941
1766-171-1.wav,Natural_Sound,3646.814589200006,0.17610903139467593,0.010296238,-389.9394,31.84415,-17.826992,-53.559002,-46.049164,-21.659958,2.680895,1.6761045,-12.701906,9.925215,8.701362,6.895412,9.907544,18.913021,8.416348,-0.74088913,-4.5542154,0.7309433,-6.8343005,0.15289038
1766-172-1.wav,Natural_Sound,2328.7486509406967,0.10027850115740741,0.011244969,-381.80417,110.52347,24.409512,13.080993,5.196163,48.83781,-14.977535,22.084269,9.660888,-8.649963,18.014925,-9.349748,10.632942,3.9891226,-6.9777775,12.806737,-5.700013,5.5715275,4.640699,-4.7221045
1766-173-1.wav,Natural_Sound,2381.282120258035,0.10747612847222222,0.022327848,-260.514,90.8412,9.15044,29.560646,-12.934676,16.077696,10.912842,13.282527,11.289026,5.295919,-6.6643076,1.2474924,3.035214,5.4352145,3.8927598,6.8568063,0.76412004,2.797444,-5.946278,2.755145
1766-174-1.wav,Natural_Sound,3851.041481236503,0.29478398075810186,0.0031695466,-726.9861,32.221634,14.415236,17.2099,7.2340975,8.570684,3.4071665,3.2193036,-0.60934323,1.3268291,-0.97100013,-2.0684,-3.9717908,-1.9203168,-4.428222,-2.2637148,-1.5047399,0.55772614,-1.5505561,-0.7334864
1766-175-1.wav,Natural_Sound,2828.1835166923174,0.18967692057291666,0.06650204,-267.765,50.96058,6.3913884,103.194725,-12.47887,20.829933,21.464184,21.399708,13.650395,3.0423052,13.784917,4.7051053,0.9967763,8.940344,-3.8828754,5.670876,3.1632922,1.1700422,3.8824987,-0.13591328
1766-176-1.wav,Natural_Sound,1299.802505966229,0.008633083767361112,0.06653409,-342.7986,88.02118,50.16892,39.700317,15.086047,23.86194,12.668452,16.73173,7.505438,11.893873,5.3270197,7.9030547,3.8290288,6.850041,1.5328269,5.086458,0.89879924,5.7887363,0.75046533,3.289673
1766-177-1.wav,Natural_Sound,564.0277323696387,0.027793601707175927,0.09656027,-297.6106,218.38515,62.76787,-7.3971915,-10.578557,8.787965,3.8112304,-2.834567,-3.6314442,0.6559926,-4.1748686,-4.6546216,-7.45163,-5.052099,-6.293546,-4.5362124,-7.558311,-5.70043,-3.240202,-3.70866
1766-178-1.wav,Natural_Sound,2997.9718989543126,0.11711064091435185,0.06994595,-177.31152,58.993828,-10.688225,5.5476065,-3.227339,14.413849,13.908526,8.753839,7.543601,10.141027,2.0905683,3.9292555,-1.3939662,7.3545103,9.738946,7.7910256,1.2358325,8.929439,3.034728,2.9030774
1766-179-1.wav,Natural_Sound,2442.37884697934,0.11830421730324074,0.089354515,-77.35728,94.281044,0.050561976,17.660133,-16.702364,1.2520943,-10.576454,7.4203343,1.0746564,2.5788958,-3.2698262,-0.38417095,1.2255045,1.6861228,-0.16675264,2.1905673,-1.084104,0.37279508,-2.04363,0.1451635
1766-18-1.wav,Natural_Sound,1974.5009488195954,0.09565339265046297,0.021022642,-300.54672,101.724335,11.548853,61.360355,-8.0915785,10.403218,7.164577,5.9299264,14.040651,10.844416,-5.219677,8.407126,-12.834606,7.9216585,-4.67381,10.305906,-6.101464,10.002941,-5.466665,3.857936
1766-180-1.wav,Natural_Sound,1383.516564714913,0.04344120732060185,0.19591886,-146.97755,121.482475,29.697636,34.70133,1.3977296,17.71455,1.5647725,4.832922,10.761818,0.018898858,3.195174,9.404158,-4.4845524,5.390017,0.47637388,0.058187596,2.7669313,2.193013,-0.20381214,5.73632
1766-181-1.wav,Natural_Sound,2479.0305401072546,0.14071090133101852,0.044567846,-168.08026,94.39861,-26.158041,-5.839272,-5.010253,-7.398514,-5.0520062,-3.748201,-10.165668,-1.8362681,-9.702802,-1.4798805,-7.90463,-1.1297218,-6.678384,-2.4413803,-5.567725,-2.6252153,-5.6065087,-2.4147334
1766-182-1.wav,Natural_Sound,2262.742579878115,0.042460123697916664,0.020806719,-388.57254,53.102398,45.36477,37.73621,27.867027,24.67999,18.051222,19.734,14.562731,15.946969,8.009739,9.474632,3.2819073,10.399157,9.314238,10.604988,0.5379765,4.123086,-0.66290003,2.6851795
1766-183-1.wav,Natural_Sound,1184.9569635330429,0.019718876591435185,0.01731045,-415.82935,127.437126,39.96816,37.85532,24.652018,12.813173,1.1004536,6.5931616,4.2407446,12.794782,7.3470864,8.66256,0.014583164,1.6219058,2.7361355,2.3681211,-5.081064,-1.5620456,2.7156372,0.7046125
1766-184-1.wav,Natural_Sound,3523.5017863126172,0.18631546585648148,0.078576356,-86.312004,44.288277,-13.191746,13.530679,4.041092,2.9377565,4.3312683,8.006981,2.2044818,8.370197,0.6781342,7.4593515,1.6720666,5.429931,1.726144,5.9933076,1.3340447,2.5412016,-2.6943607,1.2216024
1766-185-1.wav,Natural_Sound,8286.023412737843,0.7358827944155093,0.019959234,-376.96872,-17.008207,77.38874,-20.337046,39.93401,-5.170187,15.915837,4.1277533,12.770353,3.177553,12.059593,1.6286583,7.8654613,6.0217814,1.6738379,10.6020565,0.02155039,10.4353075,2.1014714,5.594123
1766-186-1.wav,Natural_Sound,2197.7304966385645,0.08160400390625,0.016757013,-321.9848,96.9866,11.553168,17.507988,-14.141805,45.721725,5.075777,2.3744218,30.880417,-3.724431,5.7061,17.844622,-7.504981,14.922626,6.4828086,4.6190615,2.578944,12.188356,-12.160441,15.712862
1766-187-1.wav,Natural_Sound,3217.348495425836,0.17757161458333334,0.09643189,-48.776634,71.198,6.32256,-2.801025,-15.270403,10.0918255,-5.003863,4.3975077,-5.4896708,-0.34095424,-3.5534437,0.7765431,-1.3478426,-0.9293801,-0.018491533,1.6155463,-1.5837831,1.2468867,-0.2918918,2.4815464
1766-188-1.wav,Natural_Sound,1561.1807736572368,0.03370723017939815,0.0038437054,-575.793,101.427666,26.123707,23.851242,18.486967,19.28313,15.187276,17.533497,7.501305,4.309839,-0.5800291,3.3125875,2.0082257,2.1515563,1.2399081,1.1575605,-1.4545517,-1.4076515,-1.4215417,1.2501359
1766-189-1.wav,Natural_Sound,1123.148812731201,0.020623101128472224,0.18039252,-146.9072,138.39993,-30.646812,30.606495,9.086872,7.1195703,3.706982,9.147366,5.72365,13.340862,4.847421,6.1344547,3.3999267,9.081926,1.6190363,8.279041,6.122355,4.0830264,-1.5065672,4.0911484
1766-19-1.wav,Natural_Sound,4495.874444889807,0.2532326027199074,0.00419158,-477.20804,-2.8688464,-24.592619,-9.53302,-11.625053,5.7875495,3.0061917,4.573917,-4.022039,0.95180696,-2.0031238,4.1527257,2.3236477,1.999993,4.4212537,4.0930266,-2.9394011,4.156612,-4.100795,0.17068347
1766-190-1.wav,Natural_Sound,3156.7369540013497,0.23100902416087962,0.07645461,-66.587395,51.636005,-37.798588,35.386845,-8.9606285,-7.0141215,-8.355124,9.758564,-7.098255,-7.069044,-6.16067,1.6571282,-10.20629,-4.1276574,-6.8032236,-0.03776045,-10.333793,-1.282281,-4.9019613,2.8277864
1766-191-1.wav,Natural_Sound,2271.081532331889,0.1159984447337963,0.09143726,-65.45808,104.31407,-16.938969,5.381234,-0.052103654,-0.7958138,-2.3662627,3.118501,-3.298239,2.311391,-1.1804839,0.6196252,-1.554397,1.8979851,-2.5866835,2.850949,-3.5228057,3.172488,-2.8731709,2.2186985
1766-192-1.wav,Natural_Sound,900.0191352508649,0.03446903935185185,0.41015777,-65.946724,194.73369,-12.237368,21.59273,-3.3987095,10.999079,-0.08544463,6.778655,6.971051,2.157793,3.8719351,1.1681999,-0.1251489,3.5461137,-1.4253614,1.6747104,-1.5041476,1.2326467,-1.9041361,0.23048766
1766-193-1.wav,Natural_Sound,1573.8037969623235,0.07489465784143519,0.023046542,-243.06427,137.95789,-18.837988,-18.851322,-15.496459,-7.947126,-18.188198,-9.886326,-14.871137,-8.996631,-13.800422,-8.716494,-11.618897,-7.081544,-9.807748,-5.4060583,-8.302181,-4.289216,-7.7746086,-3.4948032
1766-194-1.wav,Natural_Sound,3087.3990296864745,0.11351182725694445,0.03129769,-356.1741,52.733597,22.98317,20.00798,7.803864,16.952175,6.9323525,6.8874187,2.3539412,6.9825854,3.1524394,3.2354605,-0.76849914,1.8690017,0.87257314,4.4799676,0.7772147,4.180825,0.5024709,4.047761
1766-195-1.wav,Natural_Sound,736.2268983623661,0.011852123119212963,0.37953752,-149.57423,136.11887,38.550724,41.28637,18.143581,22.5144,12.727311,14.730757,7.7248163,11.013605,5.2088385,8.100059,3.3680398,6.3601837,2.3974721,4.2782383,0.63752913,4.3838463,-0.32730907,2.4714675
1766-196-1.wav,Natural_Sound,2336.4135671144886,0.12537977430555555,0.102041155,-47.797413,94.40513,-33.279205,-7.050599,-16.026304,-6.541773,-15.412114,-8.70717,-15.36212,-8.7665825,-13.94696,-8.588607,-12.936058,-7.12394,-10.785674,-6.0860753,-9.630082,-4.7557244,-8.968225,-4.3801336
1766-197-1.wav,Natural_Sound,3037.6178217779266,0.14942762586805555,0.15191753,-18.175396,59.17036,-17.11159,24.385159,3.994725,16.989998,2.5039432,13.571454,2.5891764,12.136858,0.8459001,9.591431,-3.956656,5.6201925,-2.2474654,4.7175264,2.549196,6.8625183,-0.75691116,5.8413706
1766-198-1.wav,Natural_Sound,1708.8963535220187,0.02788176359953704,0.02852405,-345.66412,78.038345,19.12863,36.310905,22.570177,18.323479,13.545015,18.165262,16.961632,12.486857,7.1582255,11.270656,7.6594243,9.719237,1.9401711,6.138422,2.0726078,6.895376,-1.2512956,-0.45023018
1766-199-1.wav,Natural_Sound,3090.346200587618,0.2543312355324074,0.0049541327,-457.33615,57.327934,-37.7467,45.78107,-2.3651996,1.7462636,-1.5644639,3.7270875,0.38385746,4.334504,-3.090798,1.3662302,2.09939,1.5637558,-7.8932223,1.3640134,-2.362744,-1.9648569,-1.8860819,3.7351797
1766-2-1.wav,Natural_Sound,1398.8109144841712,0.09017379195601852,0.040157124,-244.20724,140.76442,-52.583015,-53.08638,-39.375923,-31.05286,-41.032955,-23.822803,-22.006393,-25.022518,-30.497795,-12.56311,-12.555161,-9.903406,-12.888629,-4.4505286,-4.461924,-1.935472,-2.5906591,5.712486
1766-20-1.wav,Natural_Sound,2325.0976482457213,0.1520046657986111,0.09371578,-67.069885,89.73273,-66.5767,-0.83776975,-29.018602,-5.4472485,-22.759573,-7.5884204,-17.70876,-1.0991228,-10.22,-5.895509,-9.206265,-5.359118,-8.4191475,-3.9569445,-6.8523316,-1.9866937,-6.848806,-1.8224485
1766-200-1.wav,Natural_Sound,277.1298823570799,0.01177978515625,0.46610233,-237.4956,188.79689,64.04968,12.984619,15.93214,20.829025,15.313183,7.893148,7.4106717,10.344295,9.303842,6.282118,5.1106687,5.514219,5.8798494,6.0163827,5.6735716,4.331749,2.8686824,2.1301417
1766-201-1.wav,Natural_Sound,2845.278828991065,0.23484971788194445,0.06958384,-354.80026,39.62637,-52.264595,42.03025,-20.661352,-15.770087,-27.065569,8.810299,-0.5986751,-28.8605,-12.022163,15.104726,-8.572767,-23.895092,8.677593,8.076328,-20.865086,-10.710807,13.656678,-2.7631497
1766-202-1.wav,Natural_Sound,1366.7789710429572,0.0247802734375,0.015985707,-381.0305,124.64077,29.321335,5.998516,12.437624,18.791239,9.3057165,13.343508,8.511667,7.2402163,4.2265515,6.5158544,2.83127,5.2433553,2.1294649,7.215516,2.2164402,6.616277,2.7233677,2.820981
1766-203-1.wav,Natural_Sound,3314.8065537326174,0.25178584346064814,0.0046576294,-445.7414,29.959707,-59.75281,18.64289,-21.55804,-13.677239,-11.035072,2.6449604,-8.382127,4.132423,-8.5988455,-3.4617064,-8.725029,-6.1881814,-10.153587,-5.5901637,-10.093859,-7.8351164,-8.583459,-3.7065692
1766-204-1.wav,Natural_Sound,3024.0342320693735,0.20378282335069445,0.118244134,-28.957645,68.476456,-31.299221,8.235899,-15.360756,-0.7926334,0.68139297,-7.1810822,-10.576518,0.6401708,-9.25089,-1.8004344,-4.3358517,-4.763171,-5.6746316,1.8843592,-4.5848475,0.98206943,-4.296949,-2.3282151
1766-205-1.wav,Natural_Sound,1528.3633893902954,0.046863697193287035,0.004421294,-461.94748,123.05478,-5.311024,14.289987,15.752917,13.465922,10.0045185,19.43554,16.79616,17.288761,2.4726744,-4.762457,-5.5114093,8.659043,5.2966623,7.043066,2.617943,6.665775,-2.878705,-7.0305896
1766-206-1.wav,Natural_Sound,2965.182787515526,0.14897099247685186,0.018523669,-333.75064,68.37869,19.321728,13.0695505,0.6152687,12.745868,6.065054,11.2282295,3.2768,10.159959,5.412433,3.5965555,-0.004735735,4.266632,-0.93361396,2.044646,-3.000574,3.8220553,-2.4356105,2.4701617
1766-207-1.wav,Natural_Sound,8693.796181495074,0.7341444227430556,0.02899276,-413.9811,-44.44227,76.84669,-25.258533,41.82101,-7.2596607,14.122248,11.822928,16.550417,4.199217,17.606802,-0.0013382788,14.795685,2.7159224,5.5512013,9.047296,3.6432307,11.515706,3.6532207,10.534792
1766-208-1.wav,Natural_Sound,3540.30523647182,0.3096381293402778,0.008049722,-408.57846,47.778683,4.054307,42.4155,-18.81461,-22.189724,35.737484,-11.543818,-27.82987,27.410473,-19.14912,-20.628702,21.58502,-8.474278,-12.021733,12.561293,-1.6468669,-3.1508677,11.830642,2.6080792
1766-209-1.wav,Natural_Sound,2606.1413004300243,0.12240035445601852,0.0740126,-287.22128,112.47997,72.424065,23.740488,2.5949507,69.39217,-31.181623,45.73677,-8.24,10.134416,12.744177,-11.200025,16.052666,-10.894789,7.394183,-3.223198,-6.373446,9.909874,-16.17949,11.902381
1766-21-1.wav,Natural_Sound,782.0495926439193,0.04447654441550926,0.08002061,-235.30223,205.78058,9.526171,-7.3694587,-0.0063871453,10.415434,-5.0400233,-7.829114,-5.116149,-0.17682888,-6.1922326,1.8855952,4.0412865,9.912666,3.7456179,3.7222538,-2.3419735,2.029268,-1.8946184,-1.316553
1766-210-1.wav,Natural_Sound,2779.8368281886546,0.16941550925925927,0.059130196,-225.60127,69.18468,-9.428148,29.594357,6.1071525,-12.500604,1.2088685,27.08949,-7.320396,-17.146069,17.494734,2.9943175,-23.172178,5.87968,-1.8046298,-3.8609874,-14.052576,1.32286,0.2141197,-16.068916
1766-211-1.wav,Natural_Sound,1070.5096899470045,0.03910545066550926,0.11788451,-210.04616,161.72197,-10.119762,18.574768,11.9670515,7.9563794,6.017371,6.4179726,5.716589,5.5832815,4.4189134,2.9464962,1.9658206,1.4702731,1.6387838,3.0566843,3.319153,3.3888285,1.0385805,1.2267092
1766-212-1.wav,Natural_Sound,3286.4257525984626,0.27488425925925924,0.009302056,-327.02286,65.15598,4.600171,59.54221,-32.413063,10.049564,-3.3394527,-2.805546,-5.007782,8.042677,1.6162366,0.83487535,6.9494977,4.093124,-3.6320326,4.1499653,0.19787052,-1.8820779,0.2276061,1.7976575
1766-213-1.wav,Natural_Sound,1617.3692264374188,0.03614863642939815,0.004078096,-570.41724,98.18883,24.67592,24.2822,15.000138,19.621641,16.662434,17.403023,6.826756,3.399209,-0.15272275,0.26600754,-0.500394,2.4625235,1.6313025,1.1826776,-1.1532805,-2.3667924,-2.9554431,0.52191556
1766-214-1.wav,Natural_Sound,2507.569456729534,0.07520435474537036,0.10191553,-111.05742,72.295525,-10.877819,22.079903,16.29762,14.720589,12.295567,12.825727,5.440353,10.711464,5.2024837,9.472442,2.1134856,4.923792,1.5731138,4.0582013,2.3558698,3.2188132,-1.4254668,4.420979
1766-215-1.wav,Natural_Sound,1920.478608672146,0.05397090205439815,0.019426426,-363.29803,90.81918,26.861101,48.477367,16.891624,4.042699,8.150163,13.343366,4.2380877,10.887428,6.869979,7.3821754,-2.9186459,5.9479456,2.224971,-5.599112,-0.29192752,6.1749654,1.8209887,2.3147588
1766-216-1.wav,Natural_Sound,1866.335242398152,0.03186939380787037,0.03610049,-371.51453,91.60511,36.608063,16.532211,16.265604,15.956173,0.69197226,13.012804,12.583604,13.411119,11.376137,9.252276,3.0203135,10.994808,11.188607,6.33163,0.8903159,0.00042795253,3.5797453,1.3345426
1766-217-1.wav,Natural_Sound,4023.790984090184,0.25609447337962965,0.066108644,-72.54613,30.566727,-11.8013315,8.788876,1.7587786,5.963911,-3.0241852,3.226251,-2.9000378,3.6845033,-2.9908626,0.5797158,-3.7874851,1.691056,-1.412278,2.270769,-2.5102205,0.8769726,-2.779974,1.7080755
1766-218-1.wav,Natural_Sound,861.035250151054,0.02128318504050926,0.56442606,-47.328007,151.84271,36.969273,35.42693,9.768352,13.428101,4.5333767,7.600468,-0.2397876,3.4740233,-1.6215979,2.8115315,-2.275922,1.8272911,-3.0286639,0.18437862,-3.576491,0.6400987,-3.707472,0.20464556
1766-219-1.wav,Natural_Sound,537.4668155968463,0.014216670283564815,0.03736531,-450.66718,154.51163,83.06727,46.99478,24.691565,19.11338,9.107329,6.370914,3.769231,1.3775694,-0.10027553,2.1839106,-0.14716347,3.242371,-0.29426703,2.9254885,-0.8629959,0.37970796,-1.5528104,0.3486311
1766-22-1.wav,Natural_Sound,4685.186476056131,0.3302024558738426,0.010636489,-332.02228,-13.857564,-48.11827,-30.788673,5.6266994,4.6301875,10.362236,2.4464908,-13.269511,7.8726053,-6.4351163,-4.345598,-5.1175203,-3.3831875,-7.828237,7.968603,4.6616573,2.092106,-4.290138,-0.5925397
1766-220-1.wav,Natural_Sound,2072.03779601604,0.11761248553240741,0.008384048,-557.5122,15.567729,4.291027,-4.837924,-1.9598073,0.2253811,-8.874613,-1.5955126,-0.7499789,0.5186245,-1.4854776,0.56318325,-0.43070194,0.66612935,1.0514965,0.052833352,1.1747924,2.70669,0.5191875,0.78725886
1766-221-1.wav,Natural_Sound,4360.127230778455,0.39139359085648145,0.0068444666,-480.9287,9.446618,-19.9613,0.20629656,-1.0323848,9.351851,4.829364,1.6531905,-0.58829415,4.6396155,-1.2331332,3.2687972,0.6483407,2.7677243,-1.0665324,0.4280189,-3.8171976,-0.5964279,-1.7548579,3.5001683
1766-222-1.wav,Natural_Sound,7455.466389883576,0.6779333043981481,0.19773413,-102.607994,14.453833,62.28823,-32.44376,34.07519,1.2673707,21.155104,7.1871486,3.8000844,-3.8821979,-0.18852443,9.740666,-2.3579104,15.850409,-5.604899,10.233576,-3.8681223,7.146879,-0.64219475,4.766245
1766-223-1.wav,Natural_Sound,3023.217858224795,0.20146574797453703,0.10558702,-34.354893,62.04224,-42.592625,1.8062224,-18.179937,-1.0655217,-7.775704,-5.583866,-3.633856,-2.085602,-4.462228,-1.4373815,-3.7397888,1.7894287,-5.487975,0.5012146,-2.1616647,2.311362,-3.6099553,2.2203484
1766-224-1.wav,Natural_Sound,4869.023927989611,0.3794600875289352,0.017707527,-224.28078,1.5108529,-13.544181,-8.093247,-20.844921,-5.03521,-10.14892,-10.641948,-12.526607,-7.175863,-10.339012,-5.8663197,-10.194901,-6.8519707,-9.551392,-4.1640873,-7.4932957,-0.9115417,-5.8755007,-2.1563497
1766-225-1.wav,Natural_Sound,5026.229506288091,0.18699363425925927,0.0076508224,-407.86023,-5.3862743,57.30517,48.875324,31.520493,24.611626,1.9446315,1.4308723,-5.7626014,5.358366,10.137964,9.750599,1.8138583,8.501304,-1.9430104,2.937302,-3.9616559,9.6830435,-0.41139406,4.23696
1766-226-1.wav,Natural_Sound,4790.331725664153,0.4018260814525463,0.07266552,-63.61041,-9.71201,-27.619493,-16.558817,-30.737122,-27.075377,-29.50548,-17.986618,-21.317554,-15.846458,-18.1726,-7.515118,-7.9490924,-2.1071558,-5.1725583,2.9182377,2.774966,7.9108186,3.7241561,8.865825
1766-227-1.wav,Natural_Sound,563.1757804732447,0.016920301649305556,0.06340238,-332.05258,159.11629,41.761665,38.421486,31.628166,28.805008,0.48017707,1.2366292,0.83965415,5.723349,-1.4732841,0.6021594,-1.6573907,7.027126,-0.914647,-0.2944509,-3.9940073,0.37542188,-3.0668614,-1.1509635
1766-228-1.wav,Natural_Sound,598.5625221212666,0.022922092013888888,0.09492763,-306.71997,163.97533,47.235542,38.72469,7.636565,0.7229162,0.74366003,8.076653,3.726146,3.099242,-15.823043,-6.2608705,-10.344165,0.16015556,10.646236,-0.5801831,3.5366256,-1.8687271,8.340834,8.03831
1766-229-1.wav,Natural_Sound,810.5288502722774,0.02913185402199074,0.013277721,-507.22726,191.89043,48.43788,6.1516204,7.8896832,18.010921,10.745107,-1.4865928,1.044308,7.618563,1.8313969,1.4301416,-0.72822523,0.30233625,-0.37348175,-0.6617703,2.261863,-0.6861454,-2.7114015,-1.4341238
1766-23-1.wav,Natural_Sound,1341.610973135354,0.04906774450231482,0.013387953,-399.65756,140.4997,36.82697,24.030088,-10.99669,7.3221316,-10.308431,3.8373175,-0.61203057,-8.545732,-8.286217,2.7473264,-13.738214,-0.08716011,-7.283748,-5.536967,-1.2689384,-5.2422514,-10.103444,0.6714351
1766-230-1.wav,Natural_Sound,4021.3330608927226,0.3078206380208333,0.06695611,-59.57212,30.7374,-19.29436,5.927377,-6.510041,15.979325,-3.6282332,2.6787047,-2.4942539,4.937099,-2.3338406,6.397842,-3.3213253,1.3937355,-5.604587,-1.0453115,-6.7730756,-0.6737576,-3.8181152,-0.51962554
1766-231-1.wav,Natural_Sound,2747.915031062558,0.16167308666087962,0.08055648,-79.397804,54.467995,-68.152275,-31.340296,-34.159428,-29.553572,-30.979122,-18.518402,-25.141306,-13.992314,-19.69463,-8.985658,-14.670193,-9.119386,-10.613464,-9.670282,-9.047074,-6.9264483,-5.9671082,-2.1964145
1766-232-1.wav,Natural_Sound,3090.1209497684094,0.14965368200231483,0.03770731,-151.95721,67.221504,-1.2331489,15.545031,11.601233,10.410296,-0.2391939,6.431119,-0.92043304,5.1500173,-1.6776494,6.2150292,-3.3643544,4.1615453,-3.282617,4.122941,-3.6448612,3.3612502,-2.778995,1.9920207
1766-233-1.wav,Natural_Sound,3989.7617244234243,0.2326366283275463,0.050582692,-103.54873,53.45674,26.868843,6.0941567,-6.639612,10.337554,1.3794125,11.505428,0.4340864,6.4473352,-2.2584834,4.877343,0.030314304,4.358615,-1.9745191,4.115586,-2.1025167,1.8924475,-2.0077498,2.1390784
1766-234-1.wav,Natural_Sound,559.3489601750363,0.02203369140625,0.09658672,-298.7234,191.94746,71.18575,6.308667,-3.0007114,11.708105,8.278611,1.3285321,0.22109392,0.942306,-2.5662646,-4.556093,-7.2399282,-7.396655,-6.986607,-3.1038868,-4.3030605,-4.5473423,-2.5249481,-2.3050325
1766-235-1.wav,Natural_Sound,2660.3296400371305,0.15642858434606483,0.107988566,-40.22363,84.599266,-27.614548,-0.18180014,-16.315289,0.8213073,-12.733796,-1.9898276,-9.224638,-1.9979225,-8.399145,-2.2565184,-7.879425,-1.8331571,-6.8978267,-2.263154,-5.818259,-2.2920516,-5.389682,-0.9326449
1766-236-1.wav,Natural_Sound,358.62547187402026,0.009498878761574073,0.038385443,-461.5021,186.46901,71.99791,22.16633,11.468178,20.317677,15.343983,7.7496023,7.0344644,9.305204,7.7473493,4.3967857,3.1204715,3.4402752,3.643767,3.8290174,2.7763174,2.0532846,3.6740224,3.5739667
1766-237-1.wav,Natural_Sound,3978.6667998251364,0.20574951171875,0.01090246,-365.0235,13.096471,-32.550053,-4.3508334,-6.105605,1.3070213,1.6078532,1.3047127,-13.889226,-3.4514682,5.128355,5.149127,-12.159599,-14.536153,1.5044527,9.536222,-1.3148869,11.169303,5.6102386,3.1020954
1766-238-1.wav,Natural_Sound,3203.2313315412407,0.08321126302083333,0.0066298884,-410.47098,52.21848,44.614502,38.653545,1.3022906,16.202322,6.8021092,16.725365,9.7097,13.813282,4.459206,6.0290337,10.070202,6.923792,-5.7227387,1.6398163,-6.3540797,-1.6215632,-7.7995615,-1.9244207
1766-239-1.wav,Natural_Sound,2336.429269694248,0.10213668258101852,0.12599337,-49.746086,96.86327,-2.7040594,8.36019,-2.2452679,6.8199353,3.4896839,8.568845,3.1454365,8.253575,3.9451888,5.572082,1.666358,1.6580765,-3.7623942,1.4639437,-0.28608075,2.7914214,-0.7101446,3.8850179
1766-24-1.wav,Natural_Sound,1424.7669094215094,0.05562789351851852,0.0033324752,-629.4174,-0.2631966,-2.6744723,2.731769,1.9229347,3.3889709,1.703491,3.4173567,3.6131175,3.3162735,1.916084,2.257051,1.2049879,1.6426399,1.4973229,2.086693,1.2798349,1.9485148,1.3272895,1.4942831
1766-240-1.wav,Natural_Sound,2270.7624423967045,0.13079381872106483,0.018234016,-282.5153,120.21313,37.488728,3.8369944,-11.511622,11.916427,-6.342006,16.40315,-5.9901214,1.9187118,-6.305334,1.4381174,1.137306,3.448418,-0.2828168,-0.049930785,-4.0956416,-2.560155,-3.4172053,0.9956714
1766-241-1.wav,Natural_Sound,1868.6735663014845,0.0806568287037037,0.13460319,-60.174057,119.778404,4.3236346,15.979302,-10.064245,2.5875595,-10.04876,2.3228273,-7.8948493,1.3676755,-6.2710266,-0.8414144,-3.5219178,-0.95654994,-3.1375372,-0.85367244,-3.234415,-0.20845321,-3.087837,0.48579794
1766-242-1.wav,Natural_Sound,2719.6427406212993,0.1659613715277778,0.10471012,-38.622467,80.89039,-25.784508,13.978954,-5.7816076,0.5640643,-3.7029855,1.3479829,-4.621837,1.1173797,-3.6818616,1.8016168,-5.4150705,0.8711661,-5.3552976,0.8626419,-4.8238177,-0.16924979,-5.1505013,0.0771175
1766-243-1.wav,Natural_Sound,2606.8687066523166,0.08110441984953703,0.0035610795,-486.20203,82.10552,18.71698,22.861963,12.928596,13.681898,6.194085,4.905609,-2.1999962,0.8619779,-1.8895546,-1.7388893,-6.8939204,1.7618289,-4.2272487,-2.5575595,-4.5756617,0.08658082,-3.9106593,-0.4454988
1766-244-1.wav,Natural_Sound,3653.8216648100006,0.3163859049479167,0.03225915,-385.34967,-57.201714,-118.33983,28.95194,-32.593914,7.876167,-5.525281,15.407276,37.37527,-9.134925,-14.023614,3.4307353,-8.876958,-5.534924,-0.110704355,2.1018157,2.5742111,8.109327,2.3270476,1.3767868
1766-245-1.wav,Natural_Sound,5136.165938186978,0.4472091109664352,0.06254572,-73.35431,-9.016876,-15.225932,-7.496051,-16.487524,-5.878045,-14.345023,-9.101211,-12.304573,-3.7981615,-10.860465,-3.6098988,-7.9824834,-1.2775366,-7.217899,-2.4896567,-6.6849527,-2.2757182,-7.326407,-3.8028896
1766-246-1.wav,Natural_Sound,3693.528531469437,0.24297191478587962,0.0064619533,-383.595,45.193115,27.813921,30.361341,-3.8831651,48.313404,8.847565,5.042472,7.0966005,6.2636466,-3.4838648,-1.7744132,12.829588,-17.516954,10.959712,0.4653278,-17.64538,16.999302,-12.890881,-6.0927095
1766-247-1.wav,Natural_Sound,2692.0767292251517,0.19847502531828703,0.008626695,-410.4645,70.93447,-67.53428,-21.258383,-50.266167,-17.902897,-3.726659,-10.902794,-3.6209712,-0.88221633,-7.149137,-1.1731031,-6.702949,-0.45805302,-8.275831,-8.52206,-6.5436854,-6.981785,-8.696511,-1.2987685
1766-248-1.wav,Natural_Sound,1306.4703113546386,0.048036928530092594,0.2959953,-101.76798,131.2219,-12.948376,40.412327,-12.00695,-10.983552,-16.728294,17.000607,-0.6805089,-10.627611,-1.7789245,7.9920325,-12.039071,3.5208485,21.265432,27.897533,16.45884,24.94327,16.585173,0.642546
1766-249-1.wav,Natural_Sound,3568.251818724274,0.28684262876157407,0.10102369,-25.624704,45.109097,-24.66382,29.007317,-25.549177,7.7249002,-22.92072,1.2832147,-12.057095,-1.834458,-5.8519816,-1.8239623,-8.971399,3.575731,-8.186216,1.4044647,-2.5678754,2.019251,-2.4935064,2.7031019
1766-25-1.wav,Natural_Sound,3194.0020839780855,0.18827311197916666,0.070302114,-251.94023,21.894217,-26.375895,-14.882025,-12.627937,8.272959,14.462398,7.338718,-0.3615986,3.2702358,5.950948,8.6100025,1.2531009,4.398278,4.817691,0.049190663,-7.775861,-6.6379247,-5.1692333,-1.8173082
1766-250-1.wav,Natural_Sound,8093.277153711203,0.7448979130497685,0.081675336,-274.3613,-32.89753,89.542274,-59.356182,14.88574,-24.51063,-27.036282,0.7285015,-23.434689,7.4480195,-22.905396,0.7805344,-15.3526325,-2.711162,-6.5269537,-2.378431,-4.455252,-3.0597897,-8.077776,0.9337197
1766-251-1.wav,Natural_Sound,2361.620667267905,0.11866816767939815,0.09171828,-67.12481,100.06591,-13.001806,5.988616,-1.3566363,-3.7421844,-7.8869367,0.54794395,-6.408347,1.4021804,-5.9786377,-2.64581,-3.1752543,-1.2748778,-2.8519123,0.102707475,-4.596962,0.5550204,-4.2542987,1.0174924
1766-252-1.wav,Natural_Sound,3734.157478736608,0.25231029369212965,0.024302935,-283.67154,10.602198,-41.73823,19.266655,-15.308373,-1.6240096,-8.376612,13.487865,6.6548543,10.901851,6.406484,6.251944,-0.4302481,8.595727,-4.8863378,0.96087885,-3.8313067,4.8680058,-3.464174,2.1630816
1766-253-1.wav,Natural_Sound,4225.465399037134,0.32389096860532407,0.057823487,-356.5466,38.77236,-1.1484123,30.733824,-26.471851,3.483624,-9.596876,-13.347014,29.8076,-28.53352,-14.348279,42.492367,-43.411324,7.9010677,0.031771977,-0.012103788,-22.696825,3.8518949,-17.034023,13.81711
1766-254-1.wav,Natural_Sound,2606.1856867958327,0.0869479709201389,0.0021953916,-554.03656,90.21524,24.030533,10.792263,-15.847759,0.70729893,-15.056048,-7.0029206,-8.079409,-5.5529604,-11.340418,-6.5930386,-10.650501,-8.639745,-6.040891,-3.4275563,-6.761018,1.1167641,-6.6061797,-0.9691066
1766-255-1.wav,Natural_Sound,856.3098166561778,0.017126012731481483,0.111038685,-222.00731,140.37314,29.064524,33.849125,34.86472,17.315361,0.2646758,3.0857956,2.5327199,10.248214,2.983086,1.8033878,-5.2679963,0.21422063,1.511723,4.9368706,-5.0378575,0.8186226,2.280216,3.6647494
1766-256-1.wav,Natural_Sound,1930.2516217387126,0.16795970775462962,0.009978789,-711.98553,1.9999702,-137.76654,-41.7097,109.28091,48.884525,-83.48329,-42.06431,49.11214,20.295338,-32.70446,-10.057036,15.276057,-2.8988905,-12.962152,6.042208,-4.6503034,-6.175323,2.9878333,6.7547483
1766-257-1.wav,Natural_Sound,1357.5494440900284,0.05328821252893518,0.057165958,-275.8293,149.15218,-13.364452,21.611599,7.9811215,11.716967,2.6357267,8.771351,2.1568372,4.4955206,2.2065022,2.6611967,3.5506942,1.1192431,1.2014378,-0.9712697,0.69145846,0.5400165,1.0847557,2.0493414
1766-258-1.wav,Natural_Sound,2221.7770471496187,0.036379213686342594,0.14885224,-197.40633,79.9504,83.366394,15.684062,11.083383,26.167763,14.547802,17.760605,9.0229845,12.276383,4.9042106,4.2494545,0.021791184,7.364887,5.6126947,9.759487,3.6891434,1.6606376,-0.17790423,2.7660878
1766-259-1.wav,Natural_Sound,2706.715419010374,0.16155101634837962,0.092719905,-45.110405,82.96266,-26.687452,5.042707,-14.280412,1.5294847,-10.265675,-0.17780997,-6.626755,-0.9690772,-7.376417,-1.3067355,-7.1001577,-0.55134183,-4.558848,0.37778556,-3.830449,-0.61567444,-3.8774152,-0.055565834
1766-26-1.wav,Natural_Sound,3887.8411425890913,0.2517994068287037,0.14115544,-2.4110112,48.21683,17.294285,20.86867,-1.9993294,14.460359,-8.957555,11.637037,-5.3433337,6.060254,-1.4689206,4.5687356,-2.299711,4.11796,-1.7830952,4.8622456,-3.164882,2.7358987,-0.2510809,1.6147957
1766-260-1.wav,Natural_Sound,260.52958814740674,0.008820710358796295,0.4106875,-251.58417,175.56963,65.269646,25.759657,23.245079,20.350916,15.21779,14.159607,13.2421465,9.908216,8.019891,8.413112,8.158988,6.4255986,5.050129,5.0511384,4.0477133,1.5439994,1.1570873,2.7714524
1766-261-1.wav,Natural_Sound,2002.4739600276225,0.08915653935185185,0.08202895,-119.16157,108.04662,-19.962442,0.42747363,-13.504645,-12.592377,-18.588905,-16.76138,-15.80988,-10.995289,-11.285918,-5.633591,-9.517906,-7.8091736,-8.8476305,-3.7653332,-6.5383186,0.37044492,-5.367149,0.06470313
1766-262-1.wav,Natural_Sound,3973.113824541493,0.28684262876157407,0.07194277,-55.52425,38.013462,-3.1864393,17.525728,-4.99899,6.4488006,-0.63396835,4.9515786,-0.8274894,4.057688,-2.4271693,1.4068123,-5.5601764,0.47474498,-7.0201225,-1.1381663,-6.5736046,-1.9140495,-5.400948,1.033517
1766-263-1.wav,Natural_Sound,831.823328119689,0.040495695891203706,0.056581568,-281.70862,189.95547,18.859854,-7.2152066,-5.8236704,5.268424,-7.851014,-6.95658,-6.4358783,-0.81532246,-9.555275,-5.158082,-7.099991,-1.6488004,-3.3202853,6.9544587,8.215502,13.186009,5.814505,3.4925706
1766-264-1.wav,Natural_Sound,3560.946554666682,0.23661521629050927,0.108206235,-20.210213,45.344822,-30.526001,-9.862266,-14.938414,-5.238354,-8.979,-3.5679927,-11.888982,-4.1492596,-10.29562,-0.27039835,-4.256198,1.411586,-4.225191,1.3549837,-3.4194822,-2.1166677,-4.1404533,0.38479728
1766-265-1.wav,Natural_Sound,2595.8394933167515,0.11431432653356481,0.07846237,-173.9724,74.85274,-15.5567,-50.915974,-34.809376,-22.628084,-15.902819,-26.789946,-43.21705,-13.578514,-2.5617397,10.0224495,3.668297,5.146271,-2.0505311,0.95515215,6.485553,8.180885,-4.962516,2.1274188
1766-266-1.wav,Natural_Sound,979.6682429043817,0.03928177445023148,0.067913234,-247.99147,181.27574,11.093138,3.7085092,12.530549,1.1403917,-1.7943883,-0.26738396,-5.295519,-0.2509452,-7.100131,-3.2665203,-3.5614731,-1.1774268,-5.4883637,-2.089616,-4.6218724,-2.524821,-6.1470103,-0.9923907
1766-267-1.wav,Natural_Sound,3535.179971797545,0.29176613136574076,0.08877949,-79.05173,56.565357,2.3492188,25.166088,-25.25679,14.5234,-6.884709,-3.8305573,-4.685749,-3.293132,-6.0823417,-6.8352966,-5.5371523,-5.0501685,-5.729208,-3.4673269,-5.467083,-4.1004143,-6.972327,0.91965204
1766-268-1.wav,Natural_Sound,3737.4348515160505,0.29692699291087965,0.08600054,-358.86942,-4.2195625,13.442292,66.00902,-17.24935,-27.209286,36.88527,-1.870556,-39.1361,36.38601,-7.136301,-19.191404,23.409164,-5.810464,-5.529514,-2.0756528,11.962056,-23.144714,5.2383456,9.020967
1766-269-1.wav,Natural_Sound,2472.799535041759,0.1669017650462963,0.07024186,-93.19303,82.086586,-67.95353,2.4934597,-28.795723,-2.4627423,-22.932613,-5.8144045,-18.968082,-2.630269,-9.431458,-5.0266724,-8.008741,-5.960336,-8.850372,-4.099148,-7.8391085,-1.347473,-6.461316,-1.691549
1766-27-1.wav,Natural_Sound,2134.8617401383376,0.10645209418402778,0.13243008,-51.567936,105.99414,-22.311281,-23.768238,-28.8551,3.1093633,-21.133091,-13.069198,-18.589977,-6.310085,-9.79521,-8.04641,-7.5790586,-7.3404217,-7.147281,1.5887386,-3.726474,0.42837092,-7.1104627,-3.3120177
1766-270-1.wav,Natural_Sound,2802.2282891757645,0.018385145399305556,0.098246194,-193.98955,43.039696,-2.1334999,14.652791,-0.33669364,15.049963,1.6320976,11.467574,6.6128044,8.636237,0.44846117,4.759153,-0.09895678,7.6579204,6.489855,8.395479,0.18082725,13.390018,10.5758915,7.7955213
1766-271-1.wav,Natural_Sound,2352.6565267524534,0.044951262297453706,0.011321921,-442.0858,62.579834,39.938362,31.902122,21.843885,28.978071,14.368438,20.973404,12.23078,13.519232,4.8828983,7.4851465,2.199393,6.0328083,0.058911324,3.6332583,-0.9137881,3.1663365,1.4103013,4.2783904
1766-272-1.wav,Natural_Sound,3002.8420429957473,0.15357801649305555,0.0066470085,-451.61472,42.039333,-43.627754,-29.319132,-30.662254,-43.575375,-46.43518,-21.863453,-25.702726,-14.041552,-19.992844,-2.986661,-1.5855439,0.4797912,2.241781,5.5435705,6.8949165,10.996483,4.4896784,1.1769208
1766-273-1.wav,Natural_Sound,696.4394458266356,0.03868272569444445,0.05847054,-302.52716,218.14236,0.70874476,-18.320753,16.981688,12.692186,5.346981,-2.2924225,-0.95578796,6.5124226,4.5226526,3.4102526,3.1857972,0.108196504,1.4643531,2.123992,-0.2177153,0.6585914,0.9048389,-1.0238957
1766-274-1.wav,Natural_Sound,2292.8746728382416,0.16645643446180555,0.012710876,-405.99765,103.64291,-2.8669722,43.18499,-38.333187,3.360142,6.4762454,-30.121044,-9.501508,4.4316297,-0.23180297,6.9887996,5.0361123,5.2290225,-0.35757586,1.991244,-2.750723,-8.971819,-4.682112,-4.78191
1766-275-1.wav,Natural_Sound,3651.5092199879527,0.1880154079861111,0.004093961,-492.85754,31.630733,-25.195644,-20.858053,-19.340406,-1.2281245,17.674326,15.080815,1.7787864,17.676628,9.088127,5.0426126,-3.4999173,9.809874,7.2530923,3.403222,3.7350779,6.3058724,-3.429087,4.0322657
1766-276-1.wav,Natural_Sound,1364.6919571832707,0.04751247829861111,0.0016332873,-707.1227,18.041716,2.1578383,4.9886923,3.0252843,2.3019128,2.766692,2.8629165,1.4177879,2.1669152,1.2615049,1.5754125,0.25540474,1.5901442,1.1557889,1.2963933,1.4466273,1.6230743,0.7091554,1.1396588
1766-277-1.wav,Natural_Sound,1775.63964894903,0.08433024088541667,0.121314496,-61.903435,129.72784,-8.517142,0.7221913,-15.560111,-1.4296228,-3.8461106,-1.1693454,-3.5892313,4.5910134,-2.4832747,6.590808,-1.5374808,0.7006936,-2.3282633,-0.03127174,-4.3098583,0.5732574,-3.3627806,-0.18778391
1766-278-1.wav,Natural_Sound,862.7514903377149,0.017826786747685185,0.01902406,-431.85583,166.19945,44.40895,9.488206,15.425184,20.18074,13.65454,1.0818957,-1.8751154,8.135199,-2.0347457,1.7703332,-0.86591935,2.3218045,-3.8278365,1.894443,-1.8969119,2.904636,-1.3605604,-0.36608887
1766-279-1.wav,Natural_Sound,2556.5203613482695,0.1656810619212963,0.057236698,-311.95404,73.85704,-49.463703,41.99462,-12.4969425,14.108582,8.448748,6.1806464,8.394408,2.2941365,11.446216,1.020653,8.649965,1.9887062,2.463987,3.4343092,-1.7717532,4.9339933,-0.10483523,1.5421592
1766-28-1.wav,Natural_Sound,2783.6032111944764,0.08556902850115741,0.12075025,-257.55377,12.385322,-0.20861138,12.819765,14.839189,17.558313,14.295313,10.339864,9.666757,6.7900033,5.7854137,5.5645685,7.006567,9.197539,0.2455508,5.9568186,5.3365364,2.9049377,2.1097536,5.762667
1766-280-1.wav,Natural_Sound,1147.2203865311535,0.041314019097222224,0.025093531,-384.85782,161.24103,-2.1908038,36.18957,6.3026166,7.8687997,12.897506,-2.5703738,3.1156895,6.4850373,-0.122689426,3.7782714,-3.0775366,-0.08719264,4.510678,-1.5759686,0.5134461,0.22830437,1.123734,4.1935773
1766-281-1.wav,Natural_Sound,4232.82030804152,0.2093844943576389,0.019591304,-291.65256,5.119866,-29.238644,-30.926119,-35.671272,-21.530931,-13.978658,6.734942,-4.0351725,-10.607618,-24.60953,-21.229624,-12.653778,-5.636257,-18.930986,-7.392358,2.1227503,7.3559875,1.4109023,3.683119
1766-282-1.wav,Natural_Sound,2221.084087082809,0.11108624493634259,0.07609056,-108.05899,104.603645,-13.528449,6.5845776,-17.833765,5.116092,-9.963512,3.036839,-5.806478,1.4623023,-0.10027447,2.2631521,2.1437101,0.69558674,1.9173347,2.8053164,0.86679447,4.0264616,0.68533593,3.350305
1766-283-1.wav,Natural_Sound,6215.930577840761,0.4487960250289352,0.028487453,-277.26492,16.43348,21.209707,-26.89005,-0.39771512,-8.289071,7.341567,-0.003920449,4.089543,6.044134,-3.8627367,6.222074,-3.1600535,5.6666236,-3.7482057,5.7613626,-6.5674615,5.497371,-5.9639077,3.5954611
1766-284-1.wav,Natural_Sound,2785.383001364881,0.15224654586226852,0.06669549,-98.20332,81.1596,-10.816571,4.3711925,-15.957526,-5.0113716,-8.288591,-5.4297066,-5.1642985,-4.116675,-9.811108,-8.256745,-7.6114306,-1.5025907,-6.327874,-1.848327,-5.016742,1.2382768,-5.941567,-0.3766561
1766-285-1.wav,Natural_Sound,1049.7617845892294,0.009168836805555556,0.10134731,-295.72968,109.53946,40.021393,38.995686,16.083004,23.257414,13.837429,14.568233,7.639539,12.869045,8.419384,8.471967,5.5102243,5.6477723,1.5127395,5.219878,1.7074045,4.2334647,0.2972444,2.3061075
1766-286-1.wav,Natural_Sound,2989.6078938187193,0.11368362991898148,0.007845648,-397.41412,71.93428,23.303646,20.183146,10.773543,13.250919,3.0065,9.458812,6.38396,5.6558285,4.246923,6.0131826,-3.0787823,5.2970424,-3.0072968,3.4281583,-2.9999583,4.792477,-3.25354,1.2678908
1766-287-1.wav,Natural_Sound,3452.3977496078423,0.2084056712962963,0.015908716,-282.48593,43.457188,-39.50131,-17.121233,-6.091305,0.49397618,4.860622,-5.4480095,-0.27641636,4.29125,-7.0865574,6.7327404,-5.843472,4.5223002,1.8663924,-1.8491288,-9.345449,8.407419,2.6241176,4.806211
1766-288-1.wav,Natural_Sound,683.2356952834115,0.030266655815972224,0.050888963,-346.68143,197.92992,15.337287,-12.491026,19.976402,19.890476,7.0361204,-2.759631,-0.39428928,6.578812,3.1849039,0.93368274,2.924982,1.3267083,1.9751778,3.9406033,1.9518667,0.33052775,0.22430676,0.17173725
1766-289-1.wav,Natural_Sound,2547.278818365985,0.11223913122106481,0.062117554,-131.68982,81.01983,-25.104446,8.038629,-11.489486,-1.5623496,-5.3121376,1.116339,0.018227993,5.2604923,3.116976,6.8929744,2.4759176,7.453553,3.6255848,7.5208554,3.9328797,5.24612,0.96585804,5.943704
1766-29-1.wav,Natural_Sound,3528.441231635065,0.06914378978587964,0.033148725,-377.9817,64.25646,55.433384,-2.9878159,39.436985,-2.161508,29.22522,9.855098,19.549057,10.138304,17.96191,3.6032224,8.657817,1.5635322,5.4566064,4.1047263,4.7210627,6.4567018,1.3256742,6.751946
1766-290-1.wav,Natural_Sound,2524.889919672379,0.14402488425925927,0.0631947,-95.01163,86.870514,-34.554226,-5.3988247,-17.53115,2.446294,-10.750873,-0.17270745,-8.144952,-2.8857443,-5.0155296,-0.32212994,-6.2554374,-1.7790465,-7.2502503,-2.2739108,-6.5085053,-3.6413646,-6.9997673,-3.6394806
1766-291-1.wav,Natural_Sound,4885.781914699676,0.3979966905381944,0.015813038,-239.13983,37.41246,-22.923027,-32.508335,7.870348,-42.443413,-0.49436215,-11.860892,-15.484941,-24.86843,-2.2322016,-19.7632,-18.49486,-5.7050114,-8.923078,-9.238,-4.4871182,1.0144259,-14.713431,-0.9587376
1766-292-1.wav,Natural_Sound,1528.8305890773397,0.07842113353587964,0.033026166,-208.50032,142.43936,-33.656277,-19.22739,-13.139796,-14.29634,-19.574526,-9.67019,-17.009434,-9.819074,-13.251814,-7.7446904,-10.17547,-5.2097435,-9.072524,-5.0141172,-8.850398,-4.7362223,-8.304194,-4.3579865
1766-293-1.wav,Natural_Sound,3806.7977172069736,0.2604324905960648,0.05176013,-84.04625,45.788082,2.13252,16.665836,-6.0591216,13.926064,3.417743,5.648062,2.4814286,5.094461,1.3396426,3.8093905,0.20186447,2.188809,-0.8657646,2.2064514,-1.5652494,3.2661557,-2.3240316,2.585754
1766-294-1.wav,Natural_Sound,1843.5157877503816,0.07662172670717593,0.0037430883,-603.36835,7.5132565,5.110546,3.9455194,2.3584826,2.1208246,1.0462581,1.9090517,1.1598456,0.59043854,0.061553568,1.1221998,-0.0319607,1.1791542,1.3522247,1.698291,1.2912968,2.751051,1.557055,2.1142595
1766-295-1.wav,Natural_Sound,3573.259355428917,0.15315981264467593,0.0022522504,-576.73315,51.739285,7.547804,8.839415,2.2849505,5.139561,-0.27323171,3.2396057,0.49596956,4.114899,4.5606537,7.6738,4.297361,6.254286,4.80988,7.291895,4.1056666,5.944325,3.2558005,4.745872
1766-296-1.wav,Natural_Sound,2584.6534337931867,0.056986490885416664,0.011792569,-411.84094,64.4189,59.35914,42.08649,19.96018,16.531582,13.88593,6.440739,8.40659,6.047587,5.520394,9.534747,4.885391,3.3091967,-4.9609623,1.7281791,-3.2233918,0.34331936,-3.047914,3.2540283
1766-297-1.wav,Natural_Sound,4294.507244676172,0.4158031322337963,0.004020444,-553.3562,10.429504,3.861101,22.170845,2.5766327,-10.853017,-11.827015,1.4075351,-3.33596,-7.3573556,-6.8728094,4.19591,1.6747679,1.8742422,-0.29107592,4.2168913,3.924733,5.14108,3.350146,5.6005135
1766-298-1.wav,Natural_Sound,1625.819057542691,0.056403266059027776,0.08576658,-198.68639,116.44416,-17.510172,34.49096,-17.84822,34.721436,11.815133,10.04021,10.527886,-2.3361924,3.721219,18.93677,-0.120737076,7.474408,5.607553,4.241617,7.307019,5.10021,5.684854,3.627109
1766-299-1.wav,Natural_Sound,2538.51651909971,0.09107349537037036,0.08449208,-188.16476,66.1556,-43.936615,-18.039658,-8.374135,17.933346,12.439558,10.734966,-6.0150094,9.222027,-0.8246658,15.357208,7.39087,19.556248,9.310501,17.912638,8.597202,6.7297535,4.21041,7.0734897
1766-3-1.wav,Natural_Sound,8520.75038370665,0.7718098958333334,0.13643445,-296.50018,-73.70242,89.98695,-62.388638,35.886997,-9.227151,-2.5176957,11.37467,-8.846722,12.2269125,-9.864563,10.598389,-7.31455,10.098751,-3.8422263,6.511802,-0.91937417,4.1522064,-0.7366671,3.9530041
1766-30-1.wav,Natural_Sound,918.7103662600466,0.02898039641203704,0.076309614,-341.76093,136.25017,23.197533,38.44241,19.135265,15.63814,14.272874,12.8527355,10.608109,7.064151,6.916442,6.233741,4.748496,3.1136572,2.8558412,3.2136571,2.8044744,1.1563838,1.9711945,2.8784077
1766-300-1.wav,Natural_Sound,2628.267876821638,0.15519431785300927,0.070380345,-98.96381,84.51957,-33.562912,-3.4419749,-6.051837,-8.960931,-4.368191,-4.0212574,-8.943261,-0.6038533,-10.103187,-1.3235971,-6.7683344,-0.37824118,-6.500015,-3.296199,-6.3064394,-2.6360219,-6.324296,-3.4376523
1766-301-1.wav,Natural_Sound,2824.71134387737,0.20121256510416666,0.006150272,-422.13925,71.322105,-45.79511,-21.094608,-45.348465,6.787591,-4.697642,-17.272232,-1.146329,-5.219168,-6.819352,-4.261386,-7.380894,-1.4760404,-14.080741,-6.263169,-10.357622,-7.9159513,-9.087749,-7.319038
1766-302-1.wav,Natural_Sound,2841.5783335271235,0.06242314091435185,0.041305657,-218.43721,86.709465,46.884712,20.666124,20.266642,1.6108279,10.197575,-0.48185197,1.7869865,7.5362353,-0.9079036,11.010234,-5.2032766,6.492843,0.46683058,4.5192456,3.4184046,5.1891956,1.6757007,4.3493924
1766-303-1.wav,Natural_Sound,4028.74416932481,0.19886158130787038,0.015610181,-307.5463,14.330403,-29.776115,4.2789955,9.886816,13.724288,17.276062,11.526568,12.610964,11.580976,6.4733186,5.0747275,0.22030626,7.3841467,-2.3299742,0.06952734,-8.326414,4.6397495,-5.4714923,1.2451582
1766-304-1.wav,Natural_Sound,3036.913711378025,0.14815492983217593,0.0065123,-435.21292,65.92926,9.443427,25.107689,0.6878826,1.9440241,-1.8046882,4.724305,6.1317635,3.6723754,1.1071464,3.8396144,-6.1591988,-4.85573,-6.9364195,-8.9299755,-8.306539,5.0231557,3.4759471,5.2943044
1766-305-1.wav,Natural_Sound,2319.6167285893785,0.07711226851851852,0.04352684,-303.6781,60.76608,-0.5718692,5.559442,-17.388918,-7.250288,-18.987534,-18.364157,-16.762094,-6.9651465,-4.547655,9.970032,4.0913935,5.8970428,5.1472087,10.592572,4.314179,3.040655,-4.2886953,-1.2133706
1766-306-1.wav,Natural_Sound,3460.1637303617636,0.28104202835648145,0.008652233,-386.0994,-4.4979234,-57.79507,-9.961066,-47.94033,-26.617306,-21.287512,-15.452594,-15.764668,-9.556342,-5.875896,-7.494856,-7.316743,-1.5633516,-5.4229116,-0.43342945,-5.337976,1.3322197,-2.3630078,1.626449
1766-307-1.wav,Natural_Sound,6277.460923180846,0.49838821976273145,0.005576121,-392.10257,-11.814512,28.570036,6.796943,7.1880555,-4.896558,2.1589293,-7.493744,-3.2177877,-2.133625,-4.122858,1.2719605,-4.514597,2.5483258,-4.079247,2.1949022,-2.3382308,1.4637178,-0.76939446,4.0654716
1766-308-1.wav,Natural_Sound,3432.168482887409,0.25800690827546297,0.15389578,21.1505,46.541378,-34.26157,21.26056,-14.72876,12.409017,-4.9402356,13.160396,-2.376834,10.505285,-1.5675939,9.426209,-1.081259,6.5238385,-1.5229102,7.3298345,-1.020277,4.3934054,-1.9124529,4.6415896
1766-309-1.wav,Natural_Sound,392.89022866091386,0.02136456524884259,0.04384067,-375.39996,178.28801,51.99509,2.9909968,18.488123,22.283707,5.180958,-2.6334817,0.2996921,1.263143,0.17096017,-0.08947164,-1.3386292,-3.3046384,-3.26301,-1.1944501,0.015783874,-0.7830485,-1.5751733,-0.884724
1766-31-1.wav,Natural_Sound,2867.749972839875,0.2577243381076389,0.004645064,-460.03363,59.67729,-66.217384,49.133232,-16.579733,-24.084053,-1.4197587,27.954773,-16.621792,-5.63432,13.355947,-5.9542704,-6.755893,6.3921213,-5.7582173,8.9626255,3.1719396,-4.3254986,3.424555,13.494245
1766-310-1.wav,Natural_Sound,3102.864122405517,0.12034098307291667,0.0031941915,-499.25238,54.400898,4.1956773,17.966923,14.563023,21.23778,11.77964,2.8683865,2.8152218,5.447336,2.755009,4.0557175,-1.0582802,2.1584566,0.9253344,2.4406512,-3.5581057,1.8939279,-1.3454638,4.656056
1766-311-1.wav,Natural_Sound,2724.6356828061525,0.1458446361400463,0.13135447,-13.630352,88.45517,-6.5880156,0.2043423,-2.903766,0.27283576,2.1848361,4.70061,-0.11453851,4.0922675,-1.1937848,1.1409296,-0.23686989,1.2050608,-4.4489408,-0.09954745,-3.5430517,2.6424747,-1.349312,3.5199885
1766-312-1.wav,Natural_Sound,4022.565172287147,0.34679271556712965,0.038468633,-350.05237,61.770443,47.39697,57.126072,-50.019024,49.39139,-21.044973,2.9399266,-1.5289681,6.6153116,9.557508,15.7135515,22.867697,6.328654,22.22327,6.1803393,13.311672,2.1200411,5.3544917,0.26046923
1766-313-1.wav,Natural_Sound,3347.5754806369605,0.26149721498842593,0.009566911,-408.11023,-4.2683797,-76.51761,36.207436,10.806306,-30.497168,-13.856729,-10.204751,-14.042164,-17.677221,-13.43098,-14.387015,-9.352738,-14.917179,-17.11888,-2.9617114,-17.844706,-8.917613,-4.5792975,-11.894585
1766-314-1.wav,Natural_Sound,1358.4774454820697,0.06102159288194445,0.039592724,-211.33037,152.33644,-18.316101,-1.8677161,-10.4154825,0.930785,-12.111249,0.40130284,-14.971963,8.868299,-1.7456542,3.4915028,-0.692257,8.693172,4.6510735,11.117455,9.77079,9.193614,3.2324946,3.7961302
1766-315-1.wav,Natural_Sound,674.1343271622274,0.03577112268518518,0.033215437,-356.9939,210.2993,17.263954,-2.2486432,13.7098255,-2.24288,-5.891744,-1.4616419,2.281029,2.3376067,-2.2559454,-0.34211808,0.9185687,-2.1135461,-3.4808874,-2.9224927,-3.5050924,-2.7551606,0.23432274,-0.9409664
1766-316-1.wav,Natural_Sound,3315.248227450726,0.22748933015046297,0.05501394,-196.44336,49.390896,-15.764852,24.21132,24.184753,-5.957368,-11.085359,15.237328,6.4213634,-6.204166,-7.0071073,4.171766,-0.25606778,-1.9707887,-4.7866735,-1.4055833,-4.005462,-0.6409257,-5.3563075,0.8221916
1766-317-1.wav,Natural_Sound,1093.422612119794,0.045595522280092594,0.08623781,-216.24417,169.42404,-16.072802,19.420301,6.1365147,14.097608,-1.9863698,10.384679,0.075289264,5.5882926,1.0803256,2.3714159,2.3807251,0.9589806,1.4770334,-1.1394609,1.0670724,0.22041929,1.8278615,1.3012136
1766-318-1.wav,Natural_Sound,5041.498446198613,0.0938991970486111,0.007820409,-490.5481,-1.1152008,43.486507,11.925851,15.232919,19.697933,1.7797472,10.082433,-7.315858,10.851587,-6.890031,10.300707,-6.316086,7.4704285,-2.3155777,9.469425,-0.24987128,2.382307,-1.6503824,2.8828185
1766-319-1.wav,Natural_Sound,3435.0041672648026,0.2767808702256944,0.020428218,-549.9786,-64.207275,-38.329712,116.086784,8.6869545,-20.915161,33.704964,41.257034,-24.81812,45.9402,16.286425,-12.206647,14.762904,10.276301,-14.405884,14.841036,-0.45803797,10.128921,-14.139004,33.19419
1766-32-1.wav,Natural_Sound,849.182665155364,0.02735505280671296,0.24904497,-113.39953,177.14503,-23.124063,31.56858,11.759319,17.986158,-6.2045784,4.1567717,7.073657,8.9285965,3.5893216,-0.64935416,-4.7890463,1.4519397,0.4740977,5.7276616,-0.004580604,3.9299436,3.0386007,5.4033318
1766-320-1.wav,Natural_Sound,5033.178332019208,0.3560497142650463,0.006605526,-429.28625,-8.550167,13.067462,12.749469,-8.9339695,-15.20636,-16.27882,7.6303434,-4.481246,-7.937118,-2.992143,7.0295663,4.3686795,5.9177217,13.4983835,11.374784,-5.307837,7.9849424,4.1660976,0.13248444
1766-321-1.wav,Natural_Sound,1754.4622328305134,0.026199905960648147,0.049243275,-295.93265,74.615425,13.945461,32.56255,18.5896,19.609165,11.683216,17.14237,18.022495,11.595457,4.7292438,11.315615,10.703676,12.9758215,6.8547006,10.100238,5.325695,6.6296163,-1.3057729,-0.08721581
1766-322-1.wav,Natural_Sound,2463.216741499232,0.1686423972800926,0.0015755381,-762.6481,-32.055733,4.1709695,18.468552,-5.167816,-1.5289466,6.750297,10.805482,-2.7842472,1.1965387,2.2823107,1.5512675,-0.5555933,6.851217,5.430084,1.327022,-0.84917533,2.409933,-2.7086384,-0.3981594
1766-323-1.wav,Natural_Sound,5864.270134434277,0.5334563078703703,0.015487481,-505.7654,-75.63807,-32.999058,-45.145603,-26.04084,11.947246,-25.53601,11.498554,12.128199,8.4456625,19.411638,-2.3917954,5.100254,6.3635516,-12.353904,3.1249385,-13.8238535,-5.5117064,1.5190758,1.1458883
1766-324-1.wav,Natural_Sound,2405.9298447567908,0.07814534505208333,0.03513301,-191.00891,100.09134,13.908233,4.2488,12.638864,6.0780644,0.6252558,6.7948766,-1.8670287,4.9546986,-1.214458,3.7820117,-2.472883,3.1784792,-1.9148107,3.0198562,-1.1535558,2.6841311,-2.0929508,3.1119158
1766-325-1.wav,Natural_Sound,4790.212510061466,0.3089034469039352,0.0059111197,-341.9763,21.316704,22.054691,18.752243,3.8616812,9.628192,1.4196396,3.5052664,-3.6648328,1.6691618,-2.1145434,2.52977,-1.4537196,1.6602752,-4.0719867,0.87530273,-1.65352,0.73937756,-3.1983643,0.3441663
1766-326-1.wav,Natural_Sound,2949.25862666736,0.16822193287037038,0.09636081,-36.085556,75.69229,-21.688244,0.7784517,-7.953913,-5.518058,-0.63612694,-5.89146,-7.6446905,-2.0737019,-3.2987823,-2.329423,-0.97906923,-0.16789761,-5.515751,3.4648726,-4.0534463,-0.28513953,-4.673992,2.281106
1766-327-1.wav,Natural_Sound,712.6350978645132,0.01390697337962963,0.0413018,-459.8771,35.47526,19.25926,16.974916,11.3622055,9.953861,8.672889,6.4263906,4.505753,3.6774096,2.3214428,3.4181535,-0.45914593,-0.26980424,-2.2301385,-0.7271524,-2.62214,-1.2162333,-3.5892377,-2.276382
1766-328-1.wav,Natural_Sound,4434.793760827532,0.3689371744791667,0.0056290966,-515.0882,5.4971933,10.176966,14.996851,-3.2664454,-6.745791,-12.836265,-2.3017962,-4.3043957,-7.8110294,-11.046362,6.018096,8.068233,7.224171,2.6210592,6.871569,4.178277,9.204523,6.316969,3.9028263
1766-329-1.wav,Natural_Sound,669.9854686263568,0.022562662760416668,0.11522023,-215.52568,194.52228,-10.102203,27.494553,16.886812,17.013706,-3.9044847,1.3048403,4.1517034,5.1152983,2.1842723,0.3163162,-3.1639767,4.6786647,2.5697618,5.1569724,-1.7076001,0.06626106,-0.7089242,2.0984452
1766-33-1.wav,Natural_Sound,3232.0020648143523,0.14016158492476852,0.0031380702,-504.39517,56.275787,10.75561,15.249939,11.595075,19.256166,10.922742,4.3582673,4.2743464,6.8523536,1.9859438,4.3694644,-1.0944363,3.4998875,0.32083488,2.0813596,-1.4108516,0.780454,-2.222489,3.6681104
1766-330-1.wav,Natural_Sound,2972.297891251522,0.11115632233796297,0.023194589,-256.75714,70.172066,28.160292,24.45236,13.69188,14.78092,4.2642956,10.411522,6.9652643,5.6653566,3.3517797,5.0972333,-3.6413603,5.0583606,-3.5121431,2.640199,-4.013909,3.810615,-4.3436446,0.22837286
1766-331-1.wav,Natural_Sound,6212.013085962045,0.5264711733217593,0.005815833,-553.8729,-152.22337,-2.4118936,24.553358,2.6781163,43.574272,17.204151,18.48452,23.035168,12.096366,16.131563,9.29545,17.065817,3.9052172,9.619006,10.898008,0.87923837,9.015646,4.0434284,1.2137331
1766-332-1.wav,Natural_Sound,3012.6369735925437,0.18903492115162038,0.088874534,-41.503834,65.95139,-35.917973,-7.154646,-21.808737,-1.3201991,-5.48808,-8.093593,-5.4529977,-3.101589,-7.449634,-1.7649522,-7.544578,1.5266297,-8.597787,-0.04982489,-3.818804,3.609116,-4.2708797,3.1322505
1766-333-1.wav,Natural_Sound,1044.6404594801747,0.04163049768518518,0.06254503,-306.3028,158.45071,-6.693632,14.676796,21.716457,6.0569367,8.225836,4.845199,1.2070197,2.3172626,0.16644587,1.5095961,2.2875273,2.1389868,2.0879118,0.6220048,0.74671966,0.60839355,0.36723647,1.9363183
1766-334-1.wav,Natural_Sound,1967.9079750910087,0.03252269603587963,0.041786242,-326.32703,89.73275,72.80998,23.184261,29.670523,21.346388,22.559328,14.645657,8.168453,5.911222,4.4693413,6.38265,-0.4554982,4.2877293,-0.3576449,2.2337341,-1.6662879,3.2265322,1.1595412,3.0511646
1766-335-1.wav,Natural_Sound,1400.603454022188,0.05789523654513889,0.007122228,-506.96405,142.25137,54.418423,21.287487,-2.8441432,-2.186691,-19.518873,9.170855,-3.597694,-5.5760183,-2.3973553,13.353455,8.496116,4.6010623,-0.29859805,0.7748973,-13.583527,-16.294388,-11.524667,0.9853326
1766-336-1.wav,Natural_Sound,3317.9966263510764,0.15116599754050927,0.014342285,-270.48532,54.485928,9.115952,26.555996,15.81396,15.886058,0.040191226,1.7650353,4.34661,6.2046256,-7.015782,5.704098,3.3373206,-0.63885206,-8.803556,-7.1391854,-13.450814,-4.1583743,-3.3659747,-3.6132076
1766-337-1.wav,Natural_Sound,945.9448820137834,0.027565285011574073,0.02296828,-496.8839,109.682465,59.12869,21.014671,8.338366,7.740264,14.381889,11.381518,1.8514241,-0.98490554,4.870357,12.255944,11.089227,7.696204,2.9102464,0.32433474,-1.4254258,1.1669359,-2.1145267,-2.5360029
1766-338-1.wav,Natural_Sound,5710.350718368018,0.43253354673032407,0.096994385,-73.50648,-27.17415,-2.4033473,5.7991447,13.913427,7.7347198,14.078324,8.607273,7.2540565,11.016978,5.510071,8.380574,1.6072122,3.979005,0.8096433,3.646062,0.27839726,2.992819,-0.07483419,3.0424974
1766-339-1.wav,Natural_Sound,2312.465493218326,0.18171522352430555,0.04218425,-256.55164,111.45736,-37.39899,46.971607,9.174264,4.56148,7.3099394,16.700235,-4.7552495,3.0658052,-1.3238128,4.7179923,1.2408214,4.072533,3.1343431,4.6305103,3.2420862,-0.89802474,-0.12511623,4.743682
1766-34-1.wav,Natural_Sound,969.7072318094921,0.028168854890046297,0.12974285,-216.759,159.1681,17.5871,22.177395,4.3083687,22.468714,-2.4858582,12.613955,-1.8523787,9.015216,2.4012084,5.9767036,3.2094615,4.867535,3.2918718,2.718376,1.4155701,0.31770495,1.4229454,3.06786
1766-340-1.wav,Natural_Sound,4122.184239052075,0.26640715422453703,0.039323673,-238.07263,-7.8284245,-55.77435,-6.5064993,-2.1247027,-5.6828227,2.9110062,1.0089654,-5.6575375,0.17015047,-8.46941,-11.760661,-13.515899,-9.88267,-9.531288,-6.9836116,-13.7898855,-6.972376,-8.233741,-4.3506703
1766-341-1.wav,Natural_Sound,3227.9641752919556,0.2609298140914352,0.0868601,-86.31392,74.92749,-101.109344,65.899086,-41.225956,59.742764,-40.0164,45.751545,-21.745867,23.558353,-15.8799925,16.43954,-2.6366425,-1.2368643,4.446159,-3.4423065,6.32143,-11.429167,9.748723,-13.54253
1766-342-1.wav,Natural_Sound,3846.368015503842,0.2716267903645833,0.008706176,-312.47122,24.574196,-16.617857,23.680506,-8.780933,4.6533413,4.563261,15.792069,8.41963,3.7873337,0.8990562,3.986943,-2.251018,1.6400591,3.2563283,5.8287716,0.5581437,4.332922,1.2081169,3.7006712
1766-343-1.wav,Natural_Sound,1644.263352535173,0.08092583550347222,0.005492377,-581.2325,17.874043,-18.771078,-2.8871195,-13.277917,-6.544695,-7.260603,5.576652,-1.6316205,6.531529,5.24455,7.6552997,8.82008,-3.2119327,1.2480042,7.4606686,0.09035811,-2.0383396,-1.5816857,2.8364706
1766-344-1.wav,Natural_Sound,1769.6811974532538,0.035624186197916664,0.07261197,-251.0128,76.59455,15.086292,44.765675,24.174772,19.21459,14.045982,20.168144,11.52934,18.680088,9.834058,12.784824,4.6100807,8.640549,4.441638,6.570716,2.1298563,5.839445,1.7884113,3.4427993
1766-345-1.wav,Natural_Sound,799.6485588063874,0.03859230324074074,0.13900717,-207.11475,178.21838,9.66411,11.83582,-13.183824,-15.472761,-13.949144,-10.811379,-1.5723583,7.77992,8.557207,9.062066,9.805782,2.77577,0.9039804,-1.9114077,-1.8305144,-0.67083883,0.70700824,2.391745
1766-346-1.wav,Natural_Sound,4968.278367858678,0.3525413230613426,0.0030698543,-587.9694,-119.763756,-1.831421,50.994583,-15.119595,32.611233,44.822266,14.507521,1.32983,39.2482,20.109035,-23.843,41.731533,7.963291,-12.007466,26.12575,11.867371,-1.6201452,2.9606872,17.975784
1766-347-1.wav,Natural_Sound,3025.0244761690633,0.17701099537037038,0.04675438,-150.36546,74.3479,-11.640275,1.3142446,0.63879496,-1.3917404,2.662334,-1.4258804,-4.102744,0.78855586,-4.871545,-0.79058343,-5.705736,-0.6746335,-2.5450633,0.25094867,-4.3959618,-0.22620781,-2.065814,2.1484053
1766-348-1.wav,Natural_Sound,4577.899153787342,0.4132622612847222,0.038923606,-251.44235,31.409115,29.449612,74.91742,-59.505302,48.215015,7.514908,23.560303,-37.3358,47.168953,-23.356422,-10.752806,29.258204,-19.515757,-1.7548133,7.194395,1.5515071,-10.466389,14.440186,-13.675573
1766-349-1.wav,Natural_Sound,3118.184081567906,0.1935085720486111,0.0028024057,-595.85516,19.151892,-1.3286529,3.6145697,-6.7909355,2.8888235,7.070248,1.084556,-3.6223485,5.122812,4.7877064,7.3294134,3.010451,7.2083125,-0.97830474,-5.4543858,-9.414385,-1.0868353,0.14180882,-0.4924207
1766-35-1.wav,Natural_Sound,2671.3089799994223,0.1565619574652778,0.098509885,-50.091007,82.56259,-27.394835,-0.44269598,-18.766079,-0.41268948,-13.441705,-3.6612017,-9.283571,-3.1832004,-8.761621,-2.4910588,-8.780007,-3.4572797,-8.330793,-3.5026014,-6.020304,-3.381784,-6.567677,-2.2014856
1766-350-1.wav,Natural_Sound,787.3031193477838,0.04781539351851852,0.0862792,-230.49219,208.37167,8.142572,-9.621955,-2.4015803,7.4286294,-8.327747,-10.496494,-6.9679227,-1.479808,-5.270666,5.7106495,7.8541374,12.038857,3.8732448,1.443431,-6.105295,-2.6348362,-6.6082454,-4.9384184
1766-351-1.wav,Natural_Sound,3561.130707428619,0.17956995081018517,0.007806095,-344.01852,45.1878,-1.9870718,-8.352792,-20.208548,7.5448823,9.429058,-12.004152,18.645569,22.973864,-4.7287946,32.2749,13.531946,8.46133,22.624458,10.8597765,6.755948,17.688662,1.7061658,9.872248
1766-352-1.wav,Natural_Sound,782.5307798099758,0.03214744285300926,0.10832038,-221.0565,191.79724,8.579347,15.316537,5.415975,12.125365,-3.0955563,4.7815204,-7.347666,6.0132055,2.6789834,6.2969055,2.860247,1.55628,-4.674944,-3.4947233,-5.1353636,-4.4016056,-5.3033824,-5.8494506
1766-353-1.wav,Natural_Sound,5825.7325940900055,0.4158528645833333,0.007319969,-339.28372,4.3475337,31.637207,11.0439625,7.9241414,-2.061368,2.941171,-6.305535,-2.2808194,-1.584812,-4.4675026,1.64852,-3.399222,3.449317,-2.9760075,2.9124196,-0.51080596,2.5721922,-1.130175,4.995052
1766-354-1.wav,Natural_Sound,3718.8451718040974,0.18940565321180555,0.017926415,-236.10378,44.45444,10.884239,22.794706,16.307642,16.4029,3.1222935,-0.28075936,-7.8308063,7.829429,5.952612,0.58080995,-4.6703486,5.9501195,-1.2021079,-9.228515,-9.855792,0.70080733,-5.716024,-2.849003
1766-355-1.wav,Natural_Sound,1478.1129605087042,0.06263111255787036,0.048930317,-183.89015,141.76141,-17.480223,-2.571724,-10.457049,2.5512419,-10.5745535,4.242156,-13.078364,10.552061,-0.8437294,5.813751,2.145461,13.717822,9.662437,12.033477,8.937579,6.3131733,-0.3735775,0.95162696
1766-356-1.wav,Natural_Sound,3398.741258108924,0.11208315248842593,0.024684213,-232.92519,48.59134,-5.945855,24.77003,8.154166,6.1226535,-2.8196623,14.8615,-0.13082759,11.282271,5.3765097,12.353255,4.1348195,4.969504,-0.1119839,3.7033823,0.2737883,5.2427835,3.8979928,4.197836
1766-357-1.wav,Natural_Sound,5557.9266093785445,0.4658180519386574,0.023943854,-333.9353,-94.252495,17.01643,60.983555,-11.163763,18.567135,-18.072239,24.615583,12.430531,-16.394682,-3.3167303,16.817198,-7.357092,9.53867,-6.716239,1.5984237,10.649877,-5.3648224,-5.351408,3.0329747
1766-358-1.wav,Natural_Sound,947.4294819823726,0.023423936631944444,0.040503748,-363.27106,107.31646,39.240128,83.7237,47.765602,30.50165,4.81151,9.379224,-1.0758626,5.115003,-13.84977,-3.7579403,-6.127746,-1.4790308,0.15666167,-5.9494405,-0.5127601,0.3949932,-1.169697,-2.7727032
1766-359-1.wav,Natural_Sound,3668.103681716283,0.2904075339988426,0.088854134,-34.823822,31.770845,-44.50434,10.179051,-19.891567,7.4606843,-6.201502,8.938701,-16.626598,5.2841425,-9.4232645,10.396815,-11.019088,7.379166,-5.0369997,4.6413026,-3.4300628,5.3567986,-2.7423081,2.8359003
1766-36-1.wav,Natural_Sound,2390.3642322924843,0.11997477213541667,0.064546004,-115.08074,99.08727,-9.1294,2.5916002,-12.536358,0.3172974,-3.0943751,-4.6813755,-2.8534887,-2.9021902,-8.654729,-6.4213977,-5.794648,-1.887045,-6.9060216,-1.293044,-4.3710723,1.6971847,-5.345335,2.4747417
1766-37-1.wav,Natural_Sound,2344.31993276342,0.07924171730324074,0.0047956044,-424.86258,111.157745,49.315502,1.4244616,13.03319,-3.532113,9.368841,0.9854816,1.7489117,7.4247823,-3.0781484,8.782922,-2.7242985,6.784951,-0.99983555,6.234375,-0.29135972,6.1296887,-0.437591,3.8447638
1766-38-1.wav,Natural_Sound,2624.0882670385017,0.16755054615162038,0.13467608,-1.2494612,83.89473,-37.480976,15.830268,-10.562513,6.1348243,-8.668324,6.1826363,-5.912839,-0.07129994,-4.122189,-0.7763455,-2.6213193,0.67067343,-3.434235,-0.06943792,-4.516077,0.09733511,-4.5586195,-0.79919237
1766-39-1.wav,Natural_Sound,549.6244813607414,0.025476526331018517,0.06671734,-288.26,216.21416,21.461365,25.160631,16.714628,-1.756676,-2.133244,1.2639152,-0.21953183,2.5781052,-3.569609,0.5080995,-2.4221332,-2.9057531,4.975586,0.39550072,-1.1734079,-1.5979148,-1.1500268,-2.609836
1766-4-1.wav,Natural_Sound,1370.7168189518077,0.02097800925925926,0.51818264,-59.89035,96.84162,25.987427,49.956642,9.822048,37.94066,19.545889,17.035301,1.8547508,12.975361,1.7339946,7.6711507,1.0902146,6.14989,3.3684008,5.5735774,2.249933,3.323924,-1.5978075,3.8334684
1766-40-1.wav,Natural_Sound,3053.451530714726,0.20361780237268517,0.08410298,-49.617287,61.68916,-40.221462,1.7300599,-17.367088,-1.5690194,-7.819755,-5.395962,-3.6045222,-3.2873662,-4.9962187,-2.6826556,-4.1819863,1.7014455,-5.8265686,0.057317164,-2.585135,2.529598,-4.02188,1.1762682
1766-41-1.wav,Natural_Sound,3018.7698455613126,0.18269630714699073,0.11520241,-301.27185,43.801155,-49.605534,52.45923,-19.358618,6.9167075,16.020885,2.4656744,6.5249124,1.3230416,8.397729,0.9306725,5.069207,4.5233293,-1.1407617,3.5651684,-3.337638,4.2297664,1.9483176,0.88686794
1766-42-1.wav,Natural_Sound,1771.0790345674743,0.07303421585648148,0.13209833,-65.16618,126.461685,9.116631,2.9129376,-8.919203,10.361361,-11.130725,4.874613,-7.8817296,-2.4776323,-7.225336,-0.9085206,-4.014074,-0.28812638,-1.8405657,0.93913496,-1.9544028,1.1958395,-2.7998354,1.0411159
1766-43-1.wav,Natural_Sound,2569.1186947603446,0.1075778537326389,0.0033093763,-493.06094,77.93873,13.0293665,9.343686,5.5083017,1.3746344,-3.4735272,1.5777249,2.7266338,7.494463,6.015649,0.26929602,-9.679235,-2.570781,-7.6306515,-8.52367,-3.3932889,6.0380273,1.3056477,1.8299845
1766-44-1.wav,Natural_Sound,2739.017549436507,0.07698567708333333,0.008383921,-366.1193,90.89283,35.207455,17.825598,9.841958,3.5034902,6.3493876,2.0078185,2.2522671,7.3393364,-1.4266417,7.74412,-2.5850785,7.320331,-1.5509231,5.7736993,0.45440614,3.5270543,-1.4436823,0.78781426
1766-45-1.wav,Natural_Sound,4284.927007671159,0.3859727647569444,0.037764125,-459.32104,-97.6672,-76.29179,97.047615,-30.243929,4.0323668,-9.864608,3.6101115,0.8340617,9.185512,-4.825861,-13.918077,13.94796,-3.0715413,-0.5016293,4.5938773,-4.237658,-2.4774826,1.7760934,0.17552227
1766-46-1.wav,Natural_Sound,2968.312592178069,0.08803756148726852,0.012223245,-317.09845,72.60011,31.41086,20.058504,10.726942,15.009795,4.888074,11.35234,8.59283,6.8698444,6.4407644,6.561414,-1.5461657,6.1532726,-2.9831378,3.7137954,-2.260085,5.4850516,-2.228117,2.9695508
1766-47-1.wav,Natural_Sound,1421.3631478787536,0.028340657552083332,0.18552272,-131.22382,105.320496,29.459785,53.741474,10.990943,22.135164,10.960913,14.427643,1.8883893,4.9547544,2.2567143,7.5908623,0.32273087,5.624209,-0.8999053,4.483604,-0.2034496,-0.077634476,-2.393362,1.7303778
1766-48-1.wav,Natural_Sound,2317.4630907158494,0.08175094039351852,0.06999674,-118.47891,97.03595,-5.030859,13.197005,21.101301,9.223472,9.444761,10.018934,1.2452568,8.04725,-0.39528129,6.28129,2.1882482,8.289986,0.3265488,3.413858,-3.0248227,1.7568234,-2.4481478,3.7150888
1766-49-1.wav,Natural_Sound,4121.364366525957,0.32279911747685186,0.048931535,-227.13556,-20.903004,-24.851711,52.446556,6.513613,12.546861,-10.518885,11.874605,20.322908,3.8584979,-2.6524415,16.234377,1.1192594,8.330198,5.328417,1.3431696,5.503036,6.458518,1.1285936,6.3644586
1766-5-1.wav,Natural_Sound,5100.126468478109,0.4684583875868056,0.12674607,-245.98868,-102.303474,-37.22932,65.29561,-65.93033,13.775992,-22.619095,19.742092,-23.779085,-33.09938,11.97547,-30.188625,-5.1756964,-8.8152275,-15.905683,-7.2434697,-11.549722,-13.757006,-0.14502169,2.9115834
1766-50-1.wav,Natural_Sound,476.51641156733996,0.01622404875578704,0.026968373,-435.57657,193.12953,49.49712,8.25121,17.838219,15.369717,6.752503,5.970243,4.410239,2.24327,1.1789324,0.5658717,1.6162467,1.5718546,2.0009716,1.7950593,1.2078681,0.80946565,1.6455933,2.6022527
1766-51-1.wav,Natural_Sound,814.8783012951435,0.026875813802083332,0.0108878855,-498.31393,28.800138,16.667063,9.16566,2.6330628,1.5370294,1.2665358,2.294047,1.4233938,1.439884,0.8185134,2.3037856,1.8840996,3.3640323,3.1892486,3.4315367,2.8945813,2.5356517,1.0440586,0.90628505
1766-52-1.wav,Natural_Sound,665.6143694568817,0.02165617766203704,0.1184863,-213.69061,192.54707,-11.365297,26.563494,18.892065,18.196043,-2.9384553,1.8567961,5.360696,6.5615044,3.1690989,0.6043008,-3.1939456,3.846673,2.8954587,6.242762,-0.976329,1.0303996,-0.13554516,2.7812867
1766-53-1.wav,Natural_Sound,2973.686485914725,0.12056025752314815,0.02274417,-367.66205,36.791523,10.11402,3.0048969,-10.646568,-2.0417814,-5.7160025,2.5838852,3.2130296,11.502885,4.5338197,12.348423,4.50305,10.476008,3.5154068,6.6346674,-0.8647438,3.8730593,-1.4746338,3.1542256
1766-54-1.wav,Natural_Sound,1687.6504995833761,0.0858154296875,0.010683143,-433.09546,133.64554,23.568432,24.656008,-19.605333,32.650948,15.303062,-15.426002,30.589233,9.036233,-2.3512135,34.175995,-7.91143,14.532484,12.378341,-5.1822057,7.1360364,8.533967,-12.754408,13.216667
1766-55-1.wav,Natural_Sound,4243.367582228549,0.16788736979166666,0.0032340642,-497.86685,31.379477,31.169127,8.05697,12.443205,6.6136394,2.9070053,2.9235728,-0.3656748,7.234784,-4.1430936,2.962824,-3.0705392,1.1894816,-2.3216245,-2.2721176,-2.033333,-0.09659867,-4.8378396,-0.39183554
1766-56-1.wav,Natural_Sound,3953.721623293651,0.29241039134837965,0.005077065,-457.71887,-1.7066244,-47.313484,2.1784952,-35.793644,-30.269766,-13.005981,-12.329866,-16.182413,-6.392557,-13.551652,-9.8161335,-18.812683,-13.335082,-12.705052,-10.263862,-8.908881,-0.048143953,-7.9029326,-3.182922
1766-57-1.wav,Natural_Sound,4936.860144702763,0.34258128978587965,0.02793634,-289.43716,-33.03578,-20.723307,24.377695,-11.069535,-0.043418318,-14.305282,14.942858,2.441711,16.028728,10.391704,5.5853524,1.9324807,9.318766,-6.636114,0.8014819,0.25937596,4.932537,-0.05179377,6.5097375
1766-58-1.wav,Natural_Sound,886.7086821643061,0.038632993344907406,0.061839905,-222.20781,183.94394,4.119512,10.777031,2.2285886,16.810087,-1.1268281,1.0400151,1.3275046,2.4988291,-4.9260983,3.0074632,-0.15849492,3.7832472,-2.4691677,0.64020157,-2.053416,2.0565784,-1.6533053,-0.67680496
1766-59-1.wav,Natural_Sound,3478.1289833674973,0.25489411530671297,0.095991366,-23.406065,47.19419,-25.680044,16.214811,-10.272628,14.344053,-4.5993,7.01206,0.68094295,5.1073303,0.3790469,5.600691,0.9634385,6.119022,-1.0571934,0.9184879,-1.9361451,-0.27344432,-1.3330915,4.2259784
1766-6-1.wav,Natural_Sound,2970.9263873683167,0.19834391276041666,0.014513751,-284.79648,63.477127,-6.831849,37.820328,1.553314,-20.654524,-3.5203662,14.060356,-19.158535,-9.259704,-4.2878985,-2.1744916,-14.300223,-6.318521,-11.12783,-6.2632656,-12.943379,-7.0129833,-9.453783,-3.8563058
1766-60-1.wav,Natural_Sound,3946.25629510457,0.3350965711805556,0.035953857,-400.97058,-73.6193,-89.60748,53.47864,-40.065228,6.374904,4.6665406,1.6839175,18.50505,-3.2817883,-10.112757,-0.95454776,-4.9026527,-1.7854772,-6.73948,4.7308283,5.677417,4.02513,-0.8095206,4.7859864
1766-61-1.wav,Natural_Sound,3479.200943587587,0.22100830078125,0.05052938,-88.77081,54.79531,-26.885035,-14.339341,-7.2158756,1.0345801,-6.3008614,6.3409266,-12.180505,-1.5733384,-4.6590753,-0.9308951,-6.556959,-4.776401,-2.6363459,-4.1999536,-5.582688,-2.590215,-8.176048,-2.684579
1766-62-1.wav,Natural_Sound,3859.360211546478,0.30351200810185186,0.049819786,-193.9782,2.7461476,-59.386883,4.4134607,-47.953033,-28.069557,-30.951284,-6.7703104,-38.149338,-14.319889,-17.561869,-21.619104,-13.483216,-13.523891,-11.112632,-9.676359,-8.512484,-0.78319,-6.2400274,9.080854
1766-63-1.wav,Natural_Sound,2697.4926399663586,0.055474175347222224,0.026768742,-270.70837,93.97579,45.05984,17.903902,19.845932,1.3895117,9.88763,0.897603,2.1241777,7.072506,-0.18914378,11.867242,-4.7662296,7.356989,-0.44274333,6.291021,4.592907,5.004993,1.48927,1.617379
1766-64-1.wav,Natural_Sound,5526.135744032338,0.5031037507233797,0.01928065,-500.606,-136.89137,-59.238377,27.125782,-7.6707416,41.54764,-25.574278,15.073198,-12.27198,2.3427122,3.3196275,-0.78092265,1.7860554,1.3530267,-2.6642213,5.7477207,-5.8662596,5.875941,-1.2722138,1.3960638
1766-65-1.wav,Natural_Sound,3752.1137083395092,0.24537263093171297,0.023497798,-193.92772,41.84676,-1.2071527,21.450785,8.756572,-3.8599758,-9.014047,3.0665798,-2.2046163,-3.5308628,-10.054301,0.3233273,-4.1232324,-3.002949,-5.052279,-1.8343506,-5.905053,-1.9521447,-3.0798666,0.792817
1766-66-1.wav,Natural_Sound,3761.0229631205884,0.29798945674189814,0.096500576,-350.9608,-9.794597,14.002302,70.94589,-21.18536,-27.315453,35.891636,-2.6960285,-43.26614,40.054073,-11.676093,-16.477726,22.439615,-6.3060436,-5.0336924,-1.4237303,11.036311,-23.480925,7.145657,5.92478
1766-67-1.wav,Natural_Sound,2094.858398280601,0.09651918764467593,0.1671585,-17.037119,109.044365,-8.3133745,14.701711,-8.644205,3.2391558,-8.568555,4.6673946,-6.3702703,2.1482,-3.9331229,-0.13434382,-1.4047694,-0.1751436,-0.9688024,-0.06378725,-0.84924513,1.3198858,-1.5917975,0.8979248
1766-68-1.wav,Natural_Sound,5616.666667259019,0.5039718062789352,0.036684267,-398.58847,-129.89209,-37.581066,11.139942,-44.609528,27.17565,-17.470316,12.373723,-2.4289732,-1.898418,4.8179708,-3.8764355,2.5803177,-2.4848988,7.2364774,2.2760944,1.2215995,4.2085824,-8.083827,4.3408237
1766-69-1.wav,Natural_Sound,637.6212026882871,0.019547073929398147,0.35865727,-159.28577,184.76028,9.300208,9.57805,-11.629472,-7.744418,-8.871774,-0.92542154,5.912164,15.954161,14.583365,15.408421,9.963237,2.5549617,0.7732221,-0.9970668,-0.4933548,1.179045,3.6146939,4.9475317
1766-7-1.wav,Natural_Sound,4077.6717360396365,0.24338333695023148,0.0056097,-448.27826,19.343225,-25.850626,-10.912899,-2.7014432,2.6763124,8.994562,19.543282,10.328496,12.653957,6.2086024,0.9603581,-1.6848986,-5.316361,-6.4647207,0.2090291,-0.38331717,4.7202535,0.8226138,1.5518718
1766-70-1.wav,Natural_Sound,1070.8304264762835,0.05393699363425926,0.11518422,-215.0076,187.2419,-16.839792,-12.561782,11.003368,3.6721125,1.1707791,-3.458291,-6.4411473,0.3614636,-2.1644058,-2.7297058,0.7035741,-2.8000429,-5.139124,-2.1675327,-1.3343248,-0.24819632,-0.119711064,-1.5228117
1766-71-1.wav,Natural_Sound,2628.688896656985,0.15089473017939814,0.0040736445,-450.5594,84.998764,-6.123768,18.495512,-4.187499,-3.2201188,-0.78409773,10.770016,-20.755522,-2.7085872,-5.893878,-6.545165,-10.752964,-2.9655833,-11.383754,-2.1965373,-9.493859,-12.569093,-11.681593,-3.8359408
1766-72-1.wav,Natural_Sound,3216.8345805620665,0.11903663917824074,0.003551076,-454.03598,61.44439,-12.603646,-3.569814,-16.561232,-17.40558,-20.439651,-11.859827,-11.335363,5.282183,-5.4523296,1.737741,-6.3207216,-1.7638911,-5.6791406,-8.359934,-7.03407,-6.58274,-7.320699,-6.344036
1766-73-1.wav,Natural_Sound,2489.0100660231838,0.20316342954282407,0.10271651,-100.52824,130.24489,-122.846565,65.972664,-73.3465,22.85184,-34.679474,-2.14296,-7.2960734,-17.955198,5.2095366,-24.62076,9.203309,-20.904013,5.8236423,-9.525395,-4.834255,-0.8409001,-8.986755,5.187165
1766-74-1.wav,Natural_Sound,778.6778731617565,0.026588722511574073,0.0012318892,-695.9981,15.170654,5.481229,9.133323,2.8990495,-0.33053908,3.3249907,3.6973078,0.5772889,0.95468056,-0.47415125,-0.57212156,-0.17397316,0.20001543,0.17406446,1.7096075,-0.28104293,1.1311169,-0.90942115,1.0432225
1766-75-1.wav,Natural_Sound,4172.71709337266,0.3424027054398148,0.12920679,-126.507805,11.64466,4.939422,47.384243,-19.697441,9.476288,4.4984493,-2.9814725,-4.1343503,-1.9447219,-10.711332,-5.757623,-8.045726,-8.426445,-6.8828044,-4.83302,-8.303638,-1.7108752,-6.1188912,-2.0922213
1766-76-1.wav,Natural_Sound,2693.0090247061894,0.07968930844907407,0.004377769,-486.39923,77.093895,17.421587,21.945877,9.678814,12.545905,5.088058,6.062859,-0.45178878,0.18032637,-1.9581484,-1.0273104,-5.4765778,-0.040611833,-3.3103318,-2.3758047,-4.9037685,-2.8584232,-5.931189,-3.4506059
1766-77-1.wav,Natural_Sound,3768.8988590802087,0.33995451750578703,0.05763386,-125.79012,54.25397,-6.652203,12.186908,-23.461964,5.394208,5.389681,-1.2972473,-5.410065,26.414371,-32.756912,9.745735,-5.384579,-3.963609,-0.8429217,-5.1917753,-4.0101376,2.6484683,0.745374,-5.8064017
1766-78-1.wav,Natural_Sound,753.4097206047323,0.016816315827546297,0.15355301,-220.10114,131.23073,28.395472,78.2919,14.54452,23.645449,18.42302,9.153439,-3.6018498,6.0039573,2.0695715,2.6373963,-0.55874103,2.357211,-3.2732453,-2.9340076,-4.22645,-2.4088113,-5.553504,0.5047393
1766-79-1.wav,Natural_Sound,3162.188560832045,0.18431486906828703,0.091382325,-38.749264,74.77117,-1.102343,-11.826757,-19.363688,8.324923,-8.060572,3.223847,-6.550538,-0.9993633,-3.4137638,0.3387755,0.39316002,0.22575971,-0.019917576,-0.11438723,-2.659349,0.70561373,-2.2675562,0.5273173
1766-8-1.wav,Natural_Sound,3300.690923788756,0.2077365451388889,0.021789517,-219.01692,88.07299,6.5520105,-16.433773,-23.691048,-4.899084,-10.436176,-14.848835,15.42029,-14.636021,-6.9595714,4.802852,-15.7600565,2.9868627,-7.700144,-8.52037,3.8608067,-10.762677,-4.9715447,2.691361
1766-80-1.wav,Natural_Sound,4485.387380014731,0.37721987123842593,0.026939046,-411.2466,-16.445509,19.5668,48.55013,-61.47321,24.788113,2.2294452,-39.507236,13.638881,-2.9177547,-32.825016,17.4373,-20.353703,-6.4360657,-2.462313,-5.367739,-11.182021,-2.2276185,-6.09822,-2.7581015
1766-81-1.wav,Natural_Sound,3002.42281127856,0.08595558449074074,0.018275496,-284.35184,69.40995,36.21032,22.973356,13.106659,17.095032,6.501086,12.264461,9.205831,7.233033,6.3329434,6.260963,-2.1403217,5.6275396,-3.5323062,2.8836074,-3.322972,4.404904,-3.0999513,1.9820434
1766-82-1.wav,Natural_Sound,1943.537480345534,0.08809633608217593,0.08218045,-118.42967,112.30778,-18.29436,-1.8066622,-15.166343,-14.5271435,-17.83721,-14.525653,-13.053594,-11.028449,-12.864685,-7.368088,-12.461504,-8.007628,-10.647897,-5.627161,-8.179487,-2.9534776,-8.453526,-1.4948547
1766-83-1.wav,Natural_Sound,821.1461818058616,0.05146846064814815,0.1028015,-205.6144,218.59425,-30.852968,4.2293587,17.222588,6.460251,5.9459615,-5.3954186,-5.335084,9.046668,-0.525932,3.1333637,2.5416503,-2.6640685,0.9714602,0.7329525,-0.82909095,-0.62419236,1.7780341,-1.6792357
1766-84-1.wav,Natural_Sound,765.9111639516166,0.039326985677083336,0.06849519,-246.85226,198.64622,15.270637,1.0469928,4.041007,11.203155,-4.0809383,-5.80687,-4.36973,-0.7546205,-5.9783235,3.205521,4.94428,9.897517,2.4353998,3.3221934,-1.6807564,1.8595163,-2.53365,-3.7769282
1766-85-1.wav,Natural_Sound,2116.127612813275,0.1750804759837963,0.004786607,-602.8647,15.120592,3.5896378,0.46835563,-0.9304507,-1.6906418,-2.8552365,-2.6994038,-2.2488556,-1.4564799,-1.8350515,-0.8186926,-0.3208429,0.31928036,-0.08693743,0.08226584,0.5911174,0.45265347,0.3905466,0.3670826
1766-86-1.wav,Natural_Sound,1164.9556210548396,0.053559479890046294,0.072178215,-236.16417,170.47298,10.344398,9.184619,-9.263638,15.92709,-0.4596518,4.0669513,-1.519079,3.3741179,1.7802416,0.6549951,-2.0539756,-0.11107286,-1.7517949,2.0877612,-1.2286081,1.1198274,-2.7556415,0.64226747
1766-87-1.wav,Natural_Sound,1370.1947408339065,0.054624204282407406,0.0068654306,-518.20184,148.47307,55.667027,19.296028,1.8235255,-6.0348077,-17.47773,6.658291,-2.738608,-2.511344,-4.2399406,13.147515,8.202369,8.19782,-3.2333999,1.404753,-12.992085,-15.660957,-12.044788,0.40689743
1766-88-1.wav,Natural_Sound,1480.066870072899,0.08752215350115741,0.039794404,-240.15918,131.42902,-52.040825,-49.34744,-55.66855,-30.758904,-44.11489,-27.451172,-21.618223,-22.094553,-30.395145,-14.054669,-13.775277,-9.92154,-8.887938,-7.1222506,-1.8290993,-0.40288776,-6.2734547,10.622982
1766-89-1.wav,Natural_Sound,2861.0110232637817,0.18414306640625,0.0465401,-234.43517,44.657913,-41.123383,20.935316,3.844959,8.359414,-44.53446,14.0083275,5.3397174,-5.445306,-27.851828,4.768764,14.237437,-13.54945,-12.021491,2.3394663,14.229244,-5.2074146,-12.128577,9.996243
1766-9-1.wav,Natural_Sound,964.2057416725884,0.021102340133101853,0.1259746,-254.11774,100.360725,47.303658,87.15547,47.393944,30.762346,4.4727435,9.720116,-0.28106773,6.5720663,-15.02347,-4.197071,-4.5896025,-2.2625792,-0.149289,-4.733588,-1.1775136,0.99457896,-0.62287724,-1.5687697
1766-90-1.wav,Natural_Sound,3063.4662020199376,0.18119077329282407,0.013446824,-423.87622,19.331638,-5.899091,-19.581753,-4.017965,-6.0665174,-13.360878,-4.2186866,-2.3897429,0.29039595,1.0478572,7.407926,-4.462057,-0.79282326,-6.0288515,-2.429845,1.7162157,-10.887358,0.027739577,-0.5885832
1766-91-1.wav,Natural_Sound,907.7012332461208,0.04610640914351852,0.089646064,-273.8431,182.44421,10.097783,-12.946675,17.078297,5.692358,-9.434051,0.48746923,3.1624417,-3.8767238,-3.9733841,-0.39542276,-0.60046893,-2.570764,-4.9101896,-5.9461455,-6.057566,-5.391425,-3.5991657,-1.9330446
1766-92-1.wav,Natural_Sound,3605.7068312703504,0.10912181712962964,0.07319089,-171.3586,28.962746,46.938206,54.6549,28.568295,17.998775,9.472058,12.305683,7.3030796,9.703907,0.94719744,3.1831884,1.4696738,5.3939447,-4.66434,2.6109097,-3.1403577,2.8971462,-1.80079,-0.54875815
1766-93-1.wav,Natural_Sound,444.6157303522957,0.013115776909722222,0.4494654,-168.1667,198.83142,17.708763,15.208049,21.54032,12.122117,9.918423,10.687132,8.811098,6.9914784,7.000466,7.4912844,5.4810824,5.6623807,6.54723,4.602975,3.6409705,4.2559333,4.319745,3.4270403
1766-94-1.wav,Natural_Sound,2603.932511632986,0.15034315321180555,0.0878528,-58.44472,82.721344,-35.108074,-7.004508,-22.011349,0.72686076,-12.509705,-3.8486865,-10.211208,-4.4366903,-7.7345705,-1.960673,-9.076653,-2.0576296,-8.319842,-4.4569755,-8.018736,-5.1658287,-8.305678,-5.040611
1766-95-1.wav,Natural_Sound,1128.3699969863849,0.04113317418981482,0.09875888,-192.17336,150.86633,-12.687344,37.799076,-5.4258018,-3.221573,-10.228493,12.874878,-2.1923738,-8.242799,-2.323129,9.232323,-2.3424332,4.3325725,14.627389,19.81174,11.622583,19.10377,13.961349,6.4864526
1766-96-1.wav,Natural_Sound,2525.6360860218147,0.1676907009548611,0.06172567,-123.89291,81.340004,-60.425735,1.5939867,-27.664782,-1.6565057,-21.129173,-4.8031735,-18.029566,0.17517245,-10.03452,-3.6478453,-8.016529,-4.4175167,-7.205139,-3.6062696,-6.036833,-0.8174377,-6.0730634,-0.7641372
1766-97-1.wav,Natural_Sound,4343.408362812868,0.35737214265046297,0.09534645,-23.570042,15.884417,-13.09296,13.219299,-18.294716,1.0409544,-11.96246,-6.8208075,-11.573665,-6.746694,-7.452769,-3.5645022,-6.4811583,-3.0437276,-10.081333,-4.8257413,-7.550922,-3.392214,-4.80642,-0.7946166
1766-98-1.wav,Natural_Sound,1642.2183049477808,0.04629855685763889,0.13344015,-121.7757,107.43048,1.883089,45.415886,9.351101,18.408983,13.561664,13.9251175,2.7628205,11.498003,0.91066444,2.937417,2.1260889,0.7191041,-2.8801694,1.3717093,-3.9550688,-0.17792957,-4.1546216,0.83665705
1766-99-1.wav,Natural_Sound,810.2795067961778,0.047333893952546294,0.085582465,-226.45209,207.08214,4.0224094,-10.531013,-3.030551,9.48728,-5.544569,-8.039789,-5.245984,-1.7377198,-7.725735,-1.6910437,0.17135991,7.775311,4.8302655,7.0795116,0.26531863,1.8358274,-3.8187733,-3.2847583
3_10301.wav,Natural_Sound,2917.9955365556775,0.1802684642650463,0.04678802,-242.32184,83.796036,11.259602,12.50127,2.6591334,18.526924,-6.6592617,13.259105,-4.730369,8.840168,-1.9534256,3.7012696,-3.1151671,2.0787504,-1.8968,1.3799303,-1.2020879,1.9004335,-1.7980026,1.640655
3_10302.wav,Natural_Sound,1722.0839976331404,0.06725396050347222,0.06943052,-223.6721,126.073326,21.814766,16.252693,3.1481283,19.565254,-5.098377,13.951092,-4.4484224,9.047087,-1.1111791,5.19743,-1.593067,2.9773014,-1.2779115,1.6181184,-2.12414,1.6728846,-0.55131274,3.930145
3_10303.wav,Natural_Sound,1808.4521142735962,0.09279152199074074,0.11359235,-109.48062,123.12591,-24.959766,37.12827,-2.299064,5.1219516,-9.706934,4.2442656,-8.561965,-1.7607623,-9.612555,-2.1806078,-9.035704,-4.63688,-7.8805976,-2.4007828,-9.209595,-3.1173992,-4.9725895,-4.0793953
3_10304.wav,Natural_Sound,1493.3388206330728,0.07753951461226852,0.10398036,-189.55252,147.79396,-12.434581,18.818882,3.9566572,4.6125665,-1.7131294,2.8313172,-4.0985937,-0.20810331,-2.0292609,1.3050965,-0.64756393,-0.15542589,-2.9991689,0.56471777,-1.562612,0.4624008,-1.050239,2.0372791
3_10306.wav,Natural_Sound,1019.1760745039435,0.03743037471064815,0.073915794,-249.31677,166.33655,6.002489,17.20251,7.388616,20.5794,-0.15320234,3.6819272,2.6587152,5.2663293,-5.571497,2.1709485,-1.89962,-0.19140607,-2.5614681,0.61296964,2.0959792,-2.250391,-3.2731297,-4.6020746
3_10307.wav,Natural_Sound,1103.011413204602,0.05525942201967592,0.096928366,-188.21365,173.7829,-23.599043,16.099615,8.670956,11.430064,-0.25570798,-1.8135712,2.5748422,0.49959508,-4.69295,2.2566874,-0.32868513,-0.3479406,-0.7727982,-0.16807263,0.01085005,-3.5530217,-3.7645829,-2.695607
3_10308.wav,Natural_Sound,822.3863154376502,0.03988986545138889,0.15209585,-185.03722,195.17549,-17.799166,22.41175,16.43355,13.538733,3.9768643,1.0002997,3.7046192,4.330252,-3.1826203,-0.11523275,0.97615916,0.4966148,-2.5524073,-1.2262797,-0.6414609,-2.2282412,-3.4494662,-4.2174373
3_10313.wav,Natural_Sound,1114.2159591621935,0.06581172236689815,0.067183,-239.75642,205.55687,-33.661552,-3.257615,10.383729,-4.2019763,-6.7385354,0.91907644,-5.7721767,-3.0740006,-5.5604777,-2.2385745,-3.929817,-4.6817946,-3.9667623,-2.8111856,-2.7046413,-3.5934017,-3.1548357,-1.9194596
3_10315.wav,Natural_Sound,441.6356819021425,0.012629756221064815,0.04262402,-403.85995,177.11542,36.048824,15.74876,19.531847,17.375128,2.9626353,4.7399793,3.1019669,1.6932409,0.16509064,0.35982397,3.5192075,0.10049029,-0.10273241,0.120655626,0.55913174,1.0996599,-0.06446418,1.641517
3_10317.wav,Natural_Sound,246.49198563795755,0.010285554108796295,0.1641201,-330.6803,150.4588,69.02759,39.57752,26.713799,19.7531,13.873223,10.470112,7.9774027,6.415064,4.389835,3.0244768,1.5526708,1.0712677,0.5012463,0.39750487,0.04525206,-0.26338783,-0.485095,-0.7380487
3_10319.wav,Natural_Sound,260.6172591280343,0.012566460503472222,0.22438265,-288.0617,186.21022,65.09394,28.83336,20.668123,17.35126,12.25031,11.142358,8.367864,4.9226785,2.5495758,1.2707366,0.31269062,0.4043909,0.62020797,0.29655054,-0.9039575,-1.3864168,-1.5736923,-1.8624117
3_10320.wav,Natural_Sound,322.32007183660204,0.01629638671875,0.34062117,-249.88078,174.53925,61.0912,36.173695,24.153429,19.579725,12.384774,10.332397,7.602154,5.9418983,2.9365857,2.474632,0.32099187,0.6327266,-0.81070966,0.08778848,-0.40876698,-0.07663041,-0.624866,-0.42614725
3_10321.wav,Natural_Sound,1308.9345937224807,0.0636302806712963,0.0252883,-319.53275,164.0011,-15.922715,10.07784,2.6548815,-3.9958389,1.683969,-3.4964108,0.006105564,-1.4802927,-5.7730045,-3.0970912,-4.0860186,-2.1634564,-7.3572326,-3.5821543,-4.7523255,-4.8648486,-6.0373325,0.2786457
3_10322.wav,Natural_Sound,1351.5003048428646,0.04189724392361111,0.066209786,-223.89154,147.02422,26.533457,6.4865108,7.622103,3.0005407,5.453039,-1.5258272,1.0692365,0.64271396,-4.5984354,-2.0490422,-4.9431744,-0.7229614,-8.402875,-2.5121317,-4.336317,-2.1804597,-6.566334,-0.15476827
3_10324.wav,Natural_Sound,4123.392241934056,0.3025806568287037,0.07750829,-66.20611,16.520906,-40.02768,-12.446229,-3.1459825,-3.9313354,-1.1772436,-1.0932401,-8.448116,7.4769583,-7.1447897,2.9937258,0.13983685,-1.2898234,2.471158,1.5965937,-4.069179,6.5474696,-5.203583,4.546302
3_10326.wav,Natural_Sound,2402.718611143304,0.12139440465856481,0.1585408,-45.684357,92.42506,-24.79918,-13.010775,-19.681456,-16.235975,-22.694153,-15.750523,-24.034866,-16.774035,-21.860666,-13.600193,-17.88488,-12.130102,-15.145049,-9.165124,-12.676464,-5.1010427,-9.40792,-3.9633162
3_10327.wav,Natural_Sound,1841.137545590429,0.06347204137731481,0.008751685,-423.9563,121.49526,28.541866,-0.8598514,-11.15458,1.3051867,-6.050381,-5.8010907,-12.887537,-7.6761556,-15.213445,-10.960903,-14.878101,-8.316665,-12.537867,-7.973496,-12.006407,-7.432531,-11.025311,-6.952572
3_10329.wav,Natural_Sound,703.5654290714384,0.04323775679976852,0.01768153,-405.63693,226.73488,-5.696192,21.0962,-24.192785,-9.35681,13.047581,-10.469487,16.289839,-7.001214,-12.957082,6.3927274,-10.643347,2.6537557,-2.2234068,-9.4791355,2.3133683,-8.142159,1.3157542,0.15735954
3_10330.wav,Natural_Sound,1999.4535179873997,0.06721779152199074,0.22746754,-53.114845,107.86783,38.109394,22.078636,3.5795488,7.157258,1.8189845,5.6873927,-0.81201637,2.2735748,-2.1445742,1.5468458,-3.3720448,0.6810512,-3.075133,1.2250016,-2.5389364,0.95608306,-3.5029767,0.33559126
6_10601.wav,Natural_Sound,809.9966593084476,0.018570511429398147,0.010586262,-446.48914,163.95798,32.059364,19.254236,-7.3027472,17.473738,18.017603,15.526444,4.029911,8.382054,3.214983,4.0514355,1.9064444,4.3973937,2.4646974,3.5431201,-1.2071897,2.186984,-1.5957662,3.2863774
6_10602.wav,Natural_Sound,729.9550191968214,0.01965105975115741,0.01129675,-448.3114,176.21373,36.720024,17.126226,-5.965548,16.081932,15.511049,12.516247,2.699396,7.2104063,1.1757872,2.482904,-1.2247055,1.9047034,0.0117896395,0.78534573,-2.6431866,1.9918469,-0.8877396,4.3391166
6_10603.wav,Natural_Sound,3558.8611427515893,0.2633463541666667,0.0030118963,-395.53003,50.606167,4.1899905,35.668427,-13.974614,18.850834,1.5511701,7.0628266,2.8721893,1.8790593,-2.7084062,1.9221765,1.3859029,3.9453948,-0.9874987,4.4925666,1.8713793,0.32237664,-2.7104661,0.035147306
6_10604.wav,Natural_Sound,2109.9175610281427,0.06676115813078703,0.013214361,-319.2848,101.41227,24.820396,21.616135,-1.4761602,18.892921,-4.494674,8.415948,-0.61263233,6.579916,-3.0440598,5.9884515,-2.0024545,6.3651037,-1.6926355,4.0829973,0.38363767,3.639958,1.0239224,4.550028
6_10605.wav,Natural_Sound,2270.8842319078362,0.07363100405092593,0.009151798,-337.3496,99.88979,35.227493,17.901003,-5.796848,16.894655,-3.252824,8.784698,-1.2588738,3.697113,-5.3865314,3.343169,-2.9609513,6.9875712,-1.8272351,4.077939,-0.73192877,2.4978123,-0.174776,3.1597095
6_10606.wav,Natural_Sound,1853.783975929449,0.05525037977430555,0.01224129,-329.82242,117.08726,36.6188,14.505491,-3.5664291,18.019182,-5.940842,5.8588214,-0.94760513,4.0583797,-5.195559,4.120864,-3.3866334,6.3909364,-2.3412886,2.841521,-2.3809636,1.3132825,-1.1101857,2.2352169
6_10607.wav,Natural_Sound,2164.061176511855,0.06798638237847222,0.007290678,-374.626,105.08467,29.20767,13.937372,-2.2714238,20.225327,-4.8660007,7.3824134,0.30672252,3.8279786,-5.6249275,3.317271,-4.3797717,4.731208,-2.865117,3.1667917,-0.37138695,3.085482,0.6216695,3.4640002
6_10608.wav,Natural_Sound,2894.9780034925006,0.1372951931423611,0.0004253628,-587.8011,85.94705,14.20815,-5.923504,-11.4040575,-2.29096,-3.1955256,-1.4005448,-5.7780247,-1.8203119,-5.852773,-0.99653083,-3.2347596,2.5618353,-1.6868384,1.0959846,-3.1118133,1.1747513,-1.8965528,1.7622637
6_10609.wav,Natural_Sound,3030.3339127860327,0.14280418113425927,0.00038121006,-609.1742,76.07772,17.261219,3.3114827,-8.060321,-4.5750585,-6.025864,-1.7482772,-6.133074,-2.1248143,-4.834097,0.3413119,-3.0976307,0.84424406,-3.8745346,0.014208736,-3.8027465,1.0890725,-1.5981084,2.774144
6_10610.wav,Natural_Sound,2954.562925231576,0.14182535807291666,0.00041770306,-588.1059,83.1579,14.588309,-3.0731478,-11.359881,-3.8752959,-5.3172116,-2.2119954,-6.8350368,-2.6687872,-5.3229914,0.8059642,-2.645686,2.4959958,-1.4169958,2.2821026,-2.4138608,1.0642371,-3.0171034,1.1073924
6_10611.wav,Natural_Sound,2900.163012599445,0.13402190031828703,0.00048964395,-585.1751,84.042435,13.740569,-4.268792,-14.453455,-6.718232,-5.4234934,-0.935931,-6.822397,-2.9308288,-5.1075926,1.5718437,-1.3463038,3.2821982,-1.8122637,-0.05812083,-4.096331,-0.07955332,-3.1173716,1.3062768
6_10612.wav,Natural_Sound,2871.3708212732267,0.13630732783564814,0.0005284871,-582.7784,84.58021,19.053417,0.86964756,-13.0629635,-6.6792297,-7.1450124,-1.6124045,-5.561939,-1.1448203,-4.9119287,0.23573217,-2.8522913,2.6667843,-1.0311881,2.6001346,-0.5422629,2.985857,-1.5154506,2.102714
6_10613.wav,Natural_Sound,2812.1165445362385,0.12096715856481481,0.00043212672,-602.45966,85.71284,24.047014,3.6549032,-10.28994,-8.689382,-11.871867,-7.0270305,-9.376946,-3.2325976,-5.65816,-1.2160295,-6.382195,-2.0610416,-5.70455,-0.45347288,-2.4663968,2.3427556,-1.1875564,2.9530644
6_10614.wav,Natural_Sound,2743.56326020938,0.11500605830439815,0.00045412296,-600.81,87.61557,25.458654,5.6985617,-8.167122,-6.09952,-9.867843,-5.51778,-9.00312,-4.10284,-6.736422,-2.2823493,-6.3792076,-2.3826573,-5.6586795,-0.3213425,-3.114568,0.7577004,-3.088734,0.78205603
6_10615.wav,Natural_Sound,2700.3030074306707,0.1135547779224537,0.00046201082,-598.2042,90.01201,25.51789,3.9515352,-9.6891,-6.9121523,-9.732056,-5.245933,-8.819856,-3.231635,-6.059671,-2.2229745,-6.505328,-2.3977346,-5.20081,0.052616492,-2.3734145,2.4187,-1.9434606,1.4707786
6_10616.wav,Natural_Sound,2560.9808554725723,0.10163257740162036,0.00048936304,-618.66565,87.768,23.584547,3.1011205,-8.624688,-5.6702847,-8.927236,-5.9789863,-10.283852,-6.564875,-8.61867,-2.9217615,-5.4235163,-1.0656143,-4.369268,0.23136298,-2.541927,1.3167846,-2.617368,0.9334595
6_10617.wav,Natural_Sound,2548.336455988077,0.10144947193287036,0.000494979,-613.45355,87.859726,24.463577,3.7247863,-9.691931,-7.7076764,-11.183734,-8.069744,-12.17055,-7.0884037,-9.220385,-4.1911335,-7.3197136,-2.5593073,-4.721717,0.2530057,-1.8304235,2.2859313,-1.7370651,2.2145023
6_10618.wav,Natural_Sound,1398.7752205455192,0.04666702835648148,0.0076794615,-415.5659,128.5965,20.685442,34.4387,10.424516,10.487622,7.0584345,8.092257,-0.9496162,10.038887,0.447926,2.469958,-5.5288277,3.311117,-2.343074,-2.6642606,-5.384732,-2.2501633,-3.8030384,1.5403169
6_10619.wav,Natural_Sound,1243.0584782267936,0.04626012731481482,0.0073802085,-435.38586,146.38506,43.941334,12.943621,-1.6816565,7.2061353,1.7013624,9.291543,-1.380697,7.0010886,-1.9371085,5.5718303,-0.65767133,2.0856078,-3.5593958,-1.4646258,-5.1593394,0.49450848,-1.7878983,0.5714698
6_10620.wav,Natural_Sound,1307.0253154330185,0.05206298828125,0.00774455,-419.24356,141.22365,24.856716,23.491793,8.3864355,2.6261246,6.6808157,16.343817,-4.271274,2.0573254,-2.0193431,7.8197794,-3.6882405,-1.2865669,0.04873781,-2.1357524,-8.014835,1.080089,-5.8211513,-1.9854726
6_10621.wav,Natural_Sound,1308.9473772291446,0.052112720630787035,0.007308043,-432.24588,146.11238,32.643063,8.949097,-4.541451,0.48325884,-2.8631542,5.491879,-4.749377,-0.038559385,-3.383772,7.787978,-2.0433996,-2.975279,-2.4250574,-2.6679502,-4.7894006,3.7747107,2.1659162,5.388885
6_10622.wav,Natural_Sound,1285.7419181808332,0.048502604166666664,0.007911666,-441.79773,145.62059,47.202007,7.47761,-9.046845,1.6858972,-1.4219264,5.124329,-6.199636,3.7942178,-4.1022377,6.0798535,-2.4854956,-0.31682795,-4.912864,-1.8897012,-3.2757132,3.347138,0.29441276,4.7498226
6_10623.wav,Natural_Sound,1373.0922528675253,0.05403871889467592,0.007566028,-439.4394,140.11116,44.135883,15.372984,0.5151763,-0.6118511,-4.0063534,5.694154,-4.566836,7.81178,-2.7864532,7.4689794,-4.659287,1.6704466,-7.43672,-1.6200914,-5.8181067,2.0638337,0.23991469,1.2240105
6_10624.wav,Natural_Sound,1301.914378593052,0.049008969907407406,0.006588743,-443.22165,141.53107,37.85287,13.6015215,-0.03557728,1.4650143,-1.1384741,6.8705263,-1.282313,4.8757625,-1.6336867,7.2360625,-4.0951014,-1.0737119,-5.3298664,-3.3604076,-4.5300727,3.4745479,1.5808077,2.5629115
6_10625.wav,Natural_Sound,1341.7769219089043,0.05032687717013889,0.0064177103,-452.40762,139.1697,48.820206,15.449788,-1.4790998,2.394853,-1.119063,6.8559785,-3.662239,5.934232,-3.2842286,5.985919,-4.592579,0.66079164,-7.106354,-3.0147145,-3.9703095,1.135817,2.552351,1.5385762
6_10626.wav,Natural_Sound,1402.5363899921388,0.049531159577546294,0.0073377364,-453.92297,136.85902,49.34934,13.299232,-1.8186369,3.4804902,1.499188,5.5396953,-5.6731477,4.795245,-8.0212965,7.11745,-5.4626245,2.4089952,-4.9616756,-1.6628205,-6.1989293,0.22381504,-1.323192,2.018451
6_10627.wav,Natural_Sound,1370.75570281843,0.047191478587962965,0.005180452,-455.94125,138.31949,44.695602,12.504675,-2.7043457,2.5166764,0.62026554,6.4175134,-2.5343091,4.324637,-2.6880603,4.4779367,-2.2821705,2.1067927,-4.4111304,-0.6681535,-3.0656264,1.7089854,-0.04428399,1.772925
6_10628.wav,Natural_Sound,500.1140335640023,0.021398473668981483,0.010046927,-496.37366,214.87137,47.55366,5.7105145,3.7822986,9.976396,1.8113747,1.4317737,-5.2772226,2.2081194,-0.123723455,2.045952,-0.8098186,3.4496565,-0.33720404,2.215679,-0.5413742,3.0669012,1.3133417,5.0338464
6_10629.wav,Natural_Sound,486.0426955015734,0.020636664496527776,0.010863037,-495.39886,218.87558,49.52358,3.072779,1.9007487,10.123031,1.1162864,1.2198195,-3.627751,1.6580064,1.0240334,3.0844698,-1.3887678,3.3017435,0.9725192,1.95959,-0.77939594,3.3624496,1.4746988,4.575983
6_10630.wav,Natural_Sound,499.88080911888323,0.02154314959490741,0.0109179905,-491.03717,218.09805,51.697918,3.1373231,-0.0630874,12.761979,0.7236131,-0.27368605,-3.7165003,2.6391368,-0.9895381,3.0680735,-0.48425904,3.6294024,-0.3669618,3.2113767,1.2996256,3.3189273,-0.100910805,5.612228
6_10631.wav,Natural_Sound,575.5152156483084,0.022501627604166668,0.010370327,-478.5811,203.99532,50.625805,8.342424,-1.2879182,11.072523,0.62627685,2.7492688,-4.9454956,2.7996876,-0.4304377,2.999358,-2.1098392,3.3362107,-0.4072532,1.7258437,-0.16550834,4.5298915,0.9952784,4.969831
6_10632.wav,Natural_Sound,646.6374359420347,0.023471408420138888,0.010364221,-465.08267,191.3411,45.54526,17.780458,0.5531218,8.310551,-0.85442954,6.5713253,-4.1573935,1.2228979,-0.88293815,6.163345,-2.5657382,1.4386843,0.054303452,2.5656598,-0.21320522,5.010785,1.5927087,4.688195
6_10633.wav,Natural_Sound,507.09946500489644,0.019813820167824073,0.011544609,-482.25327,209.36946,40.558487,15.153467,6.009372,3.4598298,3.5886173,6.2510886,-5.2244573,0.6113945,1.311201,3.2915666,-0.063036,2.0980377,2.0921886,0.949916,-0.32704142,4.600733,1.760868,3.2760947
6_10634.wav,Natural_Sound,497.2740446423431,0.020399305555555556,0.01098792,-488.6995,215.83148,45.803875,7.1667256,2.7321048,9.965345,0.6352204,0.6598813,-4.8489656,2.35452,-1.2421972,2.7050302,0.13860881,3.5120058,0.13927771,1.3472672,-0.36738017,3.6786234,1.2578012,5.3832927
6_10635.wav,Natural_Sound,536.4980287008048,0.023247612847222224,0.010537962,-494.0763,211.54213,40.259537,11.540271,5.1959596,2.2262912,0.44507506,5.7979727,-5.615768,0.10284947,1.3461044,3.4313443,-1.0668693,1.723095,1.3208854,2.9395056,-1.703932,3.090627,2.6254327,5.2605157
6_10636.wav,Natural_Sound,538.8458082224697,0.020225242332175927,0.011825426,-475.6071,203.36354,45.58364,14.940837,1.9678276,5.105852,0.38579312,4.5437737,-4.1533217,0.56397945,0.6173368,3.6694539,-0.6456032,2.4231918,0.7377072,0.8389504,-0.34180337,3.703304,1.4904488,4.1102962
6_10637.wav,Natural_Sound,749.5582983515413,0.028071650752314815,0.010617762,-462.18085,184.04881,47.981426,14.370004,-2.6204937,9.956889,2.0047245,2.6975803,-5.7993126,2.0792913,0.010381734,2.7974203,0.28905094,4.2910757,0.3766259,1.1455321,-0.5715795,3.0371292,1.1313838,4.2384944
6_10638.wav,Natural_Sound,4840.956627784865,0.23314299406828703,0.0010308283,-560.4034,42.093773,49.604427,-10.434186,20.714998,11.980312,13.986518,16.774052,-8.873854,19.462904,-3.6649761,12.455462,0.43194005,2.661527,3.9277358,7.3962398,-0.917118,5.6188416,-0.10993647,5.275422
6_10639.wav,Natural_Sound,4838.293518690044,0.2255881980613426,0.0010849157,-563.9708,41.416348,52.054787,-9.378284,21.667784,12.051556,13.027882,17.252151,-7.9620767,19.83158,-4.282923,12.454441,0.6737236,2.44154,3.8071387,8.014863,-0.91814667,5.0283165,0.7278961,6.0356026
6_10640.wav,Natural_Sound,4736.2103957548325,0.2136863425925926,0.0011286094,-554.0087,41.729004,48.14282,-14.092823,14.619111,16.720049,16.622839,18.646824,-7.174564,13.984819,-5.917103,12.230516,2.793804,6.6570253,2.774091,5.840515,-1.6125295,5.121172,3.1336293,7.201678
6_10641.wav,Natural_Sound,4881.572065015368,0.24658203125,0.0010042018,-562.29,41.772022,50.18249,-10.016435,21.128183,11.401582,12.256104,16.773745,-8.214255,19.121862,-4.702627,12.143096,0.9038598,2.998052,4.2287683,7.5592713,-1.4027376,4.9062805,0.054012652,5.618164
6_10642.wav,Natural_Sound,4883.421417628568,0.24964509186921297,0.0010235135,-562.60406,41.08875,50.56827,-9.77914,21.471743,12.410397,12.289689,15.859386,-9.249985,18.729729,-4.2499113,12.424388,0.6301563,3.1139271,4.153654,7.901922,-1.1435201,5.40492,-0.13081455,5.976696
6_10643.wav,Natural_Sound,4867.556666179795,0.2452053493923611,0.0010305992,-562.02124,41.518677,50.249947,-10.033022,21.494804,12.273255,12.459248,16.078455,-8.729693,19.772415,-3.9427485,12.275379,0.22283036,2.617639,4.6262655,8.22734,-1.2900741,5.24058,0.19369027,6.06474
6_10644.wav,Natural_Sound,4803.724780945649,0.2259837962962963,0.0010977646,-561.15247,42.00615,50.543842,-10.385163,21.191471,13.244274,13.33172,16.938894,-8.684008,18.456783,-4.3989043,12.295994,0.3448591,2.2614992,3.522809,7.591684,-0.9659124,5.1216917,0.19057928,5.809667
6_10645.wav,Natural_Sound,4869.1226029070285,0.24192979600694445,0.0010236725,-560.7457,41.684414,49.631023,-10.163199,21.487045,12.632926,12.828197,16.684175,-9.236749,18.476486,-4.1115084,12.724298,0.119805515,1.6170061,3.9531515,8.418426,-0.3499564,5.711059,-0.07064324,5.0450597
6_10646.wav,Natural_Sound,4633.408144124217,0.2239967628761574,0.0010945929,-552.5876,46.52127,42.42906,-20.122026,20.41401,20.802015,19.89037,14.870488,-15.223617,15.457989,-2.2709918,16.533537,2.6830242,2.1413066,1.8253112,6.2802186,-0.11450556,7.412611,1.3220625,4.982557
6_10647.wav,Natural_Sound,4802.8516518313545,0.22890670211226852,0.0010943459,-561.2864,42.334316,49.552464,-11.364635,20.86588,12.79618,13.782335,17.320988,-8.936576,18.845556,-3.8022366,12.436385,0.24695012,3.134881,4.363974,7.5864644,-0.91736674,5.7406516,0.19127189,5.697729
6_10648.wav,Natural_Sound,1713.475877722494,0.04556613498263889,0.013215618,-339.38846,113.17166,25.549402,24.210938,9.850222,10.202757,7.302533,9.090804,3.2374663,4.410517,-1.1487421,6.566009,1.247367,3.8660975,0.35936087,2.4029195,-3.309427,1.0592558,-1.6511968,1.8733958
6_10649.wav,Natural_Sound,1828.2657083607965,0.048807779947916664,0.011759083,-342.76465,108.44267,26.477343,25.522104,9.575643,8.904586,4.544862,6.7941284,1.9737344,4.86208,0.78593105,7.1073737,0.41111413,4.4721155,2.0687187,3.8495219,-0.8982586,2.9438932,-1.9516138,1.8686872
6_10650.wav,Natural_Sound,1814.4190013039752,0.046563042534722224,0.0119041875,-346.18814,108.91563,28.356346,23.404778,9.254156,9.672271,4.1448145,7.137189,4.0445347,5.9995413,0.14962937,7.027483,1.5925387,4.3819084,1.8258971,4.848768,-0.040033218,2.8649755,-0.7265935,2.7977018
6_10651.wav,Natural_Sound,1624.447077865528,0.046049895109953706,0.011470649,-379.02817,106.01398,24.854898,16.96365,6.6902623,9.951635,5.7005763,7.8042674,4.112949,5.808831,-0.9372461,4.406033,-0.14667548,4.4128838,2.1595125,3.7412612,-0.81930697,2.7916522,-1.8356448,1.6579666
6_10652.wav,Natural_Sound,1728.5967915893432,0.043895580150462965,0.013087042,-356.59244,109.44294,30.786814,22.303577,7.9548187,10.247068,6.1774497,8.687265,4.5692344,6.2989535,0.043305628,6.2992363,1.0428724,4.275826,1.6785353,4.026955,-0.7202193,2.6108205,-2.1423986,1.8384191
6_10653.wav,Natural_Sound,1799.8681185191135,0.05100052445023148,0.011406779,-339.78027,114.189415,26.55092,18.822742,3.8588886,6.4208474,4.7437196,7.6200356,2.9180574,6.06717,0.37670067,7.3829694,2.3211794,4.9933667,2.1463735,4.168607,-0.76291806,3.7009695,-0.6531571,2.793498
6_10654.wav,Natural_Sound,1734.124961329676,0.04476363570601852,0.012376499,-342.2806,115.58966,30.849112,18.667042,4.525019,6.992763,5.457965,9.492473,2.4681776,6.087626,1.0193063,5.9457135,2.246267,5.2276673,0.71431226,3.909917,-0.92574185,2.7679844,-1.9601604,1.6814666
6_10655.wav,Natural_Sound,1791.2288433214298,0.04902705439814815,0.010996463,-343.6655,116.3165,30.70337,14.111576,1.219416,6.7719507,5.278434,7.4348226,0.78743577,5.201371,0.5309951,6.3961916,2.8116755,4.6305075,0.41069126,3.9231308,-0.47358495,3.7674341,-0.5335305,2.1755683
6_10656.wav,Natural_Sound,1820.0210218353484,0.051197193287037035,0.010062688,-368.06,106.74717,29.308617,18.248295,4.5222135,6.404401,3.7439356,6.6827703,1.3793997,5.9547844,0.8504979,5.2086797,1.0820849,4.052233,0.7121609,4.2949452,-0.47263253,2.819914,-0.24963827,3.271945
6_10657.wav,Natural_Sound,1803.6433295635914,0.052449544270833336,0.009754292,-369.82642,107.07421,27.491446,15.1658325,3.3143823,7.4122987,4.4248195,6.5149407,0.71044004,5.3550253,-0.15858714,4.052167,0.5696275,4.7156577,1.1355512,4.7062078,0.28966576,3.5638583,0.27110457,3.8416426
6_10658.wav,Natural_Sound,2095.8235272731795,0.08562554253472222,0.0054518636,-366.2526,113.53325,9.027082,-1.5592219,-2.9380147,9.077776,-2.7912824,8.513379,3.3518696,8.579127,0.52121395,3.496478,-2.5709484,2.459815,-1.0098284,4.2204733,-1.4490848,2.0828803,-0.21171302,5.31622
6_10659.wav,Natural_Sound,2024.0061464071996,0.08509205005787036,0.0059038927,-358.02322,116.49289,7.90702,-0.1239175,-2.5021062,9.325866,-1.5067316,8.165648,0.97432595,7.214362,-0.31518504,3.1822724,-2.8544843,2.775554,-1.0667534,4.0345535,-0.9963933,2.334109,-0.6020596,4.4474773
6_10660.wav,Natural_Sound,1950.0414866075475,0.08008038556134259,0.0062971357,-350.6137,120.29778,8.724151,-0.6855004,-2.9189818,8.383928,-3.5030959,6.9009333,0.13726948,6.895119,0.4760151,3.6034448,-2.7546527,3.105112,-0.8900104,3.6818984,-1.6650586,2.8033915,-0.19657741,4.37183
6_10661.wav,Natural_Sound,1898.7631905132973,0.07984754774305555,0.0060940734,-372.57367,116.12786,3.8819292,-1.4875153,-1.5454146,7.348377,-3.6268463,7.081073,0.62538713,6.833853,0.38504288,3.4638593,-3.5758295,2.3039372,-0.20263904,3.7290707,-2.782091,1.1053246,-0.07940945,4.950959
6_10662.wav,Natural_Sound,1867.3635100762633,0.07859519675925926,0.006741241,-357.06876,120.37021,0.7664275,-1.6892813,-0.36256042,8.202128,-3.3048627,7.891425,0.70687556,6.712442,0.80876416,3.6739695,-3.8838243,1.4941183,0.016015252,5.4606924,-1.4701303,1.6097777,-0.19172262,4.5007925
6_10663.wav,Natural_Sound,1770.869236031034,0.07679805049189815,0.008394473,-332.4403,127.989296,-3.0742767,-0.829083,-0.5870319,6.3614583,-3.8529947,7.6166697,0.6703223,7.4987173,1.0239508,3.5591524,-2.8454685,2.8525882,-0.8536137,3.4591632,-2.012766,2.5583508,-0.50999737,3.4286356
6_10664.wav,Natural_Sound,1875.6928956180982,0.08866373697916667,0.00843115,-313.6932,123.59911,-11.569569,-0.18369463,-0.72227204,6.788137,-3.3416245,9.729153,2.7406101,9.104033,0.021084325,1.0274328,-5.0594697,3.255517,-1.4080651,0.65105253,-3.8945487,3.5833802,0.42918733,2.4887857
6_10665.wav,Natural_Sound,1870.0143200897087,0.08276593243634259,0.008037401,-321.23206,123.72394,-7.5611224,-0.6418591,-0.7818296,8.254874,-1.2248555,11.082044,3.1446047,7.3004446,-1.9217178,2.1164107,-3.135315,3.2097137,-2.4349415,1.2420335,-2.0437946,3.4516041,-0.5289688,2.3635554
6_10666.wav,Natural_Sound,8336.296327529633,0.7910178855613426,0.0015504642,-626.521,-34.669704,58.766014,-27.65254,27.924883,-15.645553,9.01673,-5.8590674,-2.8042784,-0.74571365,-1.4272176,-1.3341647,-1.0225008,6.320621,-11.826107,12.334577,-12.8816395,9.249121,-10.342902,5.39988
6_10667.wav,Natural_Sound,8394.234240936732,0.7944109881365741,0.0014406994,-642.1531,-33.9827,58.979496,-27.548006,30.695503,-17.854345,12.183107,-5.280434,-2.0655277,2.3469336,-3.2684855,-0.40952605,-3.9485555,4.915568,-12.542949,12.480223,-12.468022,7.4764323,-8.43886,5.541966
6_10668.wav,Natural_Sound,7627.9958711632235,0.7222877785011574,0.0013096078,-681.24634,-33.575527,50.379612,-24.6114,25.650536,-13.499494,9.4678,-4.349933,-0.6519349,0.9351917,0.460562,-2.4341938,-0.8285942,4.638996,-11.574958,12.087721,-11.921167,8.535419,-8.976185,5.3303995
6_10669.wav,Natural_Sound,8358.077149840874,0.7980504918981481,0.0015347272,-631.42505,-31.563377,58.143204,-27.88929,28.674355,-18.065342,12.444555,-4.957386,-1.6054376,2.0870917,-2.9222867,-1.780898,-4.6599693,5.531841,-11.795104,11.877724,-10.670182,7.8468633,-9.090059,7.352798
6_10670.wav,Natural_Sound,8358.06021459351,0.7981770833333334,0.0015346949,-631.4398,-31.557997,58.146114,-27.87657,28.677517,-18.069136,12.4403515,-4.974165,-1.6115159,2.0807416,-2.9127564,-1.7911814,-4.666351,5.529551,-11.799836,11.880812,-10.666766,7.859733,-9.104051,7.3379483
6_10671.wav,Natural_Sound,8367.07497120226,0.7917344835069444,0.0015168777,-651.52924,-35.12502,59.63262,-29.006767,27.62595,-15.737682,9.467292,-4.547358,-2.3377504,1.1963282,-2.554883,-0.43512344,-2.2806602,4.23739,-12.110572,13.043554,-14.981757,10.42693,-9.644451,5.439262
6_10672.wav,Natural_Sound,8322.764449129147,0.7979555483217593,0.0015112689,-628.3042,-37.10989,57.690228,-27.77936,25.720415,-12.882908,8.107576,-3.9874792,-2.5598834,0.5510177,-0.53592235,-2.6335537,-0.6545611,4.1240745,-11.084609,14.321161,-15.558344,11.473171,-10.314189,5.2614903
6_10673.wav,Natural_Sound,8426.127273231847,0.7999516239872685,0.0015872894,-635.7422,-36.30808,58.13276,-30.096899,30.121721,-16.577188,11.365264,-4.628718,-2.8150449,0.9997821,-1.2964416,-0.9036223,-2.6185558,7.2881155,-12.97982,13.196391,-12.997955,9.224061,-10.322277,6.527912
6_10674.wav,Natural_Sound,2099.973748882915,0.08135082103587964,0.0052937567,-368.6951,113.39633,15.844244,-0.58501536,-5.7502894,9.004528,-2.7023609,8.166578,2.586587,9.507118,1.262625,3.5018218,-3.1055162,3.5128934,0.32180035,4.41229,-1.7342193,2.2104788,-0.12773238,4.800936
6_10675.wav,Natural_Sound,2229.815864092793,0.08585838035300926,0.005077075,-376.3769,107.738785,26.433117,4.3297663,-6.8280187,8.881649,-1.7418143,6.6950574,0.030555902,7.6368265,0.8237728,4.216419,-2.253329,3.569961,-0.713654,3.729445,-1.4121318,3.1581178,-0.34277186,3.971066
10_11001.wav,Timber_Cutting,2102.6253183544914,0.10234239366319445,0.0055563627,-460.37006,110.960686,-1.0357134,1.840003,-2.0135527,4.6831975,0.487021,4.5692277,-0.3888008,2.1153233,-3.5463588,2.4968522,0.7013522,2.2006023,0.04350775,3.8264072,-0.93829626,3.371017,-2.876654,1.9545771
10_11002.wav,Timber_Cutting,2434.9601268495685,0.12696894892939814,0.0041803797,-445.11285,96.958984,-14.046995,6.961877,-11.2559185,-9.084963,-2.4588058,3.5299444,-8.070388,1.6411065,-3.4328501,-1.3594824,-2.2188895,1.5325006,-1.4606372,1.1288553,-0.496168,5.349894,-2.985663,4.6607175
10_11003.wav,Timber_Cutting,1723.3562697961868,0.05875424985532408,0.008080825,-578.5134,55.14737,17.534294,6.8766575,8.252394,7.855636,4.224293,1.9730445,1.5655068,2.2836812,2.6855695,2.2517672,1.8203795,2.2709236,2.2906594,1.0979804,0.41607228,0.8218164,1.2316884,1.0513234
10_11004.wav,Timber_Cutting,1828.728234978058,0.05921992549189815,0.010695315,-560.14014,53.18042,19.798641,12.080736,10.878725,7.8430905,4.031316,2.297498,0.73715717,0.66644937,1.5781083,1.6561116,0.5179685,1.0213457,1.4099294,1.7098092,1.0989866,0.41010934,0.7086724,1.3005015
10_11006.wav,Timber_Cutting,1273.827039018105,0.054942943431712965,0.006497008,-433.22818,152.86133,-10.525514,31.828186,6.0175285,-11.186931,-1.9650198,10.593605,5.849329,4.9975896,6.835091,8.923367,-0.82115823,-1.38016,-1.7030228,0.8376657,-1.3829589,1.6595187,0.47875735,1.9712774
10_11007.wav,Timber_Cutting,1431.6508404399694,0.06500244140625,0.008755773,-431.58835,141.84943,-16.556099,25.57335,5.364944,-6.740741,3.6583467,11.740254,2.4902651,0.36486244,5.1271033,9.789746,3.6813502,1.6612468,1.3493974,5.5927773,0.1084025,1.4901189,0.017219968,1.1101382
10_11008.wav,Timber_Cutting,3057.7611414791413,0.13844807942708334,0.010436565,-513.3814,50.29217,8.554045,3.1973448,-1.084177,2.1622112,-5.6161647,-11.175715,-10.755696,-5.6242685,-6.7779574,-3.2804933,-6.8895755,-5.9240794,-5.962607,-3.3710103,-4.90619,-4.2546735,-5.116973,-5.1915836
10_11009.wav,Timber_Cutting,3711.227594388014,0.16833948206018517,0.009236865,-533.5815,41.81989,2.2296715,16.666239,-7.5689187,1.6127764,-11.690345,-12.32928,-8.926049,-4.467436,-9.774688,-4.6130834,-10.570093,-3.4245996,-8.60425,-2.3595903,-8.319371,-4.1447916,-8.50417,-6.179463
10_11010.wav,Timber_Cutting,1793.0335026708092,0.021864149305555556,0.0140391765,-510.86523,80.04496,36.744663,33.195404,17.293127,19.456688,6.2907343,5.452451,1.9034715,2.9794257,2.9802606,2.64238,-2.0921006,4.28378,0.79817057,4.664934,-0.041070018,4.2013125,2.5712178,2.755075
10_11011.wav,Timber_Cutting,2019.8191711877982,0.031534830729166664,0.015711341,-477.69022,68.56129,29.73699,33.104,16.208717,20.141985,4.2390347,3.0703568,3.1434205,6.921287,2.2291005,4.236672,0.040876575,8.555341,3.8285306,6.8739667,-0.49659416,6.084717,2.0900645,5.1530523
10_11012.wav,Timber_Cutting,1371.972823630073,0.019110785590277776,0.008120127,-553.8945,26.839043,7.09549,5.4790616,5.7815614,7.7933826,7.295374,5.2428703,2.7921023,5.7739887,7.038195,7.1119113,5.7501106,4.75432,4.6575685,5.7116437,5.9461637,6.191284,5.069037,4.7070184
10_11013.wav,Timber_Cutting,2828.295140955874,0.12180356626157407,0.009318381,-486.89105,62.61988,12.5577755,26.828148,15.408474,14.197596,7.169818,3.5012195,1.5794688,3.115083,-1.0931776,2.602643,-0.18531048,3.1231089,-1.351072,1.6425117,1.5305326,-0.36154523,-0.50949484,1.4567155
10_11014.wav,Timber_Cutting,2114.52224015319,0.07197175202546297,0.007315724,-555.483,66.18656,12.368388,17.929207,8.839928,11.926197,3.6151958,3.9780855,-0.40178,2.2932072,1.5700738,1.4277155,-0.25039312,0.41864315,-0.8188745,-0.29250228,-1.689807,-2.24319,-2.9969404,-1.0324209
10_11015.wav,Timber_Cutting,3289.2632807057275,0.18490035445601852,0.0046138223,-530.5489,58.596527,9.777397,15.697347,7.4975767,3.5149689,2.7879438,3.0977407,-1.0453697,5.7093654,-3.276653,5.487143,-3.0098119,3.1032162,-1.2069811,2.4353216,-0.45604077,2.531236,-0.46945462,1.0990248
10_11016.wav,Timber_Cutting,2952.9928378799923,0.1297290943287037,0.006900201,-574.29486,56.200798,15.740734,11.212737,7.4445224,4.2626,3.262764,4.0915337,2.7652388,5.8691916,2.2895155,3.5732327,0.016362367,2.8040829,2.12007,2.584815,2.6162665,3.1635044,1.9344156,2.3384988
10_11017.wav,Timber_Cutting,3150.5040664466887,0.15035445601851852,0.005567987,-551.54114,60.728134,10.6521,8.968454,5.503198,4.7900624,5.4103823,4.790915,0.77531356,5.058264,0.8984538,6.2410235,-1.9521639,4.9147654,1.4418561,2.8403387,2.4402637,4.5097733,0.6359362,3.2483442
10_11018.wav,Timber_Cutting,2759.169037495956,0.12201379846643519,0.005141601,-593.05634,63.505985,1.2457601,1.7000914,11.880638,9.582635,4.149044,1.2543994,-2.4151824,5.1215787,8.445601,7.0382285,-0.8844749,1.5387477,3.9564612,5.493519,2.2878244,1.6698579,2.164862,4.1213636
10_11019.wav,Timber_Cutting,3151.965090104739,0.16580991391782407,0.0050464785,-544.88354,67.5932,2.866276,-0.6071591,4.730424,4.619657,1.4416817,2.1924317,-5.539441,4.5660768,3.5352583,6.7582393,-0.8255542,0.6268391,3.036389,4.3172355,2.9044359,1.0779979,1.1332941,4.578029
10_11020.wav,Timber_Cutting,2321.094796178393,0.07712583188657407,0.0082386015,-572.8852,62.94608,14.403872,5.269562,6.906495,4.35621,3.9971654,0.3706925,-1.5315958,8.139519,6.015975,7.0850215,5.1775117,3.5624423,4.104961,5.687379,4.5349917,1.9715042,1.8337462,2.9767954
10_11021.wav,Timber_Cutting,3118.0239618499636,0.1865867332175926,0.012637222,-338.99142,66.74581,-6.2887607,7.3840456,-12.470077,12.277667,-1.693807,12.325439,14.445703,12.791636,-0.9677513,4.805854,-2.0401134,1.3045425,-4.695956,0.3814542,-3.156868,0.37173942,-3.6126547,3.366706
10_11022.wav,Timber_Cutting,3519.576393922933,0.16502097800925927,0.010435676,-413.75558,43.099808,6.612912,16.55798,-3.448169,18.12806,5.9105163,17.09765,14.81784,12.701281,2.5585423,8.640833,-0.7696204,3.466564,-1.9233254,4.7079616,1.0742203,3.9849706,-0.7669956,3.8894682
10_11023.wav,Timber_Cutting,1568.028043974441,0.03908058449074074,0.010331476,-511.24478,92.515724,30.043173,11.874171,3.215117,12.008754,14.778292,16.930525,13.232815,10.347024,8.230685,7.2236905,5.587262,6.4705667,4.34408,6.2598896,4.4098673,4.0702176,2.4943252,1.835501
10_11024.wav,Timber_Cutting,2921.7315004796264,0.1638206199363426,0.030930642,-360.19196,51.47883,-8.545488,9.853475,1.2029907,1.9086219,-0.1374066,2.80334,-0.60719,2.286068,2.119459,1.6136025,-0.20052451,-0.21663009,-2.5778372,-0.5413875,-1.155436,1.8574656,-2.047423,0.67582756
10_11025.wav,Timber_Cutting,3412.388989957302,0.2144797996238426,0.0071822903,-475.42093,42.812897,-19.779488,2.4060385,-5.492269,4.931481,-3.0652754,-2.1867995,-2.2779527,-1.9508178,-1.0417597,-1.4794462,-2.4204242,0.32690084,-2.6637807,-0.7295405,-1.1496336,1.6007218,-0.17528611,0.4399807
10_11026.wav,Timber_Cutting,3246.3807195330814,0.21528455946180555,0.008958472,-444.80737,46.73809,-21.986668,8.067756,-8.900859,-4.3917747,-9.631219,-3.4131079,-5.5671635,-3.8020616,-2.2022197,-2.0471706,-4.259498,-0.51816505,-2.466012,-0.6326902,-2.6553423,-0.1809598,-1.5589796,-1.1106272
10_11027.wav,Timber_Cutting,3589.2721889503277,0.23419641565393517,0.0095732855,-476.2703,34.08315,-16.351805,11.507182,-8.157764,0.9275215,-6.8031435,1.5965768,-4.925424,-2.5618246,-4.5982385,0.7128276,-0.8545433,2.2437,-0.462689,1.118485,-1.4447638,0.14430647,-2.0124643,-0.46405524
10_11028.wav,Timber_Cutting,3549.6562115527445,0.2462745949074074,0.009418816,-505.70526,42.504925,-11.637843,2.4401813,-2.3887758,-0.16988553,-4.27357,1.765128,-6.8810644,3.8852823,-4.392943,0.9934757,-3.6404316,-1.7507421,-1.3174253,-2.0226078,-0.92094254,-0.57897806,-1.0578082,-0.4476287
10_11029.wav,Timber_Cutting,3613.9313318625855,0.19769739221643517,0.0025801046,-620.95874,41.870213,10.5665245,26.23773,9.216491,11.353633,5.2908473,6.2044735,-3.596718,9.199579,2.9232666,4.975715,0.85821545,5.222819,0.4945355,2.3657057,3.1169376,1.7548556,-1.56085,2.2296734
10_11030.wav,Timber_Cutting,4174.308360449394,0.20232702184606483,0.005660782,-559.48914,11.034232,1.4827377,5.685916,2.8606348,2.3823638,2.4607053,2.373675,2.0737517,2.077463,1.0976,1.9606264,1.5184793,1.4617918,0.75399446,1.3588214,0.56563616,0.44441286,0.6318687,0.9308482
10_11031.wav,Timber_Cutting,4070.6470977204644,0.29018373842592593,0.0027500738,-600.7241,44.487556,10.867573,2.9080791,-3.6337433,1.5400487,0.3269317,0.4605904,2.9578412,4.138854,-1.4453433,5.7049084,0.38903388,4.253286,1.95802,1.3414807,2.3534515,4.110011,-1.8097471,4.0020113
10_11032.wav,Timber_Cutting,4159.545511696615,0.31870976200810186,0.0033750634,-602.3538,39.324566,8.880149,6.3420863,-2.5846653,2.5862055,0.20956548,-1.9525274,4.0043125,2.9134302,-1.6121962,5.2073097,-0.921889,2.9415667,0.54659677,0.2969557,1.576294,2.2743657,-2.3590374,4.36269
10_11033.wav,Timber_Cutting,1259.076551514133,0.0768161349826389,0.032175645,-428.65002,107.395004,28.76672,17.62749,8.054473,4.3002405,6.1456122,8.036678,1.5605417,0.6913901,0.24951778,2.4536042,0.8327649,0.8480891,-0.75607866,-1.6112679,-3.4380875,-1.724209,-2.440803,-3.880058
10_11034.wav,Timber_Cutting,1536.7290781096253,0.10487196180555555,0.058670353,-382.06302,110.2189,10.485134,9.257594,9.086723,4.7673545,3.8857396,7.0742426,2.1427047,-0.27123997,-2.8228862,-0.9020609,-2.1591563,1.1381646,0.9649949,0.86561066,-0.82421833,2.5473888,1.300262,-0.7772227
10_11035.wav,Timber_Cutting,2180.542266747887,0.05580873842592592,0.0039940677,-596.4022,86.16215,19.790394,5.0773377,8.990241,16.537327,14.888733,15.664614,11.059297,11.257426,7.969877,8.340934,4.2413106,8.024735,5.727839,5.9321346,5.860831,4.410855,1.394849,1.0431339
10_11036.wav,Timber_Cutting,4165.904481278804,0.3474799262152778,0.0044656415,-632.513,32.226482,-15.486077,6.306931,-5.405149,-1.6331251,-3.1235673,-1.1791396,-4.7248983,-7.13223,-1.2342995,-3.0161986,-4.3430624,0.96571153,0.5998254,-2.764947,-2.6518521,1.8111334,-3.4557822,-0.8767325
10_11037.wav,Timber_Cutting,2240.8345285830223,0.05880172164351852,0.021211067,-407.28864,82.764755,12.269392,24.669373,2.2552214,12.548414,9.011636,9.2484665,11.554035,7.0644417,7.1785955,9.729134,4.0631995,8.413559,3.4306452,6.006197,2.2999637,6.3234954,1.798749,2.9473448
10_11038.wav,Timber_Cutting,1851.1920173652466,0.041015625,0.02652,-394.9565,96.35273,12.490924,24.098024,3.3944616,16.27631,10.088148,10.1240225,12.166035,8.82113,7.847132,7.0043945,3.5383334,8.615499,1.7850538,4.9094806,4.440604,8.236273,4.3043094,4.656475
10_11039.wav,Timber_Cutting,1902.4638193954836,0.12793872974537038,0.026423803,-370.08817,137.29904,-4.781424,-4.5212255,-8.218955,-0.73213434,-3.3582673,1.8127524,2.8554976,9.5294695,4.5237775,13.833349,8.20306,7.9428344,10.021864,9.459245,7.2130036,5.7031136,4.5739765,4.9479957
10_11040.wav,Timber_Cutting,1536.444399442665,0.07399721498842593,0.014421586,-375.86053,144.14569,-6.7501264,-11.949502,-14.540039,-1.4346136,-7.5845356,-0.22926508,-3.1223068,6.9347115,-5.446507,4.688671,3.826512,6.2110753,1.7088563,4.4648438,3.594383,2.7654622,2.6616592,4.8790245
10_11041.wav,Timber_Cutting,2101.728991952512,0.06609429253472222,0.028451081,-389.30453,76.72812,30.31467,17.320034,11.778342,10.679985,9.991521,7.5629396,3.82129,2.4007618,3.6780152,7.6326556,0.24128819,1.3011122,0.016461972,0.3695503,-1.3241992,0.6425731,-0.4159488,1.900838
10_11042.wav,Timber_Cutting,451.60638287865345,0.006481029369212963,0.017348945,-577.7876,78.06303,37.192177,28.175806,24.097897,23.831743,23.18727,22.666878,17.796404,18.06441,15.147646,13.591333,10.698171,10.999593,9.637959,6.9409537,4.762693,4.4394493,5.6622467,6.0198803
10_11043.wav,Timber_Cutting,2907.4903976340256,0.18229844835069445,0.026810583,-405.24634,62.95023,12.4557295,10.12137,7.329209,17.687454,11.958613,7.517335,3.429384,8.848066,5.8903403,3.2665052,3.6365283,7.885636,1.9714483,2.468133,2.2359416,4.306083,-0.08183262,0.8074704
10_11044.wav,Timber_Cutting,2947.4421080729635,0.1707130714699074,0.108644955,-172.50037,79.76631,-4.0699954,17.178394,-0.9310253,12.470516,-2.7452357,6.101998,-1.9234124,3.511635,-1.8649985,4.498574,-0.981707,3.0311346,-0.9913356,2.3528163,-3.3162854,1.110603,-2.162323,1.7194773
10_11045.wav,Timber_Cutting,4010.4575048275356,0.29662181712962965,0.041047644,-268.7101,38.7969,-11.917003,17.616621,3.5344517,14.194006,4.141222,8.621149,2.3515043,5.8947144,-0.6472013,4.615966,-0.11479891,2.7244735,-0.46093115,2.4065332,-2.2113554,1.2355462,-3.0206695,1.2346905
10_11046.wav,Timber_Cutting,2377.766732243999,0.07359709563078703,0.05165772,-318.12698,73.04342,6.4458404,17.883965,11.59085,17.483341,9.997754,10.503237,4.4403343,5.7412653,2.9947476,4.9098663,3.0927143,5.086698,1.1353512,2.3184435,-0.64974636,1.6136858,-0.77370375,1.5989077
10_11047.wav,Timber_Cutting,2172.6570146529584,0.06311939380787036,0.039765052,-323.745,85.979836,16.268513,18.730818,14.489332,18.451767,9.036562,12.254356,5.828559,7.8684626,0.58458555,1.9766103,0.34439677,5.0247846,-1.63955,1.2807869,-0.66933453,-1.2087032,-4.028969,-2.9955816
10_11048.wav,Timber_Cutting,2835.1846143675793,0.15419967086226852,0.061420325,-179.01082,71.34674,-16.214748,21.24032,1.6038709,15.876567,2.8679202,9.203018,0.64973223,4.35998,-1.2749456,3.7637985,-1.3761675,2.3142269,-1.547271,1.835586,-2.8277323,-0.6467219,-4.2347794,1.1046394
10_11049.wav,Timber_Cutting,4523.786739239676,0.4002956814236111,0.037863653,-370.96295,51.210884,-14.456061,11.909631,-1.6450862,3.8064444,-0.3700956,1.9833964,-1.21873,-1.1523317,-2.2234023,0.17876752,-1.0167073,0.7438929,-1.7604853,-0.2374767,-0.78925586,-0.24194872,0.4531739,1.993618
10_11050.wav,Timber_Cutting,1832.6567472721354,0.05125370732060185,0.003005706,-660.24146,85.23895,15.024238,8.439836,8.4919195,8.861368,1.8519235,6.3617587,6.424648,8.292116,5.814396,7.310145,4.2362933,3.6790173,-0.33233398,-2.3498297,-0.9401421,0.38102698,1.62498,-0.68049204
10_11051.wav,Timber_Cutting,1380.321270010272,0.013812029803240741,0.0019336983,-756.8251,40.701214,24.1841,20.400124,18.869238,18.483585,18.119162,16.55823,14.759063,15.195215,11.99089,12.555102,10.177173,8.873995,6.548934,6.633741,6.1697025,7.095886,7.880701,7.6664734
10_11052.wav,Timber_Cutting,3957.1421131276616,0.20158103660300927,0.007987791,-447.96304,31.792345,18.349411,33.577095,8.9828615,14.751435,9.120394,9.903017,0.17027925,11.384324,-0.7317442,6.618061,1.1638696,6.0176306,-1.004563,2.7038298,-1.5700904,1.447091,-0.7046876,3.9365175
10_11053.wav,Timber_Cutting,3485.1805120969098,0.23557761863425927,0.012132954,-384.40094,52.887768,-10.676746,34.243725,-17.896524,37.219803,-14.473992,18.999699,-7.0152736,3.0596247,-2.571701,-1.813869,-0.7587578,3.3855543,6.007316,5.755481,0.6266762,-3.2283094,-8.909688,-6.086508
10_11054.wav,Timber_Cutting,2018.4910015775426,0.0899658203125,0.0050032535,-605.2163,71.166916,11.213259,-2.7427654,-2.319393,1.7984475,2.0658064,0.9990319,-2.5432627,-1.512672,-2.8848405,-3.9284322,-3.0384753,-1.9504926,-3.7944002,-4.9037113,-5.879528,-5.2541766,-4.40337,-3.7957568
10_11055.wav,Timber_Cutting,2066.2059018151494,0.0862087673611111,0.028759696,-251.7592,114.44258,-42.99903,39.877975,-17.794361,14.838235,9.756434,-1.2580994,15.948185,-0.36617047,4.1983113,5.669399,-3.1251757,6.329096,-4.053284,5.2227826,-0.99382895,2.9604695,-0.17020781,1.3759215
10_11056.wav,Timber_Cutting,1193.397722987965,0.020799424913194444,0.003403998,-658.2655,93.618225,4.133403,21.037027,19.953636,18.417814,15.803076,17.343699,9.64705,14.11917,12.1256895,12.561008,10.627661,10.015983,8.762671,8.469429,5.4197354,5.706431,4.8936434,5.1902466
10_11057.wav,Timber_Cutting,1225.5732968373297,0.016777886284722224,0.009384328,-555.7063,83.06201,13.705623,33.16036,21.034994,22.640713,15.988347,21.547586,15.287314,14.562194,4.6550236,13.539018,6.4199185,8.5211935,3.7693782,5.4473877,6.145828,6.7037997,2.2797236,6.87913
10_11058.wav,Timber_Cutting,2683.1834061369514,0.17192021122685186,0.019059904,-233.44943,82.10886,-44.842087,30.974943,-23.00477,26.586344,-22.24067,-4.481872,-6.532161,-5.031139,-5.1250834,6.1802106,2.0939739,3.0296009,-2.1697333,4.8450418,-5.6232357,-5.097887,-8.033593,-0.197194
10_11059.wav,Timber_Cutting,2407.7010823050678,0.10077130353009259,0.025782747,-407.43222,72.56853,2.1363783,20.378698,12.25468,15.55988,13.371928,10.491284,4.2768006,8.762864,2.8275106,3.5999796,2.622674,0.86079776,0.82289267,4.7412996,1.6701035,3.1942356,0.426388,-1.1415354
10_11060.wav,Timber_Cutting,2238.4838888673266,0.04558874059606482,0.0017685129,-677.25,60.915146,-4.889368,24.851063,9.426258,5.1925898,5.708898,5.068366,-7.937535,11.932918,1.5981588,16.872185,3.9713945,5.510975,6.109023,8.74915,6.4086914,3.806585,-0.11538173,8.707615
10_11061.wav,Timber_Cutting,2638.3043716752168,0.05416078920717592,0.004991783,-658.9643,22.692404,7.379792,19.68193,10.939218,13.279161,9.920549,13.8510475,7.576695,12.265855,6.6826496,12.213395,8.020667,6.4676776,7.2533016,8.478177,8.023839,7.2379966,5.7839227,7.683457
10_11062.wav,Timber_Cutting,4269.9746705110565,0.3302024558738426,0.019115089,-415.29227,39.759113,8.179658,3.351253,9.696198,4.9941897,6.296363,5.388786,0.65156317,1.3100722,1.4091828,3.576995,2.0578673,4.6588907,-0.39478013,5.5976505,2.2755685,3.0011578,2.1352615,2.7580273
10_11063.wav,Timber_Cutting,4096.98708334795,0.29561586733217593,0.014031128,-540.15393,29.731918,19.871513,16.987566,9.703204,9.525318,6.6403546,6.9310417,4.650691,5.30079,0.33930993,1.1293348,-0.36754003,1.2282506,0.29707927,0.6508045,0.042864833,-0.06437573,0.21282895,-0.23725305
10_11064.wav,Timber_Cutting,4082.0438365876216,0.2686292860243056,0.010766453,-569.0468,23.959444,12.772758,10.572408,8.8248005,6.320746,2.7030065,4.8352356,2.8759625,2.2836308,1.85625,2.2018216,1.2257141,2.8904288,0.83332217,1.0440378,1.4284879,2.2732935,1.8548557,2.212893
10_11065.wav,Timber_Cutting,4018.45819504192,0.26478633174189814,0.0053387373,-626.0755,36.16889,19.861547,18.084425,6.4372525,3.3323102,4.8201046,4.7938814,0.5454026,4.1005735,1.1575122,1.2588416,-0.65558535,-0.07278418,0.118419595,0.296653,1.019723,1.7096063,0.22108705,1.2104853
10_11066.wav,Timber_Cutting,4647.228873148745,0.3834567599826389,0.0032521845,-659.86774,7.804789,-4.1636186,1.9891864,-22.302122,-5.1740575,-12.215041,-3.397862,-11.40462,-2.962914,-13.721253,-2.427645,-6.0932636,-2.9734817,-5.1102147,-4.379194,-4.994229,-4.6434317,-5.4954,-2.4416993
10_11067.wav,Timber_Cutting,1857.2804590947233,0.08539270471643519,0.22068335,-35.721752,127.47761,-10.488154,8.923229,-12.040238,2.49416,-8.2764845,-0.38239175,-7.1974835,3.6880567,-3.8167012,3.606302,-4.7097526,3.421338,-3.777857,3.364095,-2.864368,2.7115161,-2.463772,0.97891074
10_11068.wav,Timber_Cutting,2255.817632549615,0.07698567708333333,0.0033890898,-616.83954,66.32178,23.303928,22.18087,15.530927,16.664446,14.906108,10.261312,4.774369,9.154392,5.4305325,7.155032,3.8060954,1.6277746,1.530393,2.1694257,-1.1604918,0.61517626,0.20248663,-0.52122265
10_11069.wav,Timber_Cutting,1706.5205261701174,0.02846046730324074,0.0057704616,-645.46313,47.059162,18.492632,18.415182,11.341313,11.148523,11.121376,14.071429,8.91063,8.922919,7.8870425,5.366028,5.2175336,5.895944,6.067349,3.4876494,2.4557068,3.299912,1.9164565,1.5587977
10_11070.wav,Timber_Cutting,2768.7343278110416,0.11278392650462964,0.005810537,-486.38504,70.442604,12.985978,1.7513477,6.3099613,19.65889,17.913868,16.785656,6.642459,8.008335,5.1117887,5.416938,3.651903,5.9784117,4.8735313,1.4533105,-1.1233335,1.0050976,-2.2689447,-1.602543
10_11071.wav,Timber_Cutting,2787.4711437650894,0.12949399594907407,0.004213899,-591.6542,77.135956,15.775671,1.0757619,-9.341039,9.452973,9.351306,10.262915,9.872235,7.7371745,6.428122,3.9942324,0.9091461,4.8666687,4.2882357,2.5543365,-0.34252477,1.0845536,-0.95154727,-1.1433668
10_11072.wav,Timber_Cutting,2733.900944838263,0.10501889829282407,0.007559616,-535.7989,68.31089,3.4507272,9.637272,4.8609185,16.85516,6.474129,6.599097,4.807338,4.4529886,-0.49507707,2.495483,-1.5274223,0.11019189,-1.0557851,-0.09027188,-1.8653642,-1.2678087,-3.9927847,-1.402337
10_11073.wav,Timber_Cutting,4423.225249964943,0.33174867983217593,0.012521894,-474.12033,16.529404,-5.07416,17.531546,5.8764353,9.398725,-1.7271991,8.458527,-5.2852397,5.0258512,-6.562445,2.6788983,-5.0236735,-1.3232137,-5.837798,-2.0375388,-6.78389,-2.8375158,-5.5054026,-2.2529764
10_11074.wav,Timber_Cutting,2299.1057740033216,0.08245397497106481,0.0046786843,-555.5769,68.21509,23.890072,7.4508157,6.247712,9.795831,6.3227663,6.9799905,1.1349248,2.2652032,4.347939,5.573102,3.818486,1.8029608,-0.4954101,0.19020483,0.740309,4.054725,3.8609698,2.1431572
11_11101.wav,Timber_Cutting,4351.759183725803,0.20918556495949073,0.015471423,-447.1354,24.590757,-1.3028181,-13.524339,-9.676101,-9.697691,1.5296547,2.4639497,3.5248897,5.9210973,-4.0101047,3.6503673,-6.797332,4.8327785,1.9471738,1.6817186,-1.7654203,4.040019,-2.049864,1.8325149
11_11102.wav,Timber_Cutting,4496.687580021361,0.3575507269965278,0.04592726,-142.1101,-9.036129,-41.021942,-20.150217,-24.622206,-5.576763,-15.194416,-5.436125,-6.1357727,-9.64903,-16.959896,-9.046407,-7.1215672,-2.085185,-4.6490817,4.7930784,0.8428851,1.3144401,-5.7833676,2.050028
11_11103.wav,Timber_Cutting,4328.479564799027,0.27707700376157407,0.094182506,-68.40426,18.771214,-4.159212,20.676718,0.5441013,-6.9070187,-6.2875953,17.487473,2.0275664,15.712475,-0.43998796,8.691143,-2.4538026,8.074093,-4.8003154,2.33762,-2.792741,-1.3214592,-3.6996841,0.9060039
11_11104.wav,Timber_Cutting,4136.052815813934,0.3005167643229167,0.12721048,-27.32288,7.1547465,-29.410397,15.266258,-18.800077,-7.3600597,-10.401854,1.7749168,-7.1769905,9.242274,-0.8029003,0.82917476,-5.4448185,-1.1652312,-6.2751827,-1.9235278,-2.7730296,-4.6848707,-6.7841663,-3.3674345
11_11105.wav,Timber_Cutting,3188.1201617940596,0.1443413628472222,0.04477168,-171.85222,60.880444,11.195476,11.596627,-6.2978525,-14.781767,-12.857686,-4.8856072,-6.3652005,0.88243973,-4.0905285,-5.3411827,-15.56864,-6.8353124,-7.5088196,-5.6773868,-12.051068,-4.089394,-6.1712995,0.14840572
11_11106.wav,Timber_Cutting,4065.30967517308,0.23936405888310186,0.042356435,-172.63538,18.051455,1.164142,28.857485,-17.972948,-15.68689,-28.06412,-8.571174,-17.683634,4.0448527,-17.894667,-8.343345,-10.128562,-3.6216679,-10.951082,-5.117956,-9.271255,-5.9404945,-10.753364,0.6491124
11_11107.wav,Timber_Cutting,3314.0033796372504,0.11029730902777778,0.097373456,-95.30682,57.245586,1.1729127,10.545324,23.331833,18.772045,6.6829333,6.46325,-0.192814,6.118343,-2.808504,3.3621385,-1.1086031,0.30863458,-4.4591613,3.4917455,-5.7410064,0.88450164,-1.5049515,0.7812112
11_11108.wav,Timber_Cutting,4151.797024105064,0.37804045500578703,0.13045816,-164.71785,9.664275,-108.520805,69.30102,-118.02982,12.5001335,-51.970707,43.429092,-14.761821,-7.0353065,10.860371,10.088674,12.775811,-19.910864,-5.461646,-28.367306,7.920043,-23.903511,9.496824,-6.849475
11_11109.wav,Timber_Cutting,4153.648871192425,0.2961697048611111,0.038046986,-127.13213,37.618546,-11.770228,8.231883,2.8820171,-14.405296,10.396837,2.785496,17.882341,8.984527,-1.329156,-2.6588736,-3.8690536,7.095657,-12.879348,5.1389728,-3.5616999,1.061949,-3.1519957,-6.524014
11_11110.wav,Timber_Cutting,2297.306577382392,0.09572347005208333,0.06860449,-128.16809,109.1853,-1.9771898,-4.3873615,13.841692,13.172477,5.783438,1.9911314,0.9235988,-2.5237873,21.89308,-2.1181834,5.469244,-1.7586017,3.3433743,1.2610381,-0.84222907,-6.856369,1.1067134,1.3357292
11_11111.wav,Timber_Cutting,4740.167379339502,0.3795753761574074,0.044821218,-148.9997,20.426144,-3.2406268,-7.536463,1.4104648,-10.169292,-3.7189817,-7.7639046,-3.179308,9.523954,-2.3510633,-3.9762013,-1.4225992,-7.78309,-8.51657,-1.3854071,-1.7914306,-1.4950109,-0.72674745,1.2816416
11_11112.wav,Timber_Cutting,4914.902622281452,0.39081940827546297,0.18860428,14.506852,-0.14899728,0.6855549,8.833478,-13.249127,6.7327332,2.326683,-2.8062253,-8.459085,2.0621538,-6.6357107,0.5421114,-3.1043077,-2.705212,-12.759596,-0.3351053,-9.499226,-0.93215555,-2.7010376,-1.7461076
11_11113.wav,Timber_Cutting,1360.5203831923816,0.04405834056712963,0.0972888,-292.0011,99.116745,15.968897,35.868347,32.415676,22.84691,12.44683,23.676575,7.3204527,5.3352976,0.21324977,0.20170361,-7.077207,-2.1695707,-6.861381,-3.3523774,-5.98635,-4.2299643,-7.707296,-4.1394215
11_11114.wav,Timber_Cutting,3102.348528586419,0.1558204933449074,0.12051017,-68.71463,64.199005,-2.3150945,16.255898,-17.65546,-0.49077848,-13.092737,2.4822004,-12.053028,-3.4939148,-5.170718,2.0603633,-8.850982,-5.2991996,-13.998106,-4.7682834,-7.868784,5.020272,4.428604,5.767283
11_11115.wav,Timber_Cutting,4099.955484866378,0.29908356843171297,0.018995801,-205.66765,23.859688,-8.422192,25.837076,6.6498985,8.125383,0.85301375,6.715339,-11.094151,6.199688,1.184183,-0.97780526,-3.4290905,5.396722,-4.4758487,1.7624894,-7.048514,-6.750595,-7.4641232,-1.969963
11_11116.wav,Timber_Cutting,2253.852831983034,0.14164225260416666,0.07782952,-145.86568,106.318886,-47.59695,2.1765518,-34.098907,0.6794911,-5.764068,14.546088,11.938564,10.183513,0.8332412,9.0109005,-0.045087975,7.23048,3.5439742,-0.013597771,3.196845,2.4030817,-5.245526,0.3975857
11_11117.wav,Timber_Cutting,3791.58847669914,0.25481273509837965,0.034943227,-162.2667,37.028538,-9.378411,12.685253,-14.057163,-9.533498,-10.181883,-6.1481915,-13.01931,0.26119316,-11.897057,-4.3989444,-18.9301,-8.973123,-8.197896,-0.6906316,-8.506829,3.1363308,0.58013886,3.5904775
11_11118.wav,Timber_Cutting,2778.5776628786803,0.17659505208333334,0.01635865,-249.90802,84.72178,1.8700926,37.464382,-7.4489202,-15.54943,9.666211,24.018583,-19.324722,-5.738177,-8.083996,-3.7606456,19.827343,-21.925962,-1.8763021,-0.54209965,0.110186614,12.022717,-18.505093,6.1766944
11_11119.wav,Timber_Cutting,4669.719949343441,0.39894160517939814,0.1531908,-5.560489,3.8762271,-16.954191,8.638044,-11.362766,17.960045,-24.961996,-10.234851,-13.241703,11.252803,-13.644152,-3.7242296,-8.311962,2.7361143,-4.9495535,6.641025,-6.8534613,-3.9262235,-0.7515561,1.4583224
11_11120.wav,Timber_Cutting,3850.950418561664,0.26887568721064814,0.062087327,-79.17648,37.69926,-12.025621,12.052611,-15.613075,-1.7776237,-7.2428045,4.63978,-8.590473,7.718473,-3.0929446,2.9529507,-5.2176065,2.1705325,-0.39974016,3.7121475,3.845172,1.3913894,-2.4642746,1.2171758
11_11121.wav,Timber_Cutting,4596.7100947361605,0.36127613208912035,0.01175124,-287.84076,-17.705473,-29.650919,4.940951,-15.791549,9.39825,-2.5746155,10.909702,1.7639182,2.4223769,2.5275111,11.141664,-1.4366271,15.007369,-0.37577757,-3.4212132,-2.3287783,1.3294878,-1.3662003,5.4711933
11_11122.wav,Timber_Cutting,3964.0460818828706,0.2910743995949074,0.1439683,-22.781693,31.505322,-16.545033,2.592543,-12.107323,7.1718884,-3.8800356,1.2558604,0.26924607,9.753499,0.98901284,1.133182,-3.7600398,0.38798088,-5.8213887,-1.5019789,-5.282758,-2.047836,-0.7200046,0.8286815
11_11123.wav,Timber_Cutting,3683.5895124513127,0.3003065321180556,0.023170626,-180.80827,38.532974,-22.007927,31.191162,-26.163729,-3.382321,-18.826826,2.0913327,-21.73744,6.8621397,-8.2853155,-4.0735817,-17.537779,7.060816,-14.544866,5.3759575,-11.664661,3.7331424,-10.741407,2.1474009
11_11124.wav,Timber_Cutting,2186.7889202629067,0.14564118561921297,0.027183209,-201.46024,110.19995,-56.622112,26.17368,-18.769766,10.626539,-6.8707204,-3.1672566,-5.1805263,5.477154,-1.7992607,6.8239417,-4.8141174,-0.41600722,-7.621742,-3.9104843,-10.165324,1.2965094,-6.896162,-1.2801143
11_11125.wav,Timber_Cutting,4064.0970408068474,0.2910088433159722,0.2139206,-0.2715375,-2.851936,-42.877323,0.68250644,-20.821386,-24.16531,-8.350649,-13.314455,-16.224707,-6.5025287,-7.4064603,-10.575185,-12.591659,-13.034321,-9.67605,-2.111754,-6.623914,-5.48001,-8.976462,-1.6177843
11_11126.wav,Timber_Cutting,2844.038112395647,0.20904541015625,0.026605185,-222.29318,93.98207,25.885887,2.320949,-5.1052074,15.693214,-12.855541,12.781938,-3.4452496,5.3198414,3.0410147,-0.0072295577,0.32962358,5.5852566,-8.923177,0.62474924,-4.353483,-0.97605246,-0.4664635,-0.68251413
11_11127.wav,Timber_Cutting,3025.874731054408,0.15398265697337962,0.12358074,-61.553867,59.252777,-13.940674,24.036825,-11.153234,2.5676486,-10.111335,2.272102,1.568082,-1.4411707,-12.461112,-2.760758,-0.488823,5.106931,-5.777893,-0.8245972,-4.7780175,-0.15496594,2.4117005,4.553315
11_11128.wav,Timber_Cutting,3866.941595816685,0.2631180374710648,0.091703944,-75.33708,6.157528,-46.205673,-5.450523,-24.668566,-15.590741,-8.989095,1.474446,-5.963309,-0.51680994,-8.214048,-10.962611,-10.988367,-8.334446,-11.27819,-7.6188254,-10.511658,-7.2575765,-7.89563,-4.1314373
11_11129.wav,Timber_Cutting,3980.4318324817827,0.27232078269675924,0.06472897,-88.91197,34.707138,-17.304794,4.9272666,-20.058098,-7.244242,3.4549422,-8.254662,-4.6504383,0.04590635,-11.897773,4.108573,-10.04749,0.95299035,-0.28949115,-0.71403,-5.541867,0.29421023,-8.487609,-2.5901492
11_11130.wav,Timber_Cutting,2807.327538462245,0.1599414966724537,0.068834186,-104.25905,77.90678,-17.375883,-7.88568,-28.562061,-6.7256055,-24.53385,-4.942944,-10.146778,-12.84514,-10.650077,-5.695728,-11.777369,0.46726817,-12.301916,-1.9540627,-4.7033744,-1.316558,-1.7059228,3.1299794
11_11131.wav,Timber_Cutting,4328.8205718873005,0.3117359302662037,0.15265864,-17.113651,-0.35526416,-19.98975,10.276771,-21.7929,-8.490342,-7.8283124,-4.4891777,-1.8706317,2.6022143,-12.068036,-2.3435588,-10.656445,-4.909223,-5.2013583,-3.8774319,-6.396341,-5.3846188,-8.154212,-3.8294492
11_11132.wav,Timber_Cutting,3236.24649087619,0.11824318214699074,0.016689235,-332.3324,11.066485,-35.056763,24.083117,1.382722,11.312168,5.423031,22.123178,5.6339793,21.386936,5.166637,20.085459,5.690688,14.522786,10.746508,14.158576,-0.59631884,5.457657,1.9292703,6.977182
11_11133.wav,Timber_Cutting,3666.946770659334,0.23448576750578703,0.015720624,-241.8308,45.940983,-4.5195127,26.464355,5.0532756,-8.963423,0.53629404,-6.7998767,-0.28519794,-0.5260414,-7.7182517,4.752301,-1.2773218,0.15668134,-1.019396,2.894564,-2.4803026,6.5313425,2.3892117,6.6542053
11_11134.wav,Timber_Cutting,1744.3695479534788,0.052510579427083336,0.0100011,-417.441,94.33173,-14.677411,46.04809,15.019713,25.324516,10.916845,12.269239,11.777106,5.521228,-0.6855998,10.861412,12.714492,11.703239,-0.040535644,-0.19869326,1.7467036,1.9681971,-2.997137,4.181155
11_11135.wav,Timber_Cutting,3970.945462702742,0.29606345847800924,0.31239954,13.091109,29.691727,-8.435366,2.3117263,-17.65609,-0.027562141,3.0109568,4.9163632,-1.8615099,-2.011755,-16.82491,-5.3150196,0.57363594,3.450056,-1.8298516,-0.8932171,-5.159445,-4.547102,-6.546812,0.8649098
11_11136.wav,Timber_Cutting,3211.445431350492,0.2096851490162037,0.05498962,-179.98732,49.1169,-25.822487,18.24142,-11.884133,-5.293161,-5.200024,5.306331,-2.5185087,9.854649,-0.6648782,2.4755633,-8.595387,-3.2784564,-6.453418,-2.31155,-9.693579,-4.8539176,-8.990545,-3.7563748
11_11137.wav,Timber_Cutting,1711.9285593139894,0.10320140697337964,0.06098869,-250.75703,149.90916,-65.828674,67.62184,-20.320976,-28.12668,3.919222,-32.30129,-8.749238,-20.676847,0.3502494,-6.461899,-26.897429,14.454171,-11.0055685,-4.3265977,13.240464,-15.202022,8.223672,-3.3133829
11_11138.wav,Timber_Cutting,3349.060112243201,0.21202709056712962,0.17824191,-22.600185,68.25147,8.76258,8.367558,6.975741,2.3428075,-0.78235316,4.422633,6.577856,4.3988495,3.9346266,7.8354797,1.8838968,5.9344997,-4.3316183,1.3900584,-8.011804,0.37702948,-2.053007,6.1179495
11_11139.wav,Timber_Cutting,2399.266318331281,0.0999755859375,0.067435056,-124.07847,101.06704,17.19666,3.7976427,-24.953201,9.915969,-22.731155,1.3467438,-7.1938305,-10.327578,-7.2933083,-8.875893,-6.3324184,-11.926765,-4.6232243,-5.169515,-10.047633,-4.614046,-2.3251889,-1.8504913
11_11140.wav,Timber_Cutting,1851.5855431765133,0.07582826967592593,0.07776613,-133.391,125.99687,9.73365,4.057819,-29.371025,17.192472,-13.400732,17.20909,-7.356368,1.5155342,1.7026724,7.315671,0.6875562,5.365457,1.6770468,-8.700346,-2.7778244,-5.5361395,-12.7945,0.55083936
11_11141.wav,Timber_Cutting,3989.0278042697482,0.2726734302662037,0.06549787,-87.19493,34.265533,-17.5599,4.5629387,-20.323618,-7.2687902,3.5894015,-8.324864,-4.7505503,0.058633734,-11.839663,4.0733967,-10.044652,0.8602412,-0.19004963,-0.63336873,-5.555255,0.36327502,-8.49213,-2.5961947
11_11142.wav,Timber_Cutting,2807.3184815686686,0.16010425708912038,0.06882946,-104.2388,77.904526,-17.41229,-7.893105,-28.536694,-6.7115445,-24.571306,-4.9317503,-10.096906,-12.868635,-10.659693,-5.6988287,-11.764241,0.4701069,-12.301347,-1.9581784,-4.699095,-1.3081626,-1.7048888,3.127122
11_11143.wav,Timber_Cutting,3263.494214964921,0.1941234447337963,0.10109052,-60.51092,63.95663,0.72878945,10.365204,-10.655507,6.699377,-18.774712,0.9028296,3.2456162,11.440493,-3.0643492,0.7043628,-4.3006425,0.2202834,-2.1161387,3.1445827,-5.1668696,-3.0187511,-3.2150126,0.4875229
11_11144.wav,Timber_Cutting,4340.035954556396,0.2819146050347222,0.13536943,-18.796278,17.182468,-31.72035,-33.193863,-9.004449,-5.1918087,-14.301335,-16.253649,-10.4070015,-0.34589866,0.44276753,6.6120777,-3.0616212,1.1443936,-6.288938,-5.482077,-9.524082,1.3192296,-0.12845643,-2.9138677
11_11145.wav,Timber_Cutting,3405.8704941984315,0.1566184714988426,0.025422025,-237.88087,20.64445,-34.486088,26.647331,-1.4528947,9.879967,0.28563026,26.854324,4.2855654,20.810204,5.5965395,14.8231325,-2.755985,5.9351964,3.3572206,4.826929,-5.3832192,-2.5613158,-4.75259,-2.721994
11_11146.wav,Timber_Cutting,3558.894340802512,0.32337330005787035,0.3541533,-31.069008,3.623072,-105.045906,56.617756,-22.695982,-14.3569765,18.700418,-8.192931,-4.8945074,18.900976,-11.376478,9.460527,6.9595327,-6.6868625,12.657213,-23.59677,9.827167,-11.144173,-6.2828083,22.419796
11_11147.wav,Timber_Cutting,3940.007522661113,0.2465797706886574,0.19819772,-1.0200082,21.223213,-25.2443,-3.0856373,-19.18146,-5.5635357,-13.381974,-4.809432,-1.7286536,6.7646527,-8.244547,-0.04709127,-5.487872,-0.2188731,-3.7586887,-0.024648666,-9.627216,-7.1238575,-7.1470556,-4.535151
11_11148.wav,Timber_Cutting,3807.7270929126717,0.23665364583333334,0.018431408,-232.0167,38.43393,1.40694,24.818314,9.907375,9.616521,-4.3605065,1.2626708,-12.657453,0.55447304,-7.689445,6.109022,-7.606757,-0.41467053,3.0421488,5.721465,-2.7862046,-1.8773836,-3.387541,5.6247773
11_11149.wav,Timber_Cutting,3884.4515803286113,0.22456642433449073,0.17036502,-7.9407067,43.279762,6.31806,4.319963,-17.74662,-5.4499154,1.3862981,5.4916816,5.158203,31.12839,10.484029,7.0194297,-4.988371,-7.6351094,-9.6459875,0.9954564,-5.444694,-7.3499107,-13.287948,-5.4406466
11_11150.wav,Timber_Cutting,4573.867910177471,0.2525047019675926,0.0500355,-141.28844,-8.886297,-14.519117,13.393181,-8.881026,6.986541,-0.63288605,13.230503,-0.25682902,-1.6792982,-9.970007,0.52340484,-7.1842585,-10.967922,-14.441884,0.21791409,-7.2992864,-6.086187,-7.658142,-0.99215
11_11151.wav,Timber_Cutting,3415.1381924297893,0.17372413917824073,0.0141608585,-313.06134,32.991497,-5.0006633,17.407259,0.1800975,1.1592058,-0.78597504,11.879661,-0.8382835,18.987093,7.555604,19.629051,4.1941614,9.17271,9.279304,10.412624,-0.15583907,2.7046347,-0.36417615,3.589265
11_11152.wav,Timber_Cutting,2581.8883600911367,0.139892578125,0.14285602,-59.070076,82.28959,16.680403,38.25887,5.1212835,20.685108,15.984962,1.381312,-16.95118,6.397785,-10.596612,-1.5282197,-2.5977476,-2.8602183,-8.915029,-0.5498123,3.980894,5.941117,-4.8310547,-2.5015173
11_11153.wav,Timber_Cutting,4181.250809917796,0.2801581488715278,0.027061699,-196.09969,25.05088,-3.9158082,16.273426,-3.8379698,4.0307646,-1.3446658,11.69198,1.0163707,6.7278056,0.7045514,4.5506263,-7.692489,-1.8429557,-7.2375712,-4.3010755,-7.9606595,-4.859435,-4.868414,-3.4090073
11_11154.wav,Timber_Cutting,3220.539194258556,0.1015285915798611,0.2045997,-50.54956,32.952946,-21.369173,8.377108,-17.03031,-9.868995,-7.892525,-7.335385,-12.498797,-4.7894797,1.6208732,-5.9860287,-9.723287,-10.39131,-13.878097,-11.90757,-9.009609,-5.0498433,-11.614354,-10.895795
11_11155.wav,Timber_Cutting,1706.1586961216133,0.05127405237268518,0.0035792065,-504.29047,111.70279,-5.912254,18.071547,2.8470318,8.678722,-0.1052736,2.7285233,0.2687619,10.018398,7.899091,7.708436,1.107311,4.5685034,2.8885133,6.1028166,-0.5531653,1.1697742,-2.0710495,3.7698855
11_11156.wav,Timber_Cutting,2463.6465877785736,0.12905092592592593,0.015695702,-283.50046,87.46707,-9.745814,37.656563,-29.51282,-10.508101,14.429479,-2.2458103,-8.343554,6.0431337,-12.557713,-9.647601,-6.544422,-3.2210248,-20.502481,2.2227063,-16.160393,-4.603948,-8.257508,-4.013225
11_11157.wav,Timber_Cutting,3240.623234686581,0.2091064453125,0.092107296,-116.362236,61.606194,-26.211601,-10.303015,-14.540546,-0.7253616,-6.42447,6.4796333,-2.5278444,9.159072,1.9151992,14.192252,-1.7802604,5.4023266,-1.2282953,2.0728247,-1.5914857,3.908225,-4.0735126,2.1712782
11_11158.wav,Timber_Cutting,3440.861980947691,0.22834382233796297,0.15116742,-4.0296564,46.937725,-34.699665,-2.551404,-11.648296,-12.671999,-4.528462,-8.996167,-7.737959,7.7677646,-8.705276,0.3355638,-12.688157,-3.4861467,-5.366894,2.323744,-4.4367566,1.3369186,-4.4415827,-3.225786
11_11159.wav,Timber_Cutting,4078.962731784133,0.32517722800925924,0.03337508,-156.5085,18.107988,-29.2,22.073574,5.039794,1.5782784,-12.790777,-8.969008,-12.803487,-6.6645455,-1.706257,-1.736588,-11.6935,-8.038761,-6.4828343,8.097845,-7.848135,6.2987366,-6.5098867,11.820149
11_11160.wav,Timber_Cutting,4073.975887530615,0.31905562789351855,0.02918113,-159.80563,26.995682,-17.52987,21.049572,2.5668595,5.740151,-9.966521,-10.908149,-10.313432,-1.7631112,5.64724,1.3763928,-8.233131,-1.7852422,-5.235295,5.5899253,-9.419568,2.9441164,-6.46799,11.226198
11_11161.wav,Timber_Cutting,3804.9199395668716,0.2878124095775463,0.033538144,-150.71553,40.271015,-15.138589,23.759111,7.548188,7.536753,-10.823887,-2.486571,-8.710654,-6.618954,0.04729635,-6.6739306,-8.873375,-2.9110765,-6.9247465,2.5024216,-7.3512087,-0.34891397,-9.83232,6.066846
11_11162.wav,Timber_Cutting,3941.975239603737,0.31154830367476855,0.024518503,-178.3886,31.603334,-25.648829,13.284051,6.552387,13.452523,-13.654708,-7.274476,-8.687285,-6.1202297,-7.17177,-7.3048377,-10.208512,-4.0748653,-7.3694253,5.7252026,-12.219697,-2.4916942,-14.046228,0.6139271
11_11163.wav,Timber_Cutting,3603.4215581730386,0.26130054615162035,0.015444782,-226.36864,45.84751,-14.928939,20.378048,7.4967427,12.015094,-13.291463,-9.890288,-9.605538,-10.195866,-2.8451848,-6.7363944,-7.7063894,-3.7939377,-8.16599,-0.55928457,-12.171265,3.2100163,-6.7056003,3.9350069
11_11164.wav,Timber_Cutting,3289.372257427982,0.22517225477430555,0.02216276,-201.46661,57.105244,-18.346586,17.78776,8.807324,14.806573,-13.491021,-6.9123526,-8.188358,-6.2210603,-3.2736533,-11.438269,-9.205665,0.6928344,-4.781598,2.9205723,-9.719743,-1.0141077,-7.785023,0.7155928
11_11165.wav,Timber_Cutting,3494.8228589772607,0.2043479636863426,0.04048383,-165.97205,60.056087,10.944808,11.143858,-11.651664,-3.3526964,-10.049677,-13.477282,-14.710288,-6.8236456,-7.1632533,-1.2101016,-2.7507935,-3.701428,-2.993704,1.5165632,-8.128057,-4.376763,1.4780072,-1.6193161
11_11166.wav,Timber_Cutting,3878.0716974021434,0.3385303638599537,0.08240463,-226.64168,26.167599,-91.97216,63.854225,-102.21227,11.611297,-46.606777,35.765697,-7.6351047,-10.094006,10.283766,4.3218517,10.698431,-16.339296,0.18710384,-26.49554,3.3342352,-17.775356,8.619198,-4.5188046
11_11167.wav,Timber_Cutting,3491.595375254465,0.24312789351851852,0.03246352,-289.26233,54.374374,-2.817419,2.6103916,-12.652877,3.6638625,-8.57925,-11.583157,0.6434518,2.1832693,-3.277446,4.9588327,-7.327908,-0.29389712,-4.7771673,-3.546645,-0.99475557,-2.2707527,1.3589526,4.974694
11_11168.wav,Timber_Cutting,3606.3890837010167,0.23106553819444445,0.032207336,-282.31653,48.12709,4.460911,6.3753834,-12.237184,9.410444,-0.5495148,-13.214921,-1.2948768,3.920064,0.8841011,6.9273224,-5.209224,0.43049064,-2.3830245,-1.5977801,-2.3824642,-5.46751,1.0894265,0.8231778
11_11169.wav,Timber_Cutting,2160.2232881930345,0.08593976056134259,0.11137524,-58.234356,108.09174,-4.9881344,20.333529,-7.2351813,-5.498441,-7.555735,0.03834727,13.324501,-0.66961646,-0.33847973,2.5605378,2.2789974,-4.2256165,-2.324454,-5.5179195,1.1588758,10.546648,4.5617514,9.954634
11_11170.wav,Timber_Cutting,4605.718644174871,0.33705873842592593,0.08546678,-73.30721,14.3184595,-6.4396725,1.7746396,3.3127077,8.835918,-2.917189,-3.5698557,-10.206251,-3.9578414,-3.203535,-7.592516,-4.033033,-1.4813336,-6.5749674,1.5068532,-10.6993475,5.4367695,-8.682379,3.0794113
11_11171.wav,Timber_Cutting,4466.815548855561,0.30518482349537035,0.08070706,-64.95507,19.436184,-10.178912,-4.567733,-8.2345495,-4.7474146,-8.772769,-5.1309133,-11.26382,-6.0370994,0.07589594,-3.5306752,-2.2768764,-1.4513624,-4.47629,0.8686385,-8.102104,6.686338,-4.4707117,4.269334
11_11172.wav,Timber_Cutting,4040.760471135393,0.2995560257523148,0.039673097,-146.34799,32.004227,-15.4645815,3.5180502,-6.9106803,1.7295709,-5.7450323,-1.6577965,-3.790841,0.8702793,1.5912828,3.651267,-8.627382,-1.6333753,-7.4882364,-0.06203362,-11.3183,5.6908092,-7.309369,4.3563037
11_11173.wav,Timber_Cutting,2278.861322350823,0.061543782552083336,0.108574234,-86.22767,100.27856,15.51084,30.196262,13.632233,-5.557651,-6.6470203,-5.287771,6.6249332,-0.19080608,2.0133436,2.0181873,2.1670856,0.008311845,-0.3275915,10.453935,-6.590998,5.621219,3.7382898,7.077013
11_11174.wav,Timber_Cutting,3822.417002746073,0.26359275535300924,0.023425141,-201.12704,44.06906,-6.4319,2.4855695,-1.5620117,-0.5230377,-7.964192,1.5524812,-5.468171,0.26757818,0.56884664,-0.32429448,1.7351679,1.7764007,-3.988384,2.1462686,-11.829101,3.2141666,-8.246251,3.4551544
11_11175.wav,Timber_Cutting,3288.561819705774,0.22734013310185186,0.020762015,-256.74826,71.76873,15.400999,9.641194,3.8112333,-0.9233155,-0.761777,4.0079794,2.635754,1.8818609,6.06025,10.370307,2.2252588,4.2183475,-6.233951,0.32128307,-8.591448,-0.7186831,-1.7922419,8.197392
13_11301.wav,Timber_Cutting,3336.894222700372,0.2268744574652778,0.021287886,-258.3445,32.74979,-58.254807,-9.970014,-17.133741,-1.8744315,-13.016291,-6.824175,-8.52014,-2.8354533,-2.6046133,-3.9074235,-9.0734625,-4.3187017,-10.15822,-1.5978624,-7.324921,-0.8570301,-5.920941,-2.3509507
13_11302.wav,Timber_Cutting,3203.996107607192,0.21336760344328703,0.011209683,-318.50864,43.549786,-48.921696,1.034725,-17.859646,1.1900003,-11.550544,-10.020948,-10.228186,-6.294709,-7.901401,-3.7988918,-3.631995,-0.8909058,-6.906978,-0.30031943,-8.420892,-3.5229511,-7.744284,-3.626726
13_11303.wav,Timber_Cutting,3147.2476540957964,0.21390561704282407,0.015591478,-311.83932,41.1384,-60.340553,-1.1124223,-12.011971,0.6084931,-10.016752,-5.4087954,-12.817323,-7.574901,-3.099727,-2.13653,-8.683764,-3.9972224,-5.767457,2.0196745,-5.1568794,-1.9164076,-6.5243597,-2.4490488
13_11304.wav,Timber_Cutting,3060.0776704621494,0.20130298755787038,0.018849062,-285.09988,46.708523,-53.313644,-6.4710884,-28.608683,-7.297402,-21.501698,-14.414546,-15.996738,-13.342151,-12.087579,-8.320031,-8.506852,0.9587353,-2.0905836,1.5652422,-8.378144,-2.0244195,-7.019762,-1.2584177
13_11305.wav,Timber_Cutting,2940.7685332401834,0.1522148980034722,0.018012144,-299.3483,85.04562,31.234274,3.205464,-15.044384,7.99575,2.7908597,-7.868593,-7.3017855,1.133947,-10.509892,7.560047,-11.808183,6.254129,-18.647282,0.44548136,0.86981136,1.6304637,1.7564957,-3.4693549
13_11306.wav,Timber_Cutting,3085.922305230237,0.17639612268518517,0.013122249,-341.14178,75.5504,20.312162,4.2776804,-10.294889,12.26348,6.9669166,-3.7983217,-2.3548567,6.267608,-4.4292164,12.176363,-7.444449,9.849771,-10.505348,0.24639475,-0.7206487,-1.5002093,-0.15772621,-3.9712286
13_11307.wav,Timber_Cutting,2809.4102150996496,0.15645571108217593,0.03287672,-223.38046,88.89666,7.7117214,11.597081,-8.941126,-0.86977994,13.902998,-1.8676805,-7.580065,-2.0876937,-2.4402905,7.515551,-16.68538,10.655938,-12.766602,9.066298,-9.009673,5.2496033,-0.976775,-0.93100935
13_11308.wav,Timber_Cutting,3978.72390071989,0.28585250289351855,0.002705003,-446.93393,22.145153,-7.7578983,12.303361,-16.895805,11.398761,-10.336785,2.838671,9.040505,-2.20432,6.5480084,16.411371,0.39235023,18.56535,1.7992495,4.5596585,3.361943,-7.325225,-4.420461,0.28948164
13_11309.wav,Timber_Cutting,4032.754855912449,0.25431541160300924,0.00280346,-461.785,15.506847,-14.481048,5.585906,-16.283932,6.072788,-14.348356,1.5313624,3.5208147,1.809317,5.6319275,18.107594,2.5792036,17.782648,2.2985692,5.4938984,6.839614,-2.9334881,-1.5924269,1.4656318
13_11310.wav,Timber_Cutting,4008.6454247769584,0.24013491030092593,0.002627546,-457.2414,22.131327,-6.4781566,4.6765924,-13.974642,4.7158656,-11.3505745,-1.625651,1.8299292,3.406692,6.9952025,17.021835,1.4406543,16.06215,-0.48809886,7.218933,4.430599,-5.306467,-3.2960663,1.881186
13_11311.wav,Timber_Cutting,3327.996644370512,0.20960376880787038,0.021028563,-285.655,50.433857,-16.813622,18.300816,-4.096085,12.406591,-0.28290436,6.2771945,-9.2341175,14.632136,-3.5468335,2.3352382,2.1606069,3.1292493,0.2690603,3.5302076,-2.886136,4.5736203,-3.3949645,1.9395189
13_11312.wav,Timber_Cutting,2517.9408765444277,0.13599989149305555,0.017301379,-357.72876,70.4704,-12.178937,50.8148,5.6573586,22.775234,0.82497054,8.932811,-1.4077177,-5.0740323,-1.2833389,-4.5461373,-10.877728,-4.3864007,-4.8758516,0.07030192,-2.1688132,-1.6055672,0.5007466,1.0053501
13_11313.wav,Timber_Cutting,2764.315460062668,0.10956036603009259,0.081432134,-162.80156,64.245155,25.74306,40.0383,21.10984,11.008976,5.132523,6.1278777,-6.2190957,6.2015076,-4.607878,5.4777246,-1.4394107,3.4544773,-0.7998664,8.034012,3.2549696,3.5682125,0.60717225,9.086043
13_11314.wav,Timber_Cutting,3272.4665535624567,0.20281530309606483,0.030002521,-278.87952,59.57393,-15.372939,1.3789653,-6.220064,-3.1715484,-2.8840365,-1.8274834,-6.71515,-3.3976378,-6.6473355,-6.890885,-5.7293124,-4.6509166,-13.013114,-6.314518,-8.873,-2.3093932,-5.6607757,1.538157
13_11315.wav,Timber_Cutting,3639.5729732796017,0.24460404007523148,0.045418404,-119.26074,39.708023,-29.6455,-2.2853792,-4.8373322,-4.269919,-3.532039,-0.7326162,-8.850411,-4.142719,-9.712789,-8.525813,-8.328759,-6.58136,-13.380518,-9.69318,-10.488804,-5.3585715,-7.359686,-1.0912527
13_11316.wav,Timber_Cutting,3539.2882082999213,0.2394703052662037,0.04030473,-146.35945,43.165024,-32.4503,-5.350482,-7.934679,-4.773162,-3.159738,-2.4128985,-8.719134,-4.1361184,-10.71779,-7.3839507,-8.676197,-6.573641,-12.577852,-8.0961485,-9.295073,-3.180606,-6.1186705,-0.20094205
13_11317.wav,Timber_Cutting,2748.4602861237686,0.1468438042534722,0.037200592,-278.60495,69.31326,1.6000121,9.405406,-3.7587316,-3.389175,-5.453055,-7.787055,-10.763593,-4.359356,-7.645685,-4.3919444,-7.4410806,-6.6355433,-10.552904,-3.1245754,-6.208248,-2.8059354,-3.7529736,0.95974165
13_11318.wav,Timber_Cutting,3356.449783420032,0.20622875072337962,0.056673925,-127.79037,56.008617,-14.914252,1.0174035,-8.263692,-7.367296,-8.0182085,-9.747833,-14.118976,-6.3254814,-9.618702,-7.4196777,-10.076509,-9.905629,-11.931606,-4.7271924,-8.475118,-5.140192,-6.8421416,-0.71996
13_11319.wav,Timber_Cutting,2818.4874728137866,0.16027379918981483,0.02008371,-269.99533,67.99469,-10.993257,6.1381845,-3.7392657,-0.60052407,-1.4360414,-3.9400494,-12.340524,-6.4390016,-9.504268,-6.061615,-7.194526,-4.041111,-9.536054,-2.372471,-5.2626705,-2.7085052,-6.0588064,-0.51116616
13_11320.wav,Timber_Cutting,3234.3600192139847,0.19412796585648148,0.02564107,-250.34073,63.27719,-8.851281,4.7180166,-2.901848,0.77911913,0.23693593,-1.0216578,-8.807052,-3.4912055,-7.7089224,-5.7995167,-7.325071,-3.4573338,-8.64557,-2.7662637,-5.664968,-0.42456472,-5.7386985,-0.5328807
13_11321.wav,Timber_Cutting,2849.3543999194485,0.15617766203703703,0.01564064,-296.8545,76.78615,-14.258916,5.590115,-4.5209527,-2.7119787,-1.2271371,0.80080783,-6.3818064,-1.1457797,-5.3362813,-2.3536332,-6.1301913,-1.156727,-7.1670747,-0.9844687,-3.813616,1.4884542,-2.850665,0.8711791
13_11322.wav,Timber_Cutting,1861.0880547574677,0.06316008391203703,0.017952124,-330.68628,105.636765,-3.8789768,15.32626,-13.319465,-8.510601,-3.7007093,-8.039754,-0.5420231,-4.3147163,-4.142172,-0.64446455,0.39091957,0.43519595,-7.3966227,0.32094792,0.17777513,6.9691935,-0.7182461,8.764982
13_11323.wav,Timber_Cutting,2244.1587293543175,0.09110514322916667,0.010624035,-365.12128,95.978035,-4.4752064,10.080668,-11.260066,-0.21093036,-2.9277394,-9.22392,-1.1052098,-2.211013,-8.337542,-5.1334186,1.7517301,4.045561,-9.562797,-4.9979205,2.4812007,9.165048,-2.6825793,5.139811
13_11324.wav,Timber_Cutting,2113.324028774037,0.0743091724537037,0.016548475,-313.16464,97.5959,-0.25294906,14.787535,-14.6628895,3.11356,-5.0320253,-8.599383,-1.9808177,-9.19286,-7.406418,4.648218,0.4189283,-8.582746,-11.097857,1.9633932,4.2115383,9.428933,3.8881714,6.343455
13_11325.wav,Timber_Cutting,4575.333021259767,0.35137939453125,0.031010976,-192.32591,5.5316677,-22.7661,-1.2400945,-2.7815456,-14.144993,0.32119042,-1.840072,-4.5468006,2.3295014,-6.0404105,3.1017334,1.4110482,4.3051815,-3.8273802,1.393307,-0.47008342,1.5754362,-3.8413985,0.3285754
13_11326.wav,Timber_Cutting,4762.759814691094,0.3712180808738426,0.051282987,-133.76622,-7.091442,-29.594852,-5.089982,-5.5084434,-18.413162,-1.748263,-2.8476405,-3.4667025,2.0960155,-8.029688,2.2936995,1.3280457,4.930836,-3.9816804,1.0958743,0.9398801,4.73597,-2.9636538,0.6458152
13_11327.wav,Timber_Cutting,4547.092666713857,0.34488480179398145,0.04219501,-156.79466,1.9191389,-31.618118,-6.755909,-4.752436,-16.79503,-1.3703399,-1.2382779,0.4925848,3.3934915,-6.1033835,1.9071695,-0.4286883,2.2336066,-4.236898,0.61833674,-0.97324955,2.2065253,-3.6625533,1.7599405
13_11328.wav,Timber_Cutting,4667.64756251414,0.3553738064236111,0.031773772,-198.77861,4.767154,-20.571692,-2.556601,-2.4410532,-12.878158,2.0599988,-0.76119655,-3.8343089,3.084489,-6.8174243,-0.4999716,0.5197639,3.3974981,-3.5816836,1.044635,0.16441272,4.535205,-2.5864272,2.1226637
13_11329.wav,Timber_Cutting,4599.72620878255,0.35004566333912035,0.03972926,-157.76976,9.636051,-22.879606,-7.4330325,-2.5915844,-14.549004,0.22175887,-1.9514257,-3.555321,1.306753,-6.6206045,0.8648824,0.45829448,5.1199884,-3.5191786,1.0979174,-2.022549,3.381306,-4.2734914,2.2675326
13_11330.wav,Timber_Cutting,4535.060787297056,0.3394119827835648,0.036150936,-189.34636,8.061672,-24.543037,-7.971683,-5.120127,-14.532109,-0.7866679,-2.160975,-4.22663,2.2666879,-5.4559326,3.1327405,0.33220497,4.9130273,-3.4069803,0.25300097,-3.2102177,0.8825363,-4.687301,1.8557291
13_11331.wav,Timber_Cutting,3502.4350311528915,0.15484167028356483,0.0031844336,-443.41275,56.656296,29.146719,22.605017,5.113804,7.3055763,4.000143,0.7903311,3.8712244,1.1601864,-3.559144,6.540948,-3.502466,2.1726422,-3.3370023,2.6547327,-1.3028053,1.0379145,-2.3525445,1.3747998
13_11332.wav,Timber_Cutting,3856.606483110695,0.1991848415798611,0.0038366546,-412.71707,50.700104,32.013496,17.660666,6.445709,7.3792834,0.27168068,0.8303165,1.8058047,0.2271979,-4.4592786,3.4914904,-5.119459,1.0176519,-4.481919,3.2802446,-0.0044400073,1.9993247,-0.9612545,2.0518618
13_11333.wav,Timber_Cutting,3312.4079662089935,0.1544528537326389,0.0038983943,-455.5445,54.69834,25.080612,17.16241,4.0833864,4.819741,-1.5479349,0.2038316,-0.4324018,0.8921578,-5.134622,4.85478,-4.012943,2.301709,-3.438449,1.3725241,-1.1762037,0.7886635,-2.0867925,1.2136476
13_11334.wav,Timber_Cutting,3298.1174134540424,0.17033781828703703,0.0047836923,-420.14395,61.41624,16.983242,13.082165,2.565318,2.7216825,-4.044214,0.8271634,0.07211256,0.20248617,-4.11599,3.6691077,-3.8981154,2.1594086,-3.243685,1.1454248,-2.0105548,0.6463276,-1.9259206,2.011912
13_11335.wav,Timber_Cutting,2624.7312409451642,0.11919713903356481,0.0586071,-320.03833,74.97214,17.917055,10.642861,7.9339542,10.208209,-1.0857762,7.990768,9.043236,7.823998,0.2339113,4.0698814,3.0524836,3.2386327,-5.023843,5.4135733,1.1567854,1.1682168,-2.4953272,1.2380264
13_11336.wav,Timber_Cutting,2402.2392231234753,0.11157452618634259,0.08049732,-211.39812,90.5397,19.688856,13.868992,1.3471731,8.543911,-9.085536,2.3338454,3.8780231,6.636416,-0.9239478,-0.70006126,-2.2358882,1.8830392,-4.597332,3.4481905,-0.84342307,0.0974143,-4.1800284,1.1619699
13_11337.wav,Timber_Cutting,2297.2933819367045,0.10384340639467593,0.092913866,-98.35098,101.033165,9.873919,13.234825,-15.079324,9.152636,-14.8154745,2.5104003,-3.999579,-1.5992949,-4.213831,-2.2097526,-5.632763,2.0571346,-4.181135,-0.107934676,-6.817672,-2.8248453,-3.5901332,1.7999812
13_11338.wav,Timber_Cutting,2522.346011649355,0.13041630497685186,0.08396174,-102.131836,92.471275,0.8570773,14.166481,-17.522154,5.4643836,-14.30507,3.1142101,-2.9535284,-0.92460144,-3.0291867,-0.33010536,-5.065796,0.3436912,-5.863328,0.19874011,-5.776461,-3.1070807,-3.6707952,0.6023267
13_11339.wav,Timber_Cutting,2446.1604739086824,0.12315764250578703,0.06460189,-219.87958,89.606735,2.9093227,11.894164,-14.374722,4.5298166,-7.2588997,3.568039,0.46204287,1.5337874,-2.008198,0.48204124,-2.7366245,1.8430085,-3.174231,0.8218763,-3.54341,-1.4587259,-2.0728254,2.148582
13_11340.wav,Timber_Cutting,2720.3514352918396,0.14679407190393517,0.073626906,-172.5653,83.49358,1.0950478,14.500348,-16.801807,3.4624865,-10.1487,2.4378278,-4.1924767,1.3393409,-1.2965411,0.16917509,-5.476886,0.092975885,-3.6806443,1.3759491,-2.8039396,-1.1176531,-3.9269454,2.5637364
13_11341.wav,Timber_Cutting,2115.5878532899565,0.10161449291087964,0.0054222695,-447.1169,89.481544,-4.823733,11.33219,19.44514,8.613926,-6.476818,-8.672634,-2.3580453,3.9328635,-7.6850758,-8.412738,-1.3215657,-2.1863794,-9.000411,8.834461,-4.9048343,-17.319567,2.8707416,1.7486857
13_11342.wav,Timber_Cutting,1974.4429623996916,0.089599609375,0.0048437812,-457.60388,90.46182,-5.230933,10.804365,18.9354,8.45338,-6.348471,-8.82815,-2.2733247,3.580925,-7.744831,-8.513996,-1.6022569,-2.5574777,-9.109835,8.7859535,-5.123342,-17.143246,2.8225615,1.7860613
13_11343.wav,Timber_Cutting,4387.113606525167,0.3025987413194444,0.0065879347,-360.42145,25.364796,6.1726694,16.292597,6.7742405,-8.909231,1.6249563,0.6823765,1.5445974,9.545207,-3.0715563,-1.2699461,0.91818875,5.4668193,-1.2778722,-0.7507199,1.1568195,3.8896406,-2.931255,3.0974085
13_11344.wav,Timber_Cutting,4473.997528107918,0.3233439127604167,0.02046409,-239.57881,12.935644,-14.404236,6.5631385,3.9348469,-14.045625,-2.022078,1.7240179,-3.0908298,4.408188,-0.0137500055,1.2682837,0.1855483,4.3065734,-3.2147474,1.2122332,1.7466706,4.110319,-6.3837576,2.5555308
13_11345.wav,Timber_Cutting,4429.633279183764,0.3195529513888889,0.022197232,-219.39508,14.448888,-20.48239,-1.1558425,3.7141058,-15.537406,-4.6744556,3.3763077,-0.6536583,-0.3471233,-3.474407,3.4470236,-0.21142195,2.204682,-1.588783,1.987253,-1.3685865,3.0391672,-4.4104257,2.3942554
13_11346.wav,Timber_Cutting,4541.273727030088,0.34686279296875,0.038959973,-171.69994,-2.60462,-30.081348,-7.188485,-4.6293416,-13.274461,1.194811,0.98614514,-1.0984118,2.7138753,-6.2151217,-0.05940929,0.7737628,3.0363703,-2.5751092,1.2609236,-0.15462716,3.3637357,-4.218986,1.7207521
13_11347.wav,Timber_Cutting,3931.028731809652,0.29881908275462965,0.037874326,-231.19359,-3.8392763,-27.814955,-7.5859933,-5.069598,-11.829772,1.2545042,0.03568826,-1.4557092,0.7645001,-5.33438,1.3037924,0.73323935,1.7370112,-3.127716,2.0971973,0.0061694253,2.3251286,-2.3965397,1.8604283
13_11348.wav,Timber_Cutting,3531.2300978276967,0.20775915075231483,0.013519959,-376.05215,51.842358,-2.0460007,12.747291,2.8110597,13.033497,4.8586993,8.4678,6.0625496,9.832667,-11.506852,-1.0397424,1.8361964,-0.4529267,-7.3826966,1.2884163,4.017773,0.6280633,-9.417243,4.1846066
13_11349.wav,Timber_Cutting,3993.8647765485716,0.2774952076099537,0.02323197,-292.5503,32.908443,-1.9042633,13.99163,-5.493668,12.845982,-8.842955,12.031215,5.9276924,11.8912735,-10.172563,-1.0104867,-8.636764,0.95726633,-7.7070246,-1.9135996,-2.182498,-1.3050781,-6.3033223,-0.21092167
13_11350.wav,Timber_Cutting,3492.0622026526366,0.22829182942708334,0.018514775,-293.85968,34.8365,-15.098547,10.872245,-4.2570825,9.737279,-8.69222,8.525969,2.6805277,9.895344,-10.588456,-4.9328213,-6.6068673,0.8535912,-8.4980545,-5.20448,-3.2774827,-1.9891009,-6.3775644,-2.6281896
13_11351.wav,Timber_Cutting,3779.304609550717,0.2563612196180556,0.016551925,-282.40646,32.885735,-22.031055,4.6899137,-6.4340444,7.261547,-11.267498,5.7330804,2.7717352,12.264551,-12.831029,-5.708287,-6.1952953,1.506782,-8.997332,-5.1946354,-3.9677832,-1.228697,-5.5714326,-1.9163938
13_11352.wav,Timber_Cutting,3907.642604947305,0.2851698133680556,0.010465693,-388.819,36.6013,-18.080503,1.4070878,-4.4835663,4.3980207,-7.8485355,11.217865,2.180086,9.746469,-14.661022,-2.150328,-3.847206,-0.35650295,-13.956782,-4.8664174,0.1884386,6.007322,-3.6770463,-2.4067366
13_11353.wav,Timber_Cutting,3651.801261109194,0.2322116427951389,0.01678243,-372.1093,46.537178,1.6670436,11.110371,-5.3312507,7.452877,-4.273879,11.154882,4.819493,14.786308,-4.0695577,-0.6507274,-2.3004715,2.7118597,-5.6582165,-1.0600787,-0.84989524,-2.3448987,-5.4944143,-4.6400523
13_11354.wav,Timber_Cutting,3719.477582695094,0.23885317201967593,0.011645589,-418.11765,42.726727,7.580478,11.299981,-1.5508044,2.5914783,-1.9373589,14.542498,8.109657,16.899002,-5.4162087,1.6842592,1.2477027,-0.7456298,-7.335244,0.47516385,-1.53276,-0.17344826,-3.12946,-4.17703
13_11355.wav,Timber_Cutting,4146.410269765914,0.2658013237847222,0.01354778,-455.5131,39.430576,9.128442,14.1664295,2.8981802,5.472214,-2.617178,7.617764,6.232865,12.875886,-4.3721538,0.8220818,1.0400735,2.6374898,-5.02363,-0.16358648,-2.4281154,-2.3779643,-2.9646618,-2.1413314
13_11356.wav,Timber_Cutting,4372.24421674813,0.3579508463541667,0.0028054798,-457.61868,9.333227,-14.644606,19.827837,-6.9564066,3.3713007,-6.010433,5.7507176,-9.256524,2.721383,-1.4148657,2.2936938,-1.9364675,2.2825031,-1.2212538,2.630389,-2.203718,1.9067442,-2.7408586,1.3419726
13_11357.wav,Timber_Cutting,4209.300532097837,0.34431514033564814,0.0040921727,-381.88007,2.9181235,-35.189228,16.073154,-5.2886047,4.1378593,-9.561761,5.361285,-14.2123575,-1.3279246,-3.4424484,4.571426,-1.9139357,1.6929202,0.16756667,3.0357072,0.81386566,1.2988561,-2.8624272,2.3120055
13_11358.wav,Timber_Cutting,3940.225854117348,0.31354663990162035,0.003336403,-421.58926,8.296003,-22.178633,22.109316,-3.9177213,3.6996932,-9.225774,5.0575876,-12.831878,-1.8960798,-4.419975,1.4756689,-3.7490985,-1.4497633,-4.0941305,-0.90454596,-3.9081166,-0.5367096,-3.9293976,1.1397707
13_11359.wav,Timber_Cutting,4006.2234264987474,0.31939697265625,0.0058410233,-367.58865,14.5397,-30.394278,18.080173,-10.015102,-0.37777638,-10.596302,7.248279,-9.088792,2.3813431,-5.6002545,-0.6307122,-3.4579782,0.79795504,-1.4592284,1.6552119,-3.2452092,1.2371314,-4.5060606,0.035177514
13_11360.wav,Timber_Cutting,3901.9180787165456,0.3003336588541667,0.007910578,-326.30945,5.163568,-51.686646,7.1499424,-10.2098675,-0.4761361,-12.651613,8.295747,-7.1376224,2.9753053,-6.8944387,-1.3096906,-4.8265142,-2.1577604,-2.7457933,1.7095019,-3.6245098,-1.5241257,-5.0405173,0.60567206
13_11361.wav,Timber_Cutting,3775.5460491950703,0.2957130714699074,0.008352755,-326.98285,8.622347,-48.894882,8.148863,-10.939484,-0.026608996,-13.21671,6.3774967,-8.157954,1.8043536,-8.9710245,-3.0038884,-5.3755646,-1.7551466,-1.2011162,2.8667002,-1.8878793,0.16133665,-3.219112,2.1437247
13_11362.wav,Timber_Cutting,4198.601312896899,0.3442314995659722,0.0065717916,-358.65103,-2.9637969,-41.58044,16.484444,-11.485059,1.2057031,-12.062914,6.541146,-9.590773,3.2911136,-4.890259,-1.715767,-4.465939,-1.1210397,-1.1181185,3.2767413,-0.74817955,1.9458765,-3.312418,3.377243
13_11363.wav,Timber_Cutting,3853.6691802489227,0.30030427155671297,0.0068318467,-356.28793,15.685775,-36.288017,17.235935,-11.067271,1.9556398,-6.874879,9.870233,-7.2846713,3.4611986,-5.30387,-1.9792777,-6.375748,-1.8792467,-1.3031232,3.6872797,-0.708734,0.013592155,-6.1758323,2.0918717
13_11364.wav,Timber_Cutting,4011.9245238996514,0.3170731155960648,0.011224674,-294.20386,0.21011296,-52.15661,8.057665,-11.37568,4.7276635,-9.805223,10.948561,-9.004125,0.7760449,-7.004599,-2.1415179,-2.3440135,3.951105,1.5473342,3.4960632,-2.212855,2.142824,-1.9864926,4.3429065
13_11365.wav,Timber_Cutting,4239.5315411107895,0.3404834888599537,0.011067379,-320.01575,-7.526971,-36.0742,16.299753,-3.509345,4.3217473,-14.119648,5.2916503,-9.4981,0.9074212,-5.7601776,-3.2712307,-5.5404506,-1.0661579,-4.5604987,0.020132938,-3.9211817,1.428591,-2.8076205,2.3217897
13_11366.wav,Timber_Cutting,3947.2737351136584,0.31162290219907407,0.009940363,-293.21918,9.401591,-43.89533,13.0832815,-9.822792,2.2715044,-15.664847,5.768627,-9.64646,1.1723679,-6.5885496,-0.17465505,-2.951241,0.19906932,-1.4023292,2.5155444,-2.2067122,0.66540146,-4.083894,3.1816678
13_11367.wav,Timber_Cutting,3939.769800022024,0.31058304398148145,0.008759139,-342.62195,-4.0581794,-42.12575,6.8131223,-6.4198294,8.978954,-10.515835,7.757353,-7.543218,3.8857334,-3.78069,0.98945135,-1.1750594,-0.36327997,-4.9414935,0.64009935,-3.121281,0.57051927,-3.0721796,1.4919335
13_11368.wav,Timber_Cutting,4412.063813779353,0.36156096281828703,0.0061143795,-354.88846,3.279151,-17.2002,20.037756,-10.208721,0.5835009,-13.158683,4.342457,-10.023101,2.833256,-4.0633025,-1.3203604,-3.3606565,0.65527457,-3.6463344,1.2339267,-3.2636046,1.8423582,-2.8973234,1.7878686
13_11369.wav,Timber_Cutting,4019.178743498485,0.32027407045717593,0.006338644,-385.34338,5.7572246,-24.95114,17.09457,-6.450384,0.9983398,-12.333462,6.508014,-9.487336,0.47406372,-4.443484,-1.5572747,-4.486925,-0.41656283,-2.555861,1.7926402,-2.059245,2.9825778,-2.116504,1.1734276
13_11370.wav,Timber_Cutting,4071.215927679471,0.32352475766782407,0.0074086813,-344.15042,10.916097,-29.151,20.014486,-5.3772097,1.1861829,-13.812041,5.495075,-9.767614,1.2557184,-5.634899,-1.7823387,-4.689083,-0.30314887,-3.037151,1.7720023,-2.9589865,1.5916564,-3.3649533,1.1942377
13_11371.wav,Timber_Cutting,3826.3736947476823,0.3009575737847222,0.011744887,-353.03293,5.830865,-38.264336,12.003438,-2.7019017,5.9220576,-9.431617,7.888925,-6.958944,2.5864806,-4.480993,-1.3083634,-4.498537,-1.8280345,-4.1390686,0.626226,-3.3604922,1.2907284,-3.56424,0.8984181
13_11372.wav,Timber_Cutting,5118.52322036578,0.4431423611111111,0.010832875,-307.97192,-46.537045,-26.855688,25.399815,5.1364074,6.503462,-13.885389,6.018263,-7.66643,0.7887753,-6.858932,-3.1399388,-5.3348775,-1.6129094,-4.959863,0.8963144,-3.6039305,1.4054726,-2.6136446,1.8673619
13_11373.wav,Timber_Cutting,4882.613377520845,0.4194132486979167,0.008304007,-348.10217,-23.811523,-23.583858,18.093254,-2.827409,3.7814724,-6.9015207,5.4197125,-8.303061,2.2044172,-5.0329905,0.0902024,-5.504797,-0.8534757,-5.638619,-0.80458605,-4.535375,1.7914628,-3.2997606,0.66856575
13_11374.wav,Timber_Cutting,3675.8887855482926,0.2677634910300926,0.012474177,-260.5948,19.257034,-60.329655,-4.4077535,-6.1336417,7.617789,-12.422904,5.5237784,-9.018556,3.1379492,-4.8312206,-1.3997691,-3.7952728,-0.84304124,-4.037462,0.51784354,-2.8205752,2.3566136,-1.8502356,2.811756
13_11375.wav,Timber_Cutting,3767.0035320219813,0.27857349537037035,0.010097402,-288.7873,14.446883,-50.301163,-6.3492193,-9.400636,5.326176,-15.211312,3.694249,-9.139032,1.5968908,-4.0827885,-1.067087,-3.4345202,-1.0289001,-3.8627381,0.04010999,-4.246369,1.0809816,-3.3952699,1.9002333
16_11601.wav,Timber_Cutting,4102.909289016119,0.262939453125,0.009676452,-387.71567,21.045826,-0.7139463,37.08626,1.8924568,13.724507,3.8704998,10.258741,-2.002555,10.87437,-1.3748634,9.373307,-1.9697571,5.5243416,-1.7266512,2.0966747,0.6595237,2.9368484,-1.8337082,5.4717684
16_11602.wav,Timber_Cutting,1907.3757097086448,0.10860414858217593,0.004595543,-522.8355,118.26501,-59.228985,-4.409568,-2.6969905,6.273251,-0.06429284,12.5106945,9.369018,8.857844,-4.036527,-5.21301,-3.1753497,-2.6784098,-5.549942,-0.37977213,-0.21534355,0.7698506,-3.1647112,-0.8474519
16_11603.wav,Timber_Cutting,2438.7509134716447,0.07781078197337964,0.029220564,-366.12836,76.14599,11.355145,5.2658887,21.315699,10.142488,-9.026888,8.741744,5.529767,-1.9254595,-6.9318213,2.0228136,-2.6569827,2.1864395,-2.911207,-1.5946437,-3.9856732,3.7339063,-2.8675785,-1.1387302
16_11604.wav,Timber_Cutting,1140.6966340563563,0.06316460503472222,0.03233005,-428.05246,110.510124,29.33681,17.852385,8.076138,4.2896705,6.434954,8.284744,1.4943837,0.66380847,0.3793408,2.5465364,0.9132173,0.9162417,-0.65676504,-1.6219676,-3.576456,-1.7678313,-2.5643656,-4.0539255
16_11605.wav,Timber_Cutting,2378.9633516386707,0.07464599609375,0.051673453,-318.1671,72.860756,6.340166,17.816221,11.52105,17.400476,9.921912,10.449108,4.4119387,5.7374177,2.9998438,4.8999243,3.0747256,5.06441,1.12362,2.3084698,-0.65443957,1.6153674,-0.7721394,1.6002051
16_11606.wav,Timber_Cutting,1952.8212490409571,0.08094844111689815,0.06237965,-299.20682,81.553505,14.896135,21.598324,16.597006,19.201647,8.212156,9.411694,5.0208745,8.34294,3.8359768,4.220705,1.623087,2.2609475,0.67640805,2.7629428,-1.9069245,0.247593,-2.2794023,-0.18945093
16_11607.wav,Timber_Cutting,2456.8142445385633,0.09602186414930555,0.050509017,-302.11362,81.554436,12.743949,14.767143,5.694161,14.5692005,5.310948,7.809559,4.439608,3.5433226,-0.18782298,4.3064914,1.9288062,6.9243474,1.4277406,3.6328917,-1.1395488,1.7412906,-2.234398,0.2737736
16_11608.wav,Timber_Cutting,1196.0441047374986,0.02061858000578704,0.0034026282,-657.6848,91.85049,5.3335667,20.115189,20.58783,18.132753,16.062508,17.361034,9.72445,14.166237,12.132507,12.472765,10.781664,10.050521,8.849424,8.534794,5.495001,5.734928,5.0544925,5.1508493
16_11609.wav,Timber_Cutting,3048.295381928824,0.17762134693287038,0.011164793,-409.15573,55.00699,-1.8972363,33.9509,11.663871,22.364529,5.76367,16.9272,-2.374039,19.476318,-0.021609554,8.957929,-0.16229887,6.5606565,-6.0273075,7.326708,-4.7303734,2.9279938,-7.32772,2.4750946
16_11610.wav,Timber_Cutting,4064.3740537404224,0.28901954933449076,0.0027855765,-600.0126,44.36412,10.309562,3.1221344,-3.5246067,1.5708237,0.16245048,0.52000487,2.959316,4.015528,-1.3977088,5.806488,0.46290803,4.262351,1.9897097,1.4800477,2.3079584,4.2394934,-1.9108689,3.8816106
16_11611.wav,Timber_Cutting,2691.797173222103,0.14655671296296297,0.007922398,-630.6702,51.78415,21.791739,13.128233,-0.58948183,9.258534,3.5373259,15.766761,-2.7444882,6.3962226,3.2494247,1.1208514,5.081796,0.6034868,4.793734,1.2559156,2.8644314,1.7563257,0.5226846,3.5581884
16_11612.wav,Timber_Cutting,2420.5835546177263,0.07466182002314815,0.00715161,-630.57306,50.579643,12.0639515,11.819884,2.5517957,5.0568657,7.945206,13.780662,3.7032304,10.448194,6.173834,4.7300525,5.8273587,2.4303868,2.3388293,0.3454698,2.293131,3.2780402,2.8625383,3.5453265
16_11613.wav,Timber_Cutting,2841.104733764895,0.20141149450231483,0.0012836404,-635.06903,94.70096,0.9509738,35.87309,-1.0344275,-4.912833,-17.918528,1.0943385,-17.161825,8.106787,-1.9745691,-2.86331,-3.1027358,-5.1998878,-3.3919623,-7.016985,-1.7543051,-0.5974868,-0.646141,-5.6138587
16_11614.wav,Timber_Cutting,3409.5107850263466,0.17065881799768517,0.0027734835,-621.62354,48.023674,10.425014,26.559061,10.169227,15.384843,5.3711963,5.1305575,-0.85278445,9.58105,3.0272417,5.007718,-0.08451356,4.1201563,1.4730631,2.7656057,3.0971925,1.7832369,-0.8199603,2.2642672
16_11615.wav,Timber_Cutting,4362.951429436422,0.32652904369212965,0.004370355,-637.5598,16.73771,-12.298051,5.580725,-7.8882174,0.9284798,1.2061895,0.4454708,-2.012148,-4.162615,-3.0334127,-1.9432842,-0.09952206,1.1540304,-1.225752,-1.9483367,-4.0137525,0.30807805,-1.0173106,0.973523
16_11616.wav,Timber_Cutting,1372.5877941159702,0.05812355324074074,0.013753555,-467.1412,118.04979,1.5182106,9.683804,11.086546,4.8231974,5.760493,6.8991046,1.7683691,3.4490125,1.8293686,1.0952561,0.88807845,2.5635939,-0.45334762,-0.570007,1.3188505,1.803281,2.7370865,3.4128306
16_11617.wav,Timber_Cutting,3526.256147035921,0.19852701822916666,0.0147437295,-426.52966,46.650833,0.25037548,20.03069,3.9115393,7.0626917,6.8469644,1.5432875,-1.5937155,-0.35985824,-1.5918127,1.0069914,-5.0753365,3.1011572,-2.0059373,3.0685854,0.7957314,5.391018,1.4692228,4.7261677
16_11618.wav,Timber_Cutting,2911.6090202771043,0.18302182798032407,0.02697549,-405.20798,62.252937,12.409477,10.010853,7.2197795,17.568687,11.837014,7.424609,3.4142084,8.732815,5.818461,3.169103,3.6622174,7.763487,1.9839208,2.485151,2.2180662,4.258719,-0.07588172,0.8568828
16_11619.wav,Timber_Cutting,2637.270775153488,0.10428873697916667,0.0012435409,-699.2712,63.00265,19.344296,7.7842174,6.173914,9.662652,5.330163,7.2397833,1.1953812,2.019342,3.5148427,5.125887,3.185076,1.7997962,-1.0771513,-0.9245433,-1.0261029,1.8182322,1.7201874,0.21801068
16_11620.wav,Timber_Cutting,4527.3081544278075,0.4008653428819444,0.03758842,-372.09396,52.24377,-14.941222,11.746535,-1.6386851,3.5484924,-0.6278595,1.9300536,-1.3020266,-1.1115736,-2.5342824,-0.055538602,-0.99534637,0.83569634,-1.8390635,-0.4098927,-0.9662698,-0.2247123,0.5064702,2.1204102
16_11621.wav,Timber_Cutting,3119.070830850175,0.13212076822916666,0.012694544,-439.03748,68.04298,30.957363,4.7355356,8.055431,11.503664,6.3314824,12.144189,7.1186213,9.241004,4.3421154,7.139499,0.199116,4.319301,0.88462883,2.589656,0.34565508,2.8280702,-1.7786344,3.553131
16_11622.wav,Timber_Cutting,3095.473233573419,0.13569923683449073,0.01327093,-437.85046,70.61493,25.814974,5.1854825,6.468551,9.366263,4.1353135,7.4261227,1.4615831,6.3985877,1.9858248,7.5904264,-1.3486091,3.8256967,-1.1778117,2.1735423,0.8329346,3.7148173,-1.8963082,4.0270224
16_11623.wav,Timber_Cutting,3471.473489461324,0.20423267505787038,0.0204098,-404.37332,28.908236,2.1058059,-2.3077207,-5.238793,-2.780818,1.2911048,3.7670217,1.9954727,3.0958316,2.514574,2.5567546,1.0463632,0.27416447,0.10413335,1.0847812,0.8005383,2.591306,0.58707225,1.1668766
16_11624.wav,Timber_Cutting,1291.6240676287068,0.02655255353009259,0.009519551,-528.36365,87.807686,43.63051,14.584735,0.32139403,4.1521435,12.934304,16.518724,13.810011,10.028922,7.619345,7.5561547,6.018169,7.0170436,7.095926,7.0810986,5.5760093,4.0262294,2.5297756,1.5950925
16_11625.wav,Timber_Cutting,2142.4700061223666,0.09130407262731481,0.064614356,-284.52213,79.598,6.5368443,20.541067,15.039752,18.774525,6.867959,9.134265,4.56121,8.097023,3.3998291,3.8532867,1.1080705,2.2547765,0.21685426,2.4226897,-2.2477198,0.13405573,-2.896889,-0.41055185
16_11626.wav,Timber_Cutting,1619.3320746635754,0.08854844835069445,0.01998361,-418.71725,110.45819,5.1577177,4.136719,5.8942,-1.8984697,-0.24041611,-1.4409571,-2.5194747,-1.7147729,-1.4431014,0.42505985,-0.8318103,-0.6438229,0.045847222,-1.5345479,-2.3293607,-3.1133225,-3.406305,-1.7137741
16_11627.wav,Timber_Cutting,3910.131592470522,0.24583378544560186,0.026183767,-319.92282,52.465523,3.7243786,14.4125,3.8591897,10.613953,1.0992681,5.388854,1.7045237,3.8186874,0.85214347,3.343931,0.10956547,3.041989,-0.09872682,1.8091806,-1.92373,0.73298764,-1.6443163,0.12460986
16_11628.wav,Timber_Cutting,2326.64567614904,0.07233570240162036,0.0030163887,-715.91437,61.71423,16.982718,5.5031805,5.3855267,9.408366,9.234137,7.819636,6.151116,5.394753,3.1010222,2.9120529,2.6891582,2.7758377,2.297758,2.0528278,1.4311239,1.8874995,-0.2693194,-0.7225058
16_11629.wav,Timber_Cutting,2304.2447687786657,0.09062590422453703,0.028820576,-460.59125,72.199524,23.961452,33.63537,14.67445,18.960289,14.272042,11.391333,7.8752575,9.186499,6.5565157,5.5690546,2.0993338,4.2451067,3.4527972,1.1320549,1.7675385,2.4756002,-0.079863794,2.8332367
16_11630.wav,Timber_Cutting,2259.946912223548,0.09177200882523148,0.0031584175,-604.1721,81.27648,18.201223,2.328809,-7.756785,1.2698449,13.8090105,10.876125,2.9020019,12.300384,9.175744,6.1251187,5.6866536,3.4523113,-1.6036146,-2.044718,2.4314184,4.1519923,2.2831304,0.6677044
16_11631.wav,Timber_Cutting,3179.7668369603543,0.1650119357638889,0.005548926,-483.3716,59.90908,5.588714,11.418873,0.9227574,10.176729,12.679527,18.354992,4.5221825,6.67749,6.380611,4.114898,0.3855064,1.1767588,1.5650488,3.0353634,1.5336295,1.4001187,-0.95318866,1.590857
16_11632.wav,Timber_Cutting,1387.7282593540729,0.017155400028935185,0.007158605,-556.9024,75.291016,14.370034,25.074621,15.801658,22.06669,9.357297,15.910089,9.2905655,13.4334345,8.213127,9.764954,6.3871074,10.083876,6.6921816,9.6434765,4.260107,6.2526093,2.5835226,8.857491
16_11633.wav,Timber_Cutting,3316.2517769112105,0.17033329716435186,0.0055022957,-503.78555,53.98977,0.15402943,29.3271,-5.0678744,27.33337,-4.6555505,14.137799,-2.6929567,2.8081005,-1.6124032,-0.57104933,-0.16417302,3.2421644,5.063403,5.2908773,2.0381114,-1.2424574,-7.6022277,-5.432971
16_11634.wav,Timber_Cutting,3980.3538637783126,0.29704906322337965,0.0032929177,-571.1679,31.79598,-3.937039,2.919285,-0.16458836,-0.3102022,-2.9986713,0.54462373,-5.8201113,2.4893634,-3.476483,0.47737357,-4.140171,-2.9483447,-1.7611197,-1.8106285,-0.38057673,0.30020592,-0.23752995,0.09507502
16_11635.wav,Timber_Cutting,1165.336694975598,0.016701027199074073,0.008961981,-567.875,71.39344,23.434242,15.738959,14.43719,17.337643,17.051342,16.440823,12.458968,13.271973,10.691804,10.051237,7.783358,8.89025,8.459432,7.621832,5.895718,4.716645,4.8135242,4.698017
16_11636.wav,Timber_Cutting,1958.4546946436226,0.04215268735532408,0.005895099,-562.71356,88.77204,20.053728,8.145882,9.749897,15.809588,17.633432,16.226948,10.482234,8.7267475,8.631914,10.1019945,4.761956,7.7154236,5.0563784,5.1516905,2.7986493,4.2887096,1.4950491,1.2936927
16_11637.wav,Timber_Cutting,2513.223044854612,0.08397307219328703,0.06655861,-244.61613,83.068214,28.108925,30.684593,-6.2638335,14.759182,-0.6378605,13.595164,0.9728257,4.8346853,1.2993842,1.9619744,5.2920647,3.4028752,5.5810204,2.294023,-1.6978372,1.2490735,-3.8780046,1.6284099
16_11638.wav,Timber_Cutting,1663.721827442586,0.05374484592013889,0.0045710374,-588.50165,77.09243,30.773064,18.28343,8.288568,8.721019,8.29236,4.5358863,3.9967012,4.49699,4.4918337,4.345525,1.0552278,2.266055,3.3629663,0.74916106,-0.00788505,0.15377182,-1.0674535,-0.24099992
16_11639.wav,Timber_Cutting,2993.4129013167585,0.16755506727430555,0.030726539,-366.89816,46.464664,-9.044538,7.8941174,0.14465459,3.009387,0.36125177,2.9034734,-0.4695585,2.6164267,2.2466977,1.3127493,-0.5135799,-0.5160613,-2.6487818,-0.54127806,-1.3917205,1.8483412,-2.0253294,0.5828991
16_11640.wav,Timber_Cutting,1998.6968910151493,0.033270941840277776,0.0031879959,-665.72156,78.09179,27.181076,15.91758,11.029827,5.7153454,9.41726,6.3803625,6.628182,3.9745405,2.4723003,3.211582,1.7238004,1.5916884,-0.798428,-0.50252175,-3.124129,-1.2357153,-5.169419,-3.3564181
16_11641.wav,Timber_Cutting,1326.2700420825297,0.036772551359953706,0.01605826,-433.21933,133.02481,5.701179,-2.9545243,-2.934053,2.2067137,0.20056817,6.312498,2.57515,15.273491,9.15251,12.876327,10.972552,12.378046,12.649068,12.102662,12.640281,10.057045,6.334484,4.563165
16_11642.wav,Timber_Cutting,3329.862829723387,0.1852733470775463,0.007593352,-549.48047,52.59518,6.607913,13.537316,8.897063,3.7646637,5.3283324,4.574925,2.0174694,4.9485106,-1.3612384,5.0384436,-0.9893867,3.1192079,1.393278,2.1449537,-0.3365721,1.6628313,0.005928322,0.70935357
16_11643.wav,Timber_Cutting,1393.6542723481457,0.014451768663194444,0.0018551442,-758.8394,39.98078,24.2897,20.501778,18.957119,18.57334,18.161354,16.594534,14.659374,14.948097,11.804643,12.696015,10.458706,9.132366,6.723652,6.657941,6.062033,7.027727,7.7266746,7.403578
16_11644.wav,Timber_Cutting,3508.3033798296915,0.16363977502893517,0.010044742,-415.106,43.3192,6.4764733,16.581696,-3.3755352,18.169664,6.0207233,17.119244,14.8885355,12.675616,2.629425,8.591127,-0.7381465,3.4956875,-1.9449387,4.679382,1.1221876,4.0291476,-0.7191369,3.9442432
16_11645.wav,Timber_Cutting,2083.570762358115,0.060465494791666664,0.022777239,-414.58087,72.179306,32.672543,18.260485,13.643883,12.976715,12.161628,9.384239,6.4210415,4.1543093,5.870625,8.986905,2.0203078,3.2465994,2.1313243,1.8587123,0.4337994,1.5690302,0.8343244,3.1808798
16_11646.wav,Timber_Cutting,4101.954475998733,0.35948802806712965,0.013801874,-481.23984,49.817745,-4.1078925,-1.1504228,2.7229712,2.337827,4.6937795,0.48314282,1.9557894,1.1346239,1.0506597,2.7940242,1.1993375,2.0773494,1.878289,3.9615448,1.1374075,2.2847266,1.3456681,1.600582
16_11647.wav,Timber_Cutting,935.8821317997194,0.04715530960648148,0.015459733,-450.89062,159.20032,-9.0932045,33.920883,13.709221,0.18239841,6.9469776,-8.425916,-3.0079372,-2.9220853,-4.9983478,-3.0777547,-8.985772,-4.443293,-2.0623436,-2.7598577,2.1498022,1.9740202,4.8105426,3.9342604
16_11648.wav,Timber_Cutting,3118.4174453828387,0.18613462094907407,0.0126375845,-338.98026,66.73307,-6.2831903,7.3787165,-12.465484,12.273541,-1.6862584,12.318727,14.453608,12.781291,-0.96020454,4.8006287,-2.0327628,1.294358,-4.689094,0.37511608,-3.1477945,0.36032048,-3.6031787,3.3615296
16_11649.wav,Timber_Cutting,4488.355760501897,0.37030933521412035,0.0021693923,-673.568,10.339508,-6.7453027,4.855054,-23.365799,-1.7582932,-13.792982,-6.1346507,-7.374695,-3.8944569,-11.503651,-5.726806,-5.9399695,-3.697302,-4.2375526,-3.3975694,-6.1782203,-3.8251333,-4.7382817,-3.650113
16_11650.wav,Timber_Cutting,4339.882293203955,0.3832465277777778,0.011594834,-572.2097,24.374443,2.9464579,-2.5951402,1.3765116,2.3040814,-1.720595,1.7087668,2.7930129,1.6449895,1.6984801,0.16894035,-0.026471196,0.9713257,-1.0479865,0.18684684,0.049338903,0.96832323,0.26932043,1.1221926
16_11651.wav,Timber_Cutting,2092.1298424356814,0.0801052517361111,0.0056686183,-582.4656,83.19033,5.964358,16.474073,4.993906,3.9591959,2.2417104,-3.263991,3.8390818,11.777461,5.3545785,2.471834,-0.8542605,7.0817437,8.15321,3.9744115,1.6921424,3.190906,2.2076733,1.3569129
16_11652.wav,Timber_Cutting,2299.4202845786426,0.08173963758680555,0.0074258246,-545.1311,69.222534,11.426783,23.436365,9.255817,16.902992,10.751445,9.123022,2.1433332,12.105528,0.76359135,5.261063,4.5583353,0.11596614,7.552261,7.7197256,3.6054356,2.5508907,3.3923266,3.283725
16_11653.wav,Timber_Cutting,5416.849363739962,0.35322853370949076,0.005469836,-552.21277,-27.479574,7.8586006,10.364979,10.07293,7.400003,6.8016744,3.655958,1.0895439,5.921682,3.1083486,9.981952,1.054822,5.866137,5.726687,6.392432,-0.48095325,5.4094973,2.8524237,7.8714285
16_11654.wav,Timber_Cutting,6107.87360279176,0.5051721643518519,0.010341134,-449.54578,-51.60892,5.184098,5.3059154,1.059589,4.2728415,9.114125,0.29357114,-1.1406927,4.6023765,1.29802,8.43141,0.82174724,8.936807,2.7506235,4.3340535,-1.4861635,2.6968846,1.2011169,5.295416
16_11655.wav,Timber_Cutting,5400.9232832193975,0.49627685546875,0.0057050996,-676.9715,35.027496,5.037885,3.2675803,-1.6022308,-0.18070109,4.338367,3.9817624,1.7940606,1.0724877,3.9909823,2.605032,1.4878305,1.7864716,0.78988194,3.3966842,2.5740864,1.9810646,1.3592772,2.190193
16_11656.wav,Timber_Cutting,5308.654727167655,0.5118272569444444,0.005981582,-645.83307,31.839243,-2.8616643,-4.189638,2.502714,1.5632182,2.4340153,0.66051245,0.377903,-0.25007743,-1.2491435,0.3396425,-0.9761364,2.1249297,2.5779572,0.3755654,2.017938,0.043501124,-0.40476298,0.33629563
16_11657.wav,Timber_Cutting,5805.425057183277,0.5265887225115741,0.004697867,-697.4598,18.385256,7.4916778,4.330641,5.646839,3.1432626,1.0228217,1.7062135,4.100669,2.2742674,-0.663915,0.86678785,1.1869872,2.7633035,-0.82398254,0.004912394,-0.47998577,2.5230832,-0.4557415,-1.0373759
16_11658.wav,Timber_Cutting,5671.975724871985,0.5311640986689815,0.0025226837,-773.09973,32.471832,13.142106,3.8832002,4.9559913,3.5861301,5.1395226,0.9079734,1.6574152,2.6041577,3.0518527,3.9535782,0.82563066,1.1019593,0.74161404,2.238483,1.7946025,-0.4909191,-0.15208876,0.3328306
16_11659.wav,Timber_Cutting,5569.865771761593,0.5219545717592593,0.006574324,-631.7804,31.879972,-3.5295136,-0.7569772,3.0506759,2.0893726,4.7442174,0.9256919,4.086036,-0.047017522,0.06230024,3.6051753,2.2459586,2.0146747,-0.44733647,2.2940886,2.297318,2.434344,-1.1268387,2.1207304
16_11660.wav,Timber_Cutting,6312.547160023678,0.5887066876446759,0.0049951035,-678.4446,1.8649027,-4.737231,2.3748627,6.6589813,3.3343637,5.1621547,1.2851632,-1.2980964,1.2258681,2.966841,0.70566976,0.5975395,0.8489179,-2.744447,3.8520355,1.8637031,-0.14966603,-1.8297607,1.0219729
16_11661.wav,Timber_Cutting,6083.132455951416,0.5940777813946759,0.010142397,-585.11414,25.684212,2.4281118,0.19404595,0.25220403,-0.19561537,1.2435797,0.9831531,0.49233592,-0.46159485,-1.7854205,-0.020804299,0.7699246,1.205949,0.10925818,0.9244999,0.7776424,0.5098427,-0.7092462,-0.2716401
16_11662.wav,Timber_Cutting,6877.053170634888,0.6824838143807871,0.0035359156,-675.36835,12.7123165,0.9372548,0.7728429,1.2023697,0.9971165,0.76158184,0.07985653,0.40343183,0.7466233,0.10657957,-0.36962155,-0.6900726,0.18365704,0.27345058,1.2114875,-0.3030209,0.22141014,0.2288776,0.3121818
16_11663.wav,Timber_Cutting,1552.5668041892282,0.03660753038194445,0.0072032055,-557.25635,73.95136,30.556175,23.146507,15.787383,13.358047,9.477488,1.4763011,-0.6186553,0.17694238,-2.6164196,-8.602931,-11.073842,-9.53525,-6.602556,-5.2070246,-6.027567,-6.8106575,-5.6272054,-3.578777
16_11664.wav,Timber_Cutting,2716.2900670126105,0.12696894892939814,0.002803945,-556.4247,78.19119,7.5844994,18.398203,4.169758,12.605494,6.9621153,6.6954403,3.349371,7.4347034,0.15852872,3.3159153,-0.36021423,1.7094972,-1.60883,0.7933662,-0.8107785,0.8567247,-1.6555438,0.14682166
16_11665.wav,Timber_Cutting,1681.0405848504238,0.09992811414930555,0.027383866,-377.87115,129.24922,-15.103973,22.356264,-34.722866,20.245497,-8.255464,7.148389,-8.595711,-7.136544,-6.1408505,-15.223004,1.9630694,-13.9518385,-2.7561731,-13.644401,-1.7838163,-6.1430726,-6.401416,-2.6941493
16_11666.wav,Timber_Cutting,2207.014637299363,0.09884078414351852,0.0034746288,-545.15497,95.76968,5.9448028,17.559944,9.087025,1.8291444,1.590885,4.084595,2.9871187,7.6112885,2.629194,5.102638,1.1494433,2.0483415,2.241308,3.0626051,0.99896425,0.83026195,0.69328207,0.72749317
16_11667.wav,Timber_Cutting,1669.7834429202182,0.09953025535300926,0.027093017,-380.5975,128.93822,-14.452193,22.54618,-33.84097,19.562454,-7.6050935,6.5839353,-7.6513786,-7.8946114,-5.566461,-15.315519,2.0028093,-13.931811,-3.152605,-13.034752,-2.5511608,-5.5909142,-6.9389625,-2.3218462
16_11668.wav,Timber_Cutting,2196.2757883039153,0.09282316984953703,0.007610542,-509.29742,71.66107,18.611198,13.345626,6.5267467,8.84459,7.1032205,5.6194296,2.276607,2.6793041,0.645712,3.9312053,2.0330508,3.9687574,3.2939017,0.73937804,-0.22975968,-0.31425261,0.18292247,0.6417003
16_11669.wav,Timber_Cutting,2425.938828949787,0.0951854564525463,0.0055701095,-543.253,68.80863,18.445219,11.821795,5.067461,6.643333,5.2208548,6.601116,5.3705387,6.3609066,5.3368826,9.016152,5.879556,5.719399,5.913909,2.7288892,1.7929775,1.6307536,1.702518,1.3164612
16_11670.wav,Timber_Cutting,2931.702263498748,0.1274097583912037,0.003593224,-492.6346,67.24269,9.304032,24.751749,3.5559092,9.101892,6.793664,4.843763,2.0987492,10.018712,-0.020470442,9.8345175,-0.7785333,7.4964304,3.2507582,5.3644013,1.7682544,1.7932016,-1.0743839,5.132801
16_11671.wav,Timber_Cutting,2589.952632910013,0.11207637080439815,0.0023975896,-547.568,83.14945,2.443199,19.943916,-1.5369331,8.816017,4.6616015,7.9663754,-0.3541165,3.7306097,1.2529006,10.185859,-3.0435832,3.3110194,1.4073764,-1.1254561,-1.7678118,2.7684221,-0.6970417,1.2838947
16_11672.wav,Timber_Cutting,2123.3386124331323,0.07890489366319445,0.010965961,-451.24973,34.986843,17.92622,11.278251,5.3992176,4.882616,5.166799,5.2685366,5.6387568,6.5153065,5.640555,4.766581,3.475375,2.850842,2.167543,1.6561341,0.5959649,0.05098216,-0.16808021,-0.13249022
16_11673.wav,Timber_Cutting,4121.9335768682495,0.30027714482060186,0.0050356267,-620.33075,26.915962,0.4149925,5.746406,-14.224284,0.15942968,-11.693816,-1.954392,-9.077924,-3.5030987,-8.64441,-4.237421,-7.5679445,-6.302305,-5.4373074,-6.8376107,-5.28934,-4.7055545,-5.975959,-4.434782
16_11674.wav,Timber_Cutting,4452.40098482605,0.3631275318287037,0.0038953887,-673.9809,10.450448,-0.86588657,7.7497644,-11.373937,-0.8662347,-8.189166,-2.6820278,-6.128967,-1.6145085,-6.9906006,-4.151876,-4.2523103,-3.1238048,-4.2959375,-4.2969728,-1.6472268,-2.790042,-4.3372474,-2.4024928
16_11675.wav,Timber_Cutting,4924.423061349678,0.4017740885416667,0.002114944,-627.8695,-7.4897585,-4.6680794,5.0178866,-24.979017,-5.1987343,-18.729843,-5.8452215,-17.264626,-5.356957,-15.032825,-4.4415646,-10.833758,-4.6086535,-6.0382056,-4.6114674,-5.4088035,-1.2237853,-5.035351,-2.5548553
1766-0-2.wav,Timber_Cutting,2742.2707940560917,0.15346498842592593,0.107044905,-185.52257,54.491287,5.1452875,11.153569,-9.960673,6.912549,-9.293602,1.3040388,-4.944347,-6.3992105,-2.8901389,-2.046553,-3.652004,-0.54908764,-10.313137,-4.6739416,-8.653446,-2.489165,-5.753649,-0.4441841
1766-1-2.wav,Timber_Cutting,2743.6046783459433,0.0807811595775463,0.22435449,-42.983013,64.052864,-24.62853,7.217269,3.4170644,20.41068,7.483781,12.052087,0.4205162,2.950458,-6.059511,3.6215632,11.24125,7.4931145,-4.7380013,4.638478,-6.5596156,-11.404991,-8.659593,-0.071869515
1766-10-2.wav,Timber_Cutting,2148.3555798219595,0.09989646629050926,0.1268093,-70.2701,103.78635,-21.668322,43.187645,-19.26411,12.668127,-7.486451,8.403708,-4.9586005,2.4574053,-6.2034345,3.5375147,-2.0961063,-0.5274826,-5.941585,3.0416834,-3.7376573,-2.8625855,-6.5996222,-4.5016546
1766-11-2.wav,Timber_Cutting,1907.3220945699427,0.0715038158275463,0.13590705,-113.758446,108.1207,-23.320122,-9.545388,-18.763474,-6.9748473,-28.787743,5.518316,-7.288265,-14.678693,-14.670872,-7.587855,-9.474097,-3.8857818,9.590767,16.846804,10.456739,13.2637825,4.99705,0.14373411
1766-12-2.wav,Timber_Cutting,4080.8986071107706,0.2653333875868056,0.13757186,-40.72544,27.505928,-3.7321568,18.71721,4.2532806,18.648487,-8.752229,3.0375285,-6.3799777,4.724698,0.66150016,6.010589,1.7993019,3.5837317,-4.642265,9.760316,-3.4315796,1.9139136,-3.088402,2.2169836
1766-13-2.wav,Timber_Cutting,2968.798099589441,0.16481074580439814,0.04296605,-169.6249,74.33104,-10.184752,5.6205354,-3.8582919,-1.8353983,-1.4016789,-4.473049,-12.594184,-7.1733646,-9.8961525,-6.32605,-6.8520184,-4.6437488,-9.838119,-2.6941738,-5.016589,-3.5034535,-6.225942,-0.8104488
1766-14-2.wav,Timber_Cutting,1757.9890835380309,0.0799877025462963,0.12616098,-134.7319,114.37931,-46.908524,0.9725694,-25.702211,6.560105,-5.328983,-5.591782,-29.831425,-2.3643405,-13.555001,-19.627714,-18.137518,-3.04579,-4.7383103,3.2187138,2.795163,13.582135,15.10635,3.8790202
1766-15-2.wav,Timber_Cutting,1860.810318899315,0.07344789858217593,0.2010127,-41.25273,125.51087,11.715168,2.7194116,-28.106327,15.834841,-11.43133,15.6663475,-6.8234577,1.7206321,1.3743871,6.573963,2.0369077,4.262154,2.1910062,-8.480203,-3.0402622,-5.809314,-12.273962,-0.49767014
1766-16-2.wav,Timber_Cutting,3189.0247285086166,0.15699598524305555,0.14723931,-29.66848,53.284298,-18.511211,19.576054,-14.895288,10.415928,-6.4712105,7.4239964,-3.865262,-1.6608342,-8.551408,-0.35107926,-9.096513,-6.305104,-12.08437,-4.9251914,-5.9714847,-1.4247023,-7.5892158,-4.1086416
1766-17-2.wav,Timber_Cutting,3135.662184596573,0.16255922670717593,0.09279777,-106.133965,68.9407,-9.113096,-1.1323264,-3.433545,5.345943,-10.78614,-3.4847767,-2.2385776,-6.686343,-9.342638,-10.791843,-8.654877,6.4104524,1.5941691,-5.1123943,-0.40832165,0.35072792,-0.2919833,0.67669195
1766-18-2.wav,Timber_Cutting,2724.739674252993,0.12601499204282407,0.10211434,-75.43811,72.28266,-19.24755,-4.896928,-7.1904597,-1.3903551,-6.2624226,-9.785846,-13.222042,1.2471051,-9.349623,-17.10555,-31.250887,-22.086868,-19.724134,-9.794676,-14.245139,-7.1900015,-10.056207,-7.65379
1766-19-2.wav,Timber_Cutting,3880.2548907363907,0.2578803168402778,0.093393914,-71.11058,41.67727,1.2401372,9.261131,-8.882261,-1.2351184,-15.982786,-7.539254,-18.433008,6.1362376,-0.25465977,1.0326755,-6.3372493,-2.5821326,-7.3036857,0.69957685,-1.9773424,-6.5776,-12.373394,4.1275167
1766-2-2.wav,Timber_Cutting,2219.976641081492,0.1129421657986111,0.02637768,-256.11404,106.77228,-23.984547,-4.1640177,14.784178,-6.352434,1.3319013,5.7014103,-4.6671004,3.649099,-2.0865805,1.5128511,-2.0832815,3.7445035,-4.6071777,-3.5544772,-8.447549,-1.7820503,-5.325388,1.6210316
1766-20-2.wav,Timber_Cutting,3246.757261705536,0.1041553638599537,0.20922069,-25.406141,45.592407,-22.897306,4.154288,6.1570497,0.47514096,-13.3340025,-2.7039409,6.661722,3.8343503,-2.821481,4.138665,-1.968136,-8.71024,-15.523261,-9.336328,-7.224786,-2.3307874,-6.1642413,-4.994707
1766-21-2.wav,Timber_Cutting,795.6791478566843,0.03923204210069445,0.02265261,-479.56097,50.223053,-10.982535,10.797978,-1.3961953,2.8190968,-0.529973,1.463571,1.2601776,3.1615415,-2.2641194,0.53700125,-2.407955,3.5627759,-0.015024159,1.6038344,0.82310706,1.3054968,0.4606565,4.96464
1766-22-2.wav,Timber_Cutting,2596.146606834861,0.13510923032407407,0.09679185,-177.48221,66.44321,-25.687147,23.423105,-5.0899324,-0.1558058,-14.379159,-3.6554034,-7.76897,-3.90664,-0.40468088,-3.1674984,-1.261468,1.4948777,-7.7707453,-1.1315038,-2.3584526,-2.8840528,-5.292823,-0.78932446
1766-23-2.wav,Timber_Cutting,3595.0570741583415,0.22777868200231483,0.22549278,3.7192469,45.323166,-14.60794,8.540959,-16.655327,-8.601444,-16.185371,0.30252016,-15.836578,0.7799373,-3.3418193,-0.1285071,-6.5153537,-0.3736579,0.9285041,0.78386337,0.666456,-1.6962798,-7.69605,-2.1213171
1766-24-2.wav,Timber_Cutting,2697.3630904256433,0.13784224898726852,0.027081896,-242.29306,74.457695,-32.40999,-20.022127,-14.395811,-10.7127075,-19.883549,-10.758317,-16.907827,-9.989451,-11.543153,-1.5254564,-8.933944,-5.2856073,-6.4663105,0.6329825,-1.4550326,2.677428,-3.6003995,4.742347
1766-25-2.wav,Timber_Cutting,3865.4009824399286,0.2956249095775463,0.07026377,-155.91891,29.845192,-12.613568,24.100246,-23.16974,1.2961642,-1.0684456,1.2392182,-8.446479,-7.613624,2.9847682,-3.8485017,-10.552364,5.5472593,-2.3511784,0.5758071,-1.5312545,-3.143014,-2.6914692,-11.052024
1766-26-2.wav,Timber_Cutting,3622.1335051839083,0.23844627097800927,0.089765646,-52.72642,41.650627,-29.471493,-3.606012,-4.941712,-4.9970737,-2.6915996,-0.6880381,-7.2186494,-5.1522517,-9.969598,-9.292855,-7.9105167,-7.252734,-12.96651,-9.338067,-9.521458,-4.3092237,-5.669601,0.49017563
1766-27-2.wav,Timber_Cutting,3470.513200959321,0.19275806568287038,0.10951876,-38.652412,54.31734,2.7915797,26.340246,-1.259274,6.8290954,-0.32294577,8.520384,1.5498307,3.3400223,3.4968545,5.043456,-4.734444,3.7314382,-3.1495655,0.7652585,-2.5422843,-1.531315,-1.5628244,0.34001243
1766-28-2.wav,Timber_Cutting,1398.7458657277252,0.06784848813657407,0.048827387,-325.74527,67.02708,-12.262422,15.246345,7.179014,9.658825,-1.3657867,-2.6411953,-5.216682,-1.5209396,0.19359976,1.7569771,-4.762814,1.5115037,0.26983657,1.3928599,-0.98226744,0.274452,-2.0117848,1.3654615
1766-29-2.wav,Timber_Cutting,3691.034845453478,0.25035038700810186,0.09155954,-66.950584,28.886501,-40.142143,-14.642658,-12.879164,8.306214,-8.009987,6.982359,-0.87852705,11.155836,4.224221,8.254342,0.91377443,-0.10976664,-5.3692756,0.3465641,2.0680602,-1.6841843,-3.5432987,-3.216603
1766-3-2.wav,Timber_Cutting,2894.216625165563,0.13542570891203703,0.032899182,-194.94579,72.49743,6.176832,29.579409,-4.366009,15.668573,2.0593836,0.3285401,-5.0146236,9.858517,4.0424542,1.1007342,-4.8771825,-1.344837,-0.96263665,4.124721,-9.138164,0.4994011,4.128942,8.630055
1766-30-2.wav,Timber_Cutting,3210.6539302506194,0.2087470160590278,0.15158357,-16.87669,45.848633,-39.262108,15.748592,0.12067314,10.9202585,-6.30418,4.21167,-4.222503,7.68055,0.22974469,1.0568839,2.8075216,2.7836926,-4.554556,-1.3906204,-2.620902,-5.935022,-1.7963506,-2.101838
1766-31-2.wav,Timber_Cutting,2742.2879180482814,0.11186161747685185,0.22154444,-43.568756,59.043133,-19.404045,42.50186,-14.161755,3.2746615,-23.25765,-12.088195,-15.2281,2.1596913,-7.892544,-7.13214,-12.318712,5.858134,-0.032706227,-13.260001,-14.325114,4.3646936,-9.006153,0.07721576
1766-32-2.wav,Timber_Cutting,2176.205949946819,0.10736988208912036,0.02429138,-279.6801,105.13867,-20.483265,4.6057744,10.847931,-6.5244265,1.4132102,2.0592005,-7.7981863,0.9007388,-4.070646,-0.2171733,-0.7041926,3.8993242,-3.0330946,-1.063606,-2.8211267,0.8167735,-3.7530258,0.7467716
1766-33-2.wav,Timber_Cutting,2210.1274583195936,0.09929063585069445,0.14322504,-58.018864,114.5942,19.800533,-5.8161325,-30.010315,14.5521,-14.191192,17.495535,-10.498768,-0.27518764,5.726199,4.0813146,0.44369987,7.557431,-5.095757,-7.842612,-2.3000326,-2.849407,-10.884075,-0.22574142
1766-34-2.wav,Timber_Cutting,2265.2462057983366,0.10986328125,0.024105558,-319.24777,103.01539,-5.521845,7.5679107,6.5053844,-0.5488933,3.8204317,2.6347134,-3.1785107,3.9610233,-1.5578904,0.01852901,-0.5990085,1.1348443,-2.8183773,-2.2907193,-8.846966,-0.55336595,-5.594278,-0.19257075
1766-35-2.wav,Timber_Cutting,3635.9961677193514,0.24214002821180555,0.23611055,5.7519712,44.483063,-14.405562,8.632519,-19.405554,-5.269174,-13.968097,0.4002832,-13.501476,-1.2584277,-6.278125,-0.17536007,-8.823896,-0.7957738,-0.46324596,1.2789614,0.85379946,-0.47805178,-7.379459,-1.198833
1766-36-2.wav,Timber_Cutting,1857.9159872945713,0.10099735966435185,0.0865839,-171.2931,111.34694,-38.16762,10.301951,-3.8062,11.311779,0.072181985,7.012722,5.2315774,13.952063,0.5793414,0.16778395,-3.9872205,8.496791,6.5584016,5.5926113,-0.5172252,-0.15112156,-2.6939054,5.1891966
1766-37-2.wav,Timber_Cutting,4240.780850022649,0.2748887803819444,0.2155097,23.215996,16.35955,-15.218556,7.7983465,-6.293597,8.286639,-8.9323225,1.3188645,-6.036733,1.4701202,-6.770633,1.6910462,-8.033443,0.9197541,-7.11699,6.1512356,-6.494268,-0.089653075,-8.594671,-2.7715847
1766-38-2.wav,Timber_Cutting,3092.9678241849765,0.1735523365162037,0.14542355,-47.754692,66.981125,-1.5282617,13.862052,-11.7894125,0.26863703,-5.8016644,-6.5885983,-0.04891331,1.2663535,-3.6452808,0.26009792,-3.7031069,2.9391062,-4.637893,0.11375961,-2.5629854,0.14963084,-3.9227645,1.6118177
1766-39-2.wav,Timber_Cutting,2292.9490793043774,0.099609375,0.16088432,-59.36037,84.92106,-31.395702,5.9806795,-29.75352,-4.511725,-20.784924,1.9699379,-10.711688,5.9608803,-9.064354,-5.9232364,-9.5925865,-2.517563,-10.030743,-3.9312594,-15.698884,-11.211984,-6.3083253,-1.8158516
1766-4-2.wav,Timber_Cutting,3069.7875810560804,0.20784505208333334,0.11322933,-55.630154,54.85862,-39.93535,22.816776,-9.379609,8.154441,-11.4961815,8.607125,-4.5109596,-1.7579814,-5.8562384,-4.288287,-6.588349,-1.8980874,-2.1617723,3.7949502,-5.841347,0.94153285,-3.9685793,-2.7093089
1766-40-2.wav,Timber_Cutting,2778.417594493045,0.18295853226273148,0.08623828,-98.7609,63.24978,-58.749077,24.227427,-26.026217,6.475309,-17.17323,16.813604,8.713543,-9.621039,11.5232315,8.777656,11.532213,2.7975855,0.71054596,5.1464148,-6.926959,0.08117718,-1.2374963,0.87651753
1766-41-2.wav,Timber_Cutting,2064.0307443598135,0.10442211009837964,0.15231186,-39.12813,109.24427,-26.896336,3.2233186,-17.642923,7.8805914,2.1698415,8.457337,-17.318851,-1.7140205,1.7675261,-5.9557924,-10.828955,-5.249174,-5.6083302,-5.4496546,-14.346752,-4.269288,-8.208587,0.12442299
1766-42-2.wav,Timber_Cutting,2033.290759433649,0.1149631076388889,0.022223951,-246.66145,110.81053,-34.107025,31.648333,-1.6442969,9.239211,-17.339342,6.2374506,1.5958447,-11.722754,-7.2690673,-0.99726576,2.8967953,11.601668,3.9527192,0.5860435,4.475101,0.93623,4.007693,2.7237284
1766-43-2.wav,Timber_Cutting,1889.295244033995,0.0675342701099537,0.15509255,-176.31282,85.63597,-18.130384,9.86972,-37.41234,-12.452091,-20.073997,-14.338384,-5.5832095,-4.2031574,-3.9945328,-1.4463173,-3.6976871,-2.2567675,-9.83488,-4.822528,-10.690981,-2.3840678,-6.731159,0.032872006
1766-44-2.wav,Timber_Cutting,2897.9564023675484,0.2154518410011574,0.016496075,-441.97165,32.81467,-14.015373,0.56546247,-5.143961,1.2382958,-3.2960393,-3.489023,-7.1513886,-0.49753597,-0.8513841,0.94584924,-1.7704649,-1.2566355,-1.5193565,0.8856897,-1.9537483,0.19981518,-3.9877071,-0.830092
1766-45-2.wav,Timber_Cutting,2433.620656730228,0.10654703776041667,0.015452413,-289.51932,90.430115,1.5679483,10.727216,0.2134619,8.417709,-3.9794798,2.5336566,-0.9058238,10.386929,13.359619,9.254887,3.2574644,9.861039,-10.160152,-0.002200374,4.799517,5.816019,10.486485,-2.6864483
1766-46-2.wav,Timber_Cutting,2230.2212450559055,0.10778582537615741,0.06734387,-151.3,96.81664,-29.42482,15.542308,2.1362064,46.932796,-9.017805,8.378439,12.542415,6.5927024,1.1822187,-2.048281,-5.777308,5.038139,-5.449742,-6.904084,-0.64804304,-2.044196,-1.4847406,-0.86944497
1766-47-2.wav,Timber_Cutting,4151.478125325625,0.29192211009837965,0.18359238,17.776417,19.014933,-20.101736,8.364543,-6.7627025,5.163184,-3.2008069,7.2980685,4.7086906,8.163445,-5.4134035,-2.8449423,-7.435601,-1.4300532,-7.276514,-3.2566772,-6.346455,-4.8293967,-5.2624235,0.14604989
1766-48-2.wav,Timber_Cutting,3032.550259319853,0.19373462818287038,0.15291616,-54.406464,63.389874,-20.216005,19.476011,-28.455639,2.7607706,-11.547426,-8.759622,-3.3222013,-8.88192,-8.832452,-5.1560373,-9.367621,-6.2051415,-3.8936734,-0.9546912,-7.9211917,-0.23823152,-9.181628,-6.9978986
1766-49-2.wav,Timber_Cutting,2224.8570857043383,0.10235595703125,0.10377451,-117.89679,88.372986,-31.58308,27.142534,8.070798,26.219078,1.1068143,7.8567634,6.7574024,-0.952644,-6.2841983,4.950848,13.909858,13.0481205,0.62045234,-1.9687886,-2.9156065,-2.977596,-6.065569,4.5886884
1766-5-2.wav,Timber_Cutting,3192.7641309843816,0.15133101851851852,0.17897338,-25.65309,48.48471,-17.95635,18.968819,-11.818312,4.0860925,-8.191584,1.1547083,0.9289662,-1.6233034,-12.630904,-5.526397,-0.2929273,5.602162,-4.9537535,-1.2705963,-5.2454834,-1.1494535,2.1892545,2.621673
1766-50-2.wav,Timber_Cutting,3067.452903273339,0.2088690863715278,0.0703184,-109.58239,57.705345,-32.25123,29.25186,-8.449021,8.048514,-9.461341,5.6766233,-13.553553,-9.639245,-6.986033,-3.9228442,-5.879609,-0.10459801,-1.9489492,1.874948,-2.32914,8.051682,0.8613499,3.4013498
1766-51-2.wav,Timber_Cutting,3231.4085228560048,0.17093460648148148,0.11821009,-67.863754,62.416325,-9.74195,-1.4519353,-2.2710397,-0.1647733,-7.027525,-5.28617,-4.0322976,-0.9113073,-9.976056,1.3444152,-3.546381,-2.867548,-4.991965,-3.3086915,-5.0256615,-2.0315294,-7.793383,-4.826224
1766-52-2.wav,Timber_Cutting,3053.4162388516393,0.24726472077546297,0.21933542,24.59417,51.857517,-62.01805,28.014816,-22.390162,5.02383,-1.7739614,-5.8529243,-6.4426823,-2.9998982,-9.499231,14.735917,3.414882,8.595411,1.3321844,-0.6518184,5.72741,4.362513,-2.8266542,-1.4563673
1766-53-2.wav,Timber_Cutting,3575.052248892135,0.23267731843171297,0.03473447,-169.22687,37.41938,-27.616776,9.444965,-15.967749,0.26846802,-4.804266,0.86153936,5.2937202,2.5622666,-2.2821126,0.2830948,-0.14680417,1.3161154,2.7994542,5.176171,1.6780164,0.77895015,-6.085439,1.1085391
1766-54-2.wav,Timber_Cutting,2882.7233104334114,0.13704879195601852,0.14237182,-55.493504,67.13731,-8.841261,34.20102,-11.345021,-9.949328,-8.337589,-0.8049826,-21.383951,-6.330832,-16.772562,-4.77977,-8.195076,8.160954,-8.898406,-1.3936507,-11.185901,2.2374234,0.17066497,-0.33775315
1766-55-2.wav,Timber_Cutting,3608.0085294289393,0.1738258644386574,0.17778261,-16.623405,45.513794,3.8520985,27.131632,4.3239512,7.8065643,7.0039697,9.080253,-4.9159784,-1.0722213,-4.756333,4.3716974,-11.583026,-2.1216497,-10.765771,-3.5444891,-6.087928,0.7392876,-1.0041751,4.0749946
1766-56-2.wav,Timber_Cutting,3557.945624028851,0.21471037688078703,0.10836171,-78.58299,53.80908,4.9709926,10.931197,-3.526901,4.45974,-10.186886,-4.9733005,-21.641575,-3.0910306,-8.283177,3.0922954,-2.6792917,-0.2860599,-7.9908056,0.38562885,2.5094433,0.29479346,-10.256745,-3.2094982
1766-57-2.wav,Timber_Cutting,3233.0673030829485,0.17844193070023148,0.16936108,-16.531033,64.04466,7.913516,18.241379,-5.1096916,6.0426846,-5.3295355,-11.082868,-3.340813,-6.374558,-3.724849,2.2089267,-4.9253774,2.76064,-4.9278827,-2.4715865,-9.083977,-4.634462,-6.26648,-2.815784
1766-58-2.wav,Timber_Cutting,2874.6542019962963,0.14515064380787038,0.06783439,-139.24739,69.00026,-15.477321,-0.2821302,-3.9255612,4.5746818,-2.0406928,-6.9548116,-12.682935,2.468262,-0.90882915,-1.0697985,-16.77747,-14.95036,-14.7395735,-3.8107274,-8.929543,-4.582129,-6.7534375,-6.894302
1766-59-2.wav,Timber_Cutting,3723.2007273670006,0.2316555447048611,0.060397156,-182.79391,45.931786,-8.297675,1.3601975,-4.5767894,13.242031,1.0766755,6.866079,4.490346,14.197918,5.6138816,3.232657,-1.6613905,0.06631314,-3.1702564,-0.1346574,-3.499824,0.27921906,2.7280412,1.7753577
1766-6-2.wav,Timber_Cutting,4910.384860888275,0.41936125578703703,0.052189764,-164.57822,-35.707638,-28.10546,19.126612,-18.107796,0.8001778,-11.219133,6.649228,-8.756692,-3.4370975,-9.904916,3.897385,-2.856276,-3.7325964,-2.3934188,-4.810465,2.1562514,6.5023847,3.9858038,8.419746
1766-60-2.wav,Timber_Cutting,3296.0038171018223,0.18696424696180555,0.11347671,-76.83896,56.757572,6.319592,29.125542,6.714146,13.936695,-1.9363909,-15.761168,-5.3490987,2.1185317,-5.892837,-5.239341,-11.420005,2.8247924,-0.0919572,5.019886,-3.3499448,-1.2139403,-2.9336247,3.727794
1766-61-2.wav,Timber_Cutting,2811.356440306111,0.1651927806712963,0.15377533,-34.742977,71.74472,-27.529375,15.116997,-21.414656,4.2092147,-11.401717,-2.7511811,-9.015384,-12.190007,-6.2769046,-6.8584104,-7.7074194,-5.812981,-3.8634033,-7.405402,-11.274666,-2.941824,-6.4569306,-1.4006544
1766-62-2.wav,Timber_Cutting,2812.490944118505,0.15648509837962962,0.023193434,-270.6478,67.01906,-35.848343,-17.018822,-16.255327,-6.8095818,-15.493857,-6.1435695,-18.93876,-6.7968597,-10.394316,0.8417946,-4.822956,-2.7787848,-8.563784,-4.3369274,-7.4575224,1.0548049,-6.08769,3.3169942
1766-63-2.wav,Timber_Cutting,2249.5331898665145,0.11082175925925926,0.14466047,-43.707077,100.23045,-20.381248,-4.862647,-20.819626,6.772711,1.0236902,4.859615,-17.844557,-2.8322814,-1.5597696,-8.99075,-7.7942495,-4.4632573,-11.337269,-7.7649508,-12.272209,-6.950661,-6.864578,1.8301333
1766-64-2.wav,Timber_Cutting,4894.054405564627,0.42082836009837965,0.04933914,-171.66827,-31.584993,-29.088346,14.604682,-18.916384,7.961587,-11.873712,5.7852483,-1.1246556,3.9279175,-9.376557,5.541964,2.0981374,-4.7353673,-4.2245674,-5.788025,2.8502562,5.047111,2.3102803,5.4851775
1766-65-2.wav,Timber_Cutting,3717.8379892196194,0.2511890552662037,0.17265005,11.7713,41.3002,-10.254949,25.062698,-14.54813,16.338322,-1.5038675,-7.2440767,5.118151,-0.6489845,-2.4196508,-0.1491382,-3.8770764,0.5373253,-1.2724462,-1.0517805,-1.905208,0.15114155,1.0099523,-3.2028203
1766-66-2.wav,Timber_Cutting,2034.8860869481705,0.13798466435185186,0.18946773,-9.903561,120.45573,-75.02483,29.052689,-19.641035,11.146253,-9.365577,-2.9658966,-2.981598,6.4633203,-2.903395,6.10037,-2.895182,-2.245641,-7.6890326,-5.042468,-9.523076,-0.46704745,-7.942913,-2.5371919
1766-67-2.wav,Timber_Cutting,3874.8346529490977,0.2492969654224537,0.07945114,-94.59554,41.01733,-0.34637266,6.523092,-5.874335,6.835201,-6.761477,-0.6206349,-17.005222,-2.444651,-20.00275,-14.0982275,-6.116332,10.423975,-3.5999954,-7.375513,-2.7265668,0.92919695,-1.4088392,7.4356294
1766-68-2.wav,Timber_Cutting,2332.449640298909,0.07286919487847222,0.11730623,-111.58771,83.11275,-20.62405,28.819145,2.3613608,25.336914,-3.7934864,4.441996,10.898216,16.092747,9.948762,11.31928,2.1410937,13.7395315,5.735627,-0.40315175,-3.9433787,2.0455248,-1.6213441,1.9238968
1766-69-2.wav,Timber_Cutting,3022.8108618175143,0.20970323350694445,0.06368662,-123.087074,56.081783,-42.377457,20.83644,-16.47795,7.175099,-10.222387,4.4642787,-7.76211,-4.7663736,-12.295503,-4.929112,-3.9670248,-3.8338518,-4.107244,5.149137,-0.9479037,5.335895,-2.336585,-3.9991314
1766-7-2.wav,Timber_Cutting,2896.5942372644486,0.1568626121238426,0.038451407,-204.5259,76.27703,-12.942965,4.7718296,-4.6220126,-3.545548,-1.0553056,-0.4525982,-6.8440075,-1.7721728,-5.340687,-3.7443635,-5.954477,-2.7702637,-7.240293,-1.7111791,-3.4225957,1.3626084,-2.7261016,0.8522342
1766-70-2.wav,Timber_Cutting,3079.0358292445712,0.08107729311342593,0.19410859,-83.052574,46.990314,-4.481474,40.818195,3.659608,49.69589,3.8762937,2.892478,8.143078,-4.874802,-5.175915,-9.658571,-9.545323,-8.4001665,-9.246475,-7.0339956,-10.247014,1.7162225,-6.167197,4.2541304
1766-71-2.wav,Timber_Cutting,2226.115979859476,0.05918149594907408,0.26940954,-56.92608,73.13758,-15.150923,19.32686,-14.156389,-11.098298,-17.501612,0.6713115,-10.72539,-3.3350158,-1.954321,-8.271272,-8.684352,-1.1903554,-15.474415,-9.521193,-8.956819,-5.3009768,-9.347652,-1.5062182
1766-72-2.wav,Timber_Cutting,3081.4854262667877,0.16691306785300927,0.008245969,-316.02203,71.292465,-16.754814,-18.154367,-11.074223,-7.9701867,-6.2000947,-6.8223166,-7.0177712,-3.88961,-7.5036554,-1.5886759,1.0952629,1.5775406,-5.621564,0.63359994,-12.7432785,-3.5515363,-4.3678646,1.534732
1766-73-2.wav,Timber_Cutting,3630.035195561123,0.25282570167824076,0.091815844,-70.50059,45.800285,-7.313764,30.370615,-13.690006,8.859231,-7.559293,-14.40932,0.42668507,-3.3243961,-5.188288,-1.0570661,-7.889813,-5.780247,-8.652177,0.45619032,-2.2992938,3.7346604,1.1978066,2.950931
1766-74-2.wav,Timber_Cutting,2566.9344950794707,0.12462022569444445,0.08816527,-124.00368,79.005226,-8.539495,33.018085,-5.1719847,2.314182,-14.75569,1.5512787,4.219402,-4.876431,-11.266862,-2.9723177,-3.2484698,4.056458,-6.206994,-0.6851788,-4.50102,1.2406325,3.9843118,7.155742
1766-75-2.wav,Timber_Cutting,4476.061419898034,0.31160029658564814,0.07237977,-207.28685,4.7377152,-4.2534785,2.0190544,-15.592826,-0.023776583,0.70977145,7.3107176,-12.865673,-16.702465,1.9893082,1.0637184,-2.0635345,8.548151,-2.8318088,-2.0698416,-3.687049,0.06714729,-3.7361212,2.8799322
1766-76-2.wav,Timber_Cutting,2488.786977772628,0.1275612160011574,0.1661423,-38.041084,93.744514,1.6347699,13.429895,-16.98788,4.6207128,-14.036659,2.5107987,-2.31084,-1.1423341,-2.4913425,-0.967232,-4.659518,-0.058406115,-5.6404133,-0.4294905,-5.818469,-3.3219805,-3.2146163,0.5488631
1766-77-2.wav,Timber_Cutting,2687.224871291982,0.12848352502893517,0.054935925,-148.12604,87.752426,5.53843,15.769554,-5.1691113,16.01913,-12.0259695,-3.9668765,2.5522234,-1.1263629,-5.219513,-6.2775836,-9.955165,7.3219857,-1.7383416,-3.380641,-3.8091862,-0.45307714,-2.896815,2.3858476
1766-78-2.wav,Timber_Cutting,3367.193149463478,0.19041612413194445,0.056398854,-174.8529,48.596626,-12.458001,8.709816,0.64287716,7.358869,1.9259549,11.807825,4.341286,11.847068,4.015133,7.03731,3.7315433,6.7222495,1.034964,4.5885887,-0.39292645,3.6612794,0.9364815,3.5641534
1766-79-2.wav,Timber_Cutting,3011.5096835482527,0.1756659613715278,0.108112924,-64.37824,66.53863,-16.191013,0.27033532,-9.45485,11.596467,-12.58795,0.16041,-5.434048,-6.755325,-6.544204,-8.023189,-11.817279,4.151839,-1.6245021,-8.366827,-5.3231926,-5.3959103,-5.16174,-0.56970775
1766-8-2.wav,Timber_Cutting,2715.9492048786888,0.1546088324652778,0.07019004,-146.72508,72.81623,-19.84743,27.740917,-1.8260236,14.206569,-5.601487,8.028023,-3.5915759,-0.17634116,-3.6342714,-0.8330939,-4.7539425,-0.4880258,-2.9300985,3.781389,-1.3839973,7.194527,-1.6519109,-1.1510347
1766-9-2.wav,Timber_Cutting,3316.640742674785,0.2157660590277778,0.05567746,-253.34186,51.287907,-24.75542,13.092156,14.145452,2.2859862,-10.055486,-10.260564,-5.2025385,-3.5989776,-14.308637,-1.0021157,-0.14440727,12.353719,-5.626416,-4.0287867,-7.204991,-8.216423,-8.155302,-5.7893667
7_10702.wav,Timber_Cutting,3258.8023301145577,0.19660780164930555,0.012969394,-330.3682,61.774055,-15.530776,2.268532,-11.31344,-10.552645,-11.177614,-2.496776,-6.583578,-2.051287,-3.523876,-1.3548499,-2.6494846,0.71291506,-2.6901958,2.7613864,-2.7423508,3.6653764,-1.276021,3.8303497
7_10703.wav,Timber_Cutting,4457.444955567137,0.3366654007523148,0.04231443,-167.86911,11.238133,-3.1673121,22.926582,4.705432,12.110926,4.3374634,4.8771973,-3.5085833,-2.8173392,-5.7860994,4.125714,-7.146661,0.23910777,-6.1417046,-0.64310306,-2.3068347,0.03568748,-1.8411019,0.1793534
7_10704.wav,Timber_Cutting,4376.588215317857,0.3289161964699074,0.044653725,-158.49968,12.786202,-5.633229,23.645346,6.077959,12.000353,3.530688,5.600702,-4.6894937,-3.991487,-5.624532,5.525118,-7.282389,-0.48701808,-6.0199766,-0.56976384,-3.308279,0.24901494,-1.7011312,0.062030368
7_10705.wav,Timber_Cutting,4344.637383278231,0.31843849464699076,0.04077974,-189.24313,12.031442,-7.7763286,24.422585,7.809074,12.716881,2.5728986,5.1281605,-5.313964,-4.9191566,-5.265398,6.769907,-6.968988,-0.9101115,-4.721978,-0.06646054,-3.331068,0.97200865,-1.0918441,-0.11358738
7_10707.wav,Timber_Cutting,3210.285067993212,0.21431929976851852,0.01190482,-308.1471,59.843685,-15.753205,12.480294,-10.712927,7.892739,-9.3893175,-0.16949308,-7.0567775,-1.4247695,-7.5359983,-2.9596698,-8.636782,-1.250274,-5.1434484,-3.7596493,-5.334626,-2.9134054,-6.8868556,-2.251818
7_10713.wav,Timber_Cutting,1998.6713795246808,0.15452745225694445,0.03383264,-225.29987,132.69395,-96.83029,30.685741,-15.8155155,-7.3084493,-3.0829256,-11.228404,-1.1338373,-4.9095187,-5.1481957,1.4543121,-9.060565,1.6669255,-7.3718667,0.15557225,-5.067457,-2.7150614,-4.4909983,-0.9718015
7_10714.wav,Timber_Cutting,2119.0077634043428,0.16005452473958334,0.029398862,-248.08035,124.359436,-92.64556,29.920187,-14.552973,-5.7413535,-1.4267396,-10.155262,-0.291244,-3.8767655,-4.369837,1.9447608,-8.536033,2.0353153,-6.884668,0.72509295,-4.773807,-2.4246078,-4.3089476,-0.8345455
7_10715.wav,Timber_Cutting,2917.217492473396,0.18552200882523148,0.04590693,-166.80638,54.29263,-42.25659,16.320292,-1.7368633,8.978078,-6.1852956,8.816633,-4.4996095,7.9717236,-0.32747304,7.540104,-1.317274,6.0526986,-1.3385631,3.6205444,-3.1561024,2.4731033,-2.2000334,1.3093482
7_10716.wav,Timber_Cutting,3084.6632249642917,0.21006718388310186,0.04722609,-154.52235,49.642136,-48.750484,14.063951,-5.6294627,6.387342,-8.303244,8.494431,-5.063506,7.6673303,-0.7821384,7.4073486,-1.1277912,5.916354,-1.2616103,4.006676,-3.7236814,1.9894243,-2.7178595,0.3967983
7_10718.wav,Timber_Cutting,3494.868251947553,0.21852168330439814,0.042475533,-171.77582,46.55673,-6.3855176,30.696632,-8.999249,32.41034,-3.547234,14.38722,1.7919238,9.466423,2.5931928,6.2653494,-0.068746,5.7869296,-6.919705,4.600184,-6.526027,5.1140876,-2.1374838,8.93448
7_10719.wav,Timber_Cutting,3332.6912022231413,0.1960991753472222,0.03569817,-194.17198,51.554977,-6.2779336,34.31512,-6.5369716,34.24758,-5.1355762,14.94486,2.606005,8.7113695,2.2960918,7.3053713,0.39705777,7.5095067,-5.467205,6.008022,-5.5616093,4.8488374,-1.9542555,9.368477
7_10720.wav,Timber_Cutting,3063.0102636452775,0.15518753616898148,0.030459031,-222.80516,59.85081,-3.8694932,38.893497,-3.8580883,35.715446,-6.92206,15.301728,4.257333,8.96779,2.8616922,9.212205,0.27656406,8.015485,-5.2354918,6.475125,-5.8416996,4.0667615,-1.0269392,10.265033
7_10721.wav,Timber_Cutting,2604.9424142191447,0.1397998951099537,0.09472143,-105.73746,91.216446,-5.083469,-4.154858,0.93272007,16.964956,-3.0006483,8.253257,-4.3015437,11.598743,-14.983434,8.53978,-2.3280108,2.4931579,-7.038999,3.103055,-4.2541494,-4.24291,5.027656,-3.7521002
7_10722.wav,Timber_Cutting,2804.801476015757,0.16395399305555555,0.10341406,-81.034706,81.820244,-14.334407,-5.613553,-0.8191038,18.625765,-3.7182448,8.866648,-3.1076996,11.964756,-15.21402,9.779008,-1.9040225,1.7376914,-6.5358243,2.9163728,-4.387153,-3.5261972,3.8138433,-3.0395834
7_10723.wav,Timber_Cutting,2931.321586270321,0.17911331741898148,0.10582587,-66.361855,75.925835,-19.697065,-4.7470794,-1.5225011,20.02063,-4.554246,8.982651,-2.5422456,12.179143,-15.531765,10.208178,-1.527375,1.3002464,-6.421432,2.919167,-4.4434314,-3.1886415,3.1425114,-2.5023448
7_10724.wav,Timber_Cutting,2855.3180773047184,0.09040662977430555,0.0183621,-359.11407,64.029755,5.0640993,14.050438,1.189829,8.853403,4.1022167,6.740679,2.7352936,6.661738,0.3428469,6.500598,2.351418,4.700367,1.9640045,5.771866,1.8472084,2.8653004,1.6863725,4.4486475
7_10725.wav,Timber_Cutting,3034.8461390181988,0.12595621744791666,0.025631644,-274.03098,73.673515,17.878164,14.337379,-9.387071,9.371678,-1.9522352,1.7369998,2.5383244,2.7958376,-3.4026575,4.6481,-0.8453307,3.1128333,-0.32202053,4.2468805,-0.88931733,2.929337,-1.3067535,2.3049986
7_10726.wav,Timber_Cutting,2924.579919451531,0.12316668475115741,0.024533423,-291.6242,72.863686,11.516319,17.661879,-9.852236,7.1070867,-0.09521032,1.7050896,4.034656,2.9107065,-1.753663,5.344996,0.6553035,4.9854283,-0.21696593,3.8257587,-1.5854408,1.8622307,-1.2021635,2.093706
7_10727.wav,Timber_Cutting,2670.160787085583,0.1059864185474537,0.022485176,-341.7585,73.91868,13.358449,17.831259,-7.630747,5.9717937,2.6880884,4.3563886,6.256986,3.577205,0.22270966,6.4912696,1.8303757,5.679345,1.1267406,3.9682834,-0.6497684,1.3039515,-0.4877395,2.1822736
7_10728.wav,Timber_Cutting,3112.417466502654,0.13170934606481483,0.014885914,-317.79276,73.18541,6.9272957,4.5457773,8.416732,10.258491,5.633844,5.7327485,3.1229312,1.9670448,-1.7806432,0.8928658,-4.070921,1.3715864,-2.5439103,1.790277,-2.5716796,2.9405057,-0.64625764,2.7982066
7_10729.wav,Timber_Cutting,3681.1036288874393,0.19101743344907407,0.012161524,-362.4733,54.397015,8.218022,2.7357686,5.4235606,10.060103,3.6061435,7.474811,5.018482,3.7512343,0.21816275,3.6715214,-0.8394288,1.950297,-1.7428365,2.6983998,-1.7665067,3.6973708,-0.3071528,3.1873367
7_10730.wav,Timber_Cutting,3990.163577880623,0.25974980107060186,0.046977513,-200.23778,36.792656,-9.131928,8.043773,-6.7697406,3.064126,-7.2669535,1.8772811,-6.9449077,3.020415,-2.9789455,5.315797,-0.33202222,5.571488,0.12001864,4.248663,-0.6805485,3.5879385,-0.7719771,1.9570566
7_10731.wav,Timber_Cutting,4006.419858172929,0.27989140263310186,0.05064249,-150.72531,37.480667,-7.1150093,7.5566444,-7.203915,3.820482,-7.913815,2.4446964,-7.078826,3.6542943,-3.6994562,4.26211,-1.7765541,4.5340433,-0.3422504,4.10574,-1.0096828,3.3331852,-1.1581692,2.0364017
7_10732.wav,Timber_Cutting,4129.550229356076,0.2969835069444444,0.051045902,-143.27173,35.098495,-2.790079,7.6676364,-5.425055,5.6890903,-6.5018005,5.368219,-5.5403485,3.9985101,-3.0502062,3.7479532,-2.065708,3.871184,-1.0768455,3.4902537,-0.8170912,3.576961,-0.9888587,2.2904298
7_10733.wav,Timber_Cutting,3338.24343130641,0.17031295211226852,0.11358341,-155.49065,34.844284,-14.273357,9.207862,1.3172259,0.33555505,4.3099494,2.2577305,2.6281886,8.365643,3.797851,9.743681,3.2906034,6.2629304,1.9004754,4.544355,1.3159775,5.120446,0.50152844,5.2656837
7_10734.wav,Timber_Cutting,2578.550314259594,0.2285133644386574,0.0095921755,-502.1026,101.17179,-87.35003,7.533683,10.220007,-6.6842694,9.841083,9.691225,3.0238023,-8.258686,0.14819025,3.2146595,0.9238482,-2.6604755,-7.405705,-2.7376742,-4.1548443,-2.7517202,0.45417023,-1.3527693
7_10735.wav,Timber_Cutting,2446.34887696343,0.16575792100694445,0.010292702,-514.03253,126.241165,-69.909325,16.33064,4.798913,-5.9568257,6.0239596,0.4529043,9.07006,0.29398438,3.7851343,3.1444104,-1.6487666,2.3748322,-2.0918653,-4.236207,-2.4188526,-3.4954035,-1.2888771,-2.1712253
7_10736.wav,Timber_Cutting,2454.6686269197435,0.15393970630787038,0.022780208,-282.3197,94.469376,-36.736813,24.455458,-7.8073363,10.33388,-23.247192,8.240763,-6.5497293,-2.978358,-1.1577086,-1.3973764,-3.3744276,-5.6433544,-1.0022542,-2.7925324,-6.553126,-0.519199,-4.80087,0.98144495
7_10737.wav,Timber_Cutting,3706.794495328966,0.2555948893229167,0.025757909,-197.76044,32.978226,-30.13691,8.487972,-10.966185,0.70506805,-8.074622,6.683852,-7.4470615,12.817591,-1.504312,11.066956,0.909114,6.836947,3.1848145,5.950413,2.5919497,5.4780316,0.6998092,5.5345592
7_10738.wav,Timber_Cutting,4279.929256222511,0.30629701967592593,0.036452062,-184.14883,30.02833,-1.0236268,7.286231,-3.5906286,6.6154947,-5.30718,6.123129,-4.7867227,4.5989676,-2.1747537,3.9625244,-1.6781363,4.0691533,-0.9105677,3.897981,-0.989655,3.892671,-1.270995,2.952223
7_10739.wav,Timber_Cutting,3947.3835181716604,0.22710277416087962,0.02273151,-249.7092,44.257812,11.73567,9.6758175,2.874344,3.6863127,17.729513,4.053479,3.177016,15.075751,-9.308959,13.776304,-2.3509493,0.97095376,5.8393307,2.1261616,-0.024726233,8.950654,-6.1155796,7.8123384
7_10740.wav,Timber_Cutting,1570.6730262663941,0.049223723234953706,0.06847436,-169.74355,127.46642,-12.292283,31.61537,12.481172,15.93502,4.496412,10.697005,2.9726055,8.344861,1.8009131,5.0838585,-0.2814154,3.6901355,0.27240697,4.5689645,-1.1477996,3.480892,-1.1211013,3.6539195
7_10741.wav,Timber_Cutting,3833.7793582062236,0.28977909794560186,0.095589295,-52.34594,34.94027,-28.265837,0.39660934,-10.36873,6.993052,-3.5581722,8.394368,0.7807576,8.04495,0.8620907,6.932791,0.03868449,4.277371,-1.426443,2.5709095,-1.9606277,1.351652,-3.1581044,1.0549933
7_10742.wav,Timber_Cutting,3188.302355647974,0.19779685691550927,0.054580037,-198.5345,52.28391,-14.400274,12.180805,-3.129796,12.311347,1.6699862,9.765313,5.006414,7.738328,3.1601896,7.613852,1.5488726,4.805383,-0.54517645,3.2195728,-0.97881,2.1303499,-2.0227861,1.0535
7_10743.wav,Timber_Cutting,4701.683678724447,0.3793470594618056,0.023423245,-246.58818,15.467871,-8.292875,4.880378,-0.8234359,2.6179414,-3.0197906,2.637636,-4.195722,2.5255892,-1.5414603,1.9680574,-1.5673897,2.034824,-2.4008977,4.0992274,-4.4941015,3.1709368,-4.68643,2.810612
7_10744.wav,Timber_Cutting,3920.579278785735,0.34641972294560186,0.073996514,-266.15912,81.51561,-38.979126,28.525852,-12.939842,7.9491568,-12.561637,5.5912833,-11.866548,2.8973818,-1.9501389,1.6574453,-1.7462245,2.1564548,-1.6172106,2.4762406,1.4027677,1.4853289,1.7540671,1.1911811
7_10745.wav,Timber_Cutting,4510.753144734398,0.2614452220775463,0.012586916,-382.179,22.549028,10.605132,13.440904,6.966328,11.282676,-0.14723577,8.88147,1.8852519,4.616215,0.14635174,0.9595509,-0.6788334,-0.7402531,-3.4185581,0.36906052,-4.075347,1.0684141,-4.558874,-0.45840377
7_10746.wav,Timber_Cutting,4793.260713739948,0.41169117115162035,0.04403117,-292.93665,26.628141,-20.62985,1.7924417,-9.213062,6.8598576,-4.4834633,4.896873,-0.23385556,4.968548,-0.7439937,4.666181,-1.278788,2.312959,-1.7981138,1.2537255,-2.5781145,0.29508406,-3.0172985,0.17635693
7_10747.wav,Timber_Cutting,5075.082598894606,0.4309421115451389,0.0057638013,-476.8101,32.91162,1.2027404,3.9296248,-6.0045114,6.6698647,9.342505,1.9455284,3.325348,3.604422,0.6581562,4.9975305,1.6695453,4.15512,-0.52680755,3.075368,0.15337302,2.4995656,0.65299463,2.164567
7_10748.wav,Timber_Cutting,3417.4330186179945,0.24260344328703703,0.06126902,-128.24687,53.00821,-11.642464,22.909328,-1.6461006,-1.1526685,-8.699371,-3.063115,1.2777902,-0.7836219,-0.9119166,0.7403762,-0.009071545,3.1750414,-0.79537934,4.2175894,-4.7044654,2.4601536,-3.3533819,1.5165544
7_10749.wav,Timber_Cutting,5013.89334232878,0.43033402054398145,0.060937427,-204.35742,11.868193,0.3066179,5.1192646,-8.1077175,-1.1993172,-9.053393,-2.2284348,-6.375356,-1.3687638,-3.7234888,-0.38894895,-0.64715284,0.92913556,-0.7936558,1.7637134,-1.9870317,0.02846981,-2.617015,1.5161982
7_10750.wav,Timber_Cutting,3767.069268333359,0.20474808304398148,0.022546375,-270.55157,47.139454,13.452633,10.854285,3.853798,5.589428,18.775763,3.302352,4.8407774,14.896812,-9.319273,14.074251,-2.780055,0.9223737,7.832458,4.217194,2.4484823,10.214858,-5.569849,8.520607
7_10751.wav,Timber_Cutting,3052.8323371550027,0.19776973017939814,0.10951971,-49.071182,68.15533,-13.482711,21.973177,-2.3702703,0.06492572,-7.8643823,-2.0492086,1.7030907,-1.2843173,-1.2951896,1.4045119,0.5009369,3.180421,-0.7540667,3.4110837,-4.349665,3.0093398,-2.813002,1.5157952
7_10752.wav,Timber_Cutting,1686.1378474614482,0.13087067780671297,0.11922584,-125.93707,173.5226,-114.00288,36.82947,-3.582016,-8.593942,-2.4821258,-11.900016,-5.2960763,-3.028686,-6.3145685,-4.898355,-5.3798084,-7.047868,-8.252208,-6.202032,-3.2369063,-2.6473582,-1.653327,-2.3999434
7_10753.wav,Timber_Cutting,2328.6816125557352,0.1489551685474537,0.052517995,-248.2807,108.4555,-70.57677,49.723137,-14.505206,17.670578,-5.16733,2.7846634,7.941018,-3.9626398,2.9490757,1.4025195,-3.509528,0.96946037,-4.6035767,2.8170261,-2.5464308,-3.0219927,2.6476896,-4.3243256
7_10754.wav,Timber_Cutting,2002.071184242984,0.13152171947337962,0.055155493,-199.33502,127.07966,-77.35631,52.87461,-5.4596553,11.229706,-7.2740717,11.496458,-7.0075855,12.41293,0.32537857,1.8751379,4.0120144,-2.6438315,2.7002108,-7.8298044,2.5213945,-5.8632517,2.4314632,-0.9458785
7_10755.wav,Timber_Cutting,2132.332655107557,0.1557345920138889,0.09740184,-94.63006,136.80408,-102.67099,57.655403,-28.019735,25.761755,-16.761826,0.5445721,2.339935,-9.557918,-0.0764699,-3.9913816,-8.151336,-1.1783564,-11.0757,0.25548723,-5.917939,-6.4712424,1.1685603,-8.586077
7_10756.wav,Timber_Cutting,2063.3660279582564,0.1594826027199074,0.123693235,-92.87553,128.08466,-104.649506,42.119873,-11.490637,-2.0236187,-8.4381,-7.800829,-9.0742035,-0.576701,-8.723158,-3.6999865,-7.2318687,-6.2418427,-9.226086,-5.974311,-4.3455286,-2.7560194,-3.0620158,-2.3711395
7_10757.wav,Timber_Cutting,2344.7835147235805,0.13222023292824073,0.036404423,-262.1176,102.83553,-30.34847,-8.145415,1.8849401,11.464677,-4.446647,-7.1727576,2.2591736,9.4142065,-5.4491863,-2.937422,10.901946,-8.523701,-0.15052412,14.234581,-8.401532,8.848977,-7.185955,6.671676
7_10758.wav,Timber_Cutting,2570.070449848296,0.1361626519097222,0.034754474,-268.64413,91.161285,-18.713594,-2.4049819,0.36472404,8.156074,-3.0726964,-2.2287765,1.8445084,8.105142,-4.7428327,-1.0743371,8.72155,-5.9201527,-0.37159628,11.884413,-6.8277087,8.263005,-6.0001473,6.0338826
7_10759.wav,Timber_Cutting,3086.7619905186993,0.22923448350694445,0.062936,-145.89687,56.923267,-50.6486,3.4055655,-22.413713,-0.22934793,-13.475995,8.692476,-7.3549194,9.246883,0.39575392,1.4055856,2.2932723,-0.60466456,-0.25745475,1.6238787,-2.543678,1.5501688,-4.612615,1.8024752
7_10760.wav,Timber_Cutting,2736.037641007825,0.21942138671875,0.079720445,-135.07799,87.99501,-76.68003,54.80977,-25.126814,22.616518,-13.993956,3.1349254,4.1102777,-6.228475,1.200975,-0.20868386,-7.867799,1.5709022,-9.210376,2.5498035,-6.427471,-4.592022,1.1455554,-6.4983683
7_10761.wav,Timber_Cutting,2019.2468009196325,0.1592701099537037,0.11955768,-105.264046,138.49062,-112.91706,46.08231,-11.933858,-4.4914804,-5.6464815,-10.96226,-7.751815,-1.9185045,-9.117835,-4.421516,-7.70795,-7.446769,-9.121211,-7.358028,-4.3299522,-3.9133239,-3.3384976,-3.2449718
7_10762.wav,Timber_Cutting,1981.8968971247234,0.0963134765625,0.057839666,-156.44513,136.30806,-74.64866,53.349464,-19.923742,14.028121,-14.1775875,17.00683,-12.410219,17.505688,3.0039606,6.2768073,1.3956003,-2.80638,8.638046,-2.0571568,5.2864113,-4.1051865,2.0718737,-5.289226
7_10763.wav,Timber_Cutting,3282.8360705208497,0.2449612087673611,0.056762476,-144.73055,45.901592,-47.466698,5.022787,-15.859395,5.026581,-23.960098,-0.74066174,-10.531893,2.2567995,-8.690377,2.257155,-8.182329,-2.07427,-5.4898825,-0.11714281,-3.8285365,1.6617663,-6.107475,0.93278617
7_10764.wav,Timber_Cutting,2760.3131497421186,0.17921730324074073,0.05980656,-142.4069,71.19766,-50.42382,12.731672,-15.456947,7.1224155,-24.305729,-1.9923345,-14.575804,3.4987397,-6.966221,0.1428176,-6.3463073,0.5281476,-6.024885,-0.68935823,-4.278016,0.6427009,-3.0297225,1.1557788
7_10765.wav,Timber_Cutting,2957.4118317990465,0.1251514576099537,0.043105036,-155.96252,67.40944,-4.190859,35.684353,8.878063,10.713276,9.018525,11.598445,1.9177794,8.362805,1.0681612,3.5958004,-6.3122015,1.5088713,-2.7818782,4.914712,-3.7156546,1.3400682,-3.7779355,3.6519482
7_10766.wav,Timber_Cutting,2132.785302602693,0.06993950737847222,0.064460054,-150.82054,101.29623,12.62538,23.82003,4.2409687,13.400841,4.590311,4.0905643,-1.8564397,2.8838217,-0.75410795,6.0728154,-0.6739731,2.9835227,-1.1556109,4.092708,-0.86196965,2.635584,-2.0935133,2.047291
7_10767.wav,Timber_Cutting,2011.3286605791234,0.05120849609375,0.022178905,-448.52155,83.19253,52.988518,33.934624,15.030932,19.495674,5.366115,10.689473,1.092311,5.6922054,-1.0626686,4.23466,0.69225365,2.6196291,0.15533915,3.410071,0.28015652,2.377424,-0.50429505,2.6290653
7_10768.wav,Timber_Cutting,2346.631776602443,0.14189543547453703,0.09341249,-84.24217,100.86621,-27.731428,16.272326,-8.127418,4.746453,-7.91894,1.6111368,-6.966892,1.3627439,-4.4159613,1.2824874,-4.844507,-0.3948407,-2.8227537,3.3341904,-3.110924,1.6143593,-2.8720229,0.61971635
7_10769.wav,Timber_Cutting,2027.083230608648,0.14144332320601852,0.070765845,-178.4573,128.38222,-48.715096,33.080753,-13.319855,10.395158,-14.873854,11.622406,-7.301299,3.324863,5.2066135,2.4375143,-0.51142687,9.152712,-1.1844398,7.1717224,3.6454904,4.3599315,4.5461545,5.794624
7_10770.wav,Timber_Cutting,3959.5908593841314,0.24827971281828703,0.02590414,-243.6463,35.554024,-4.2809563,13.320591,-3.9541464,7.3109627,-2.0414128,12.132068,-1.4347384,5.8549275,1.6091013,7.7865925,-2.500972,0.43585774,-3.3834994,1.2448503,-3.5935276,-0.5583028,-0.43621162,3.750447
7_10771.wav,Timber_Cutting,2888.451060184603,0.1743141456886574,0.10540501,-70.20287,77.86039,-18.401003,-5.047463,-1.2632108,19.65845,-4.417155,8.927194,-2.71914,12.108787,-15.45392,10.18842,-1.6864508,1.4394438,-6.394534,3.0004058,-4.3688526,-3.1625738,3.2586277,-2.714844
7_10772.wav,Timber_Cutting,2926.413716923688,0.1584743923611111,0.0063396115,-372.09183,74.08371,-14.326224,8.796776,-12.909889,-4.173754,-11.818724,-0.9604492,-9.23577,-6.024415,-0.44816807,-4.3611355,-8.22581,-3.8579493,-8.964672,-1.4287864,-7.2511086,-1.0419424,-2.429767,4.7500415
7_10773.wav,Timber_Cutting,2626.396768630103,0.15833423755787038,0.051954538,-136.55025,90.55071,-17.941952,-3.0361114,-10.696438,-0.17273246,-7.7747846,-2.2032967,-6.6117644,2.8297617,-3.8124206,0.6885615,-5.1199555,1.2637801,-2.1313396,0.9399985,-3.2246113,0.18914057,-6.906513,-2.5113113
7_10774.wav,Timber_Cutting,2589.4049529376457,0.1356788917824074,0.03474866,-271.56677,90.130035,-18.111921,-1.95103,0.5081821,8.151149,-2.795801,-1.884654,1.9775469,8.134023,-4.7470818,-1.0226228,8.63817,-5.682916,-0.30194283,11.861046,-6.633414,8.329766,-5.961752,5.8683295
7_10775.wav,Timber_Cutting,3245.5638511516554,0.21035201461226852,0.033934306,-254.71425,59.637745,-10.679907,14.33513,-6.780405,2.302123,-2.82926,6.241045,4.219623,5.323791,-3.2314515,1.3094157,4.1503882,-2.060784,-5.2944674,3.5876758,-8.125049,-0.1484142,-7.832691,1.2514964
